"flux","G variance","E variance","G-by-E varicane","residual","G%","E%","GxE%","e%","h2"
"X1","22.2518617206331","37.3393639344832","66.000617715068","26.6955916714881","0.146117515962785","0.245190050802718","0.433395031553374","0.175297401681124","0.245904199758512"
"X2","88.9944674182609","149.353917528958","264.093345170024","106.698147438668","0.146098573902826","0.24518821215288","0.43355123330566","0.175161980638633","0.245878054384779"
"X3","356.018324650399","597.245427542062","1056.20194918013","426.949537020531","0.146123829403235","0.245132856719432","0.433506543768263","0.17523677010907","0.245928863724323"
"X4","59.5204400923469","64.1475401544326","247.945950924647","96.4189863373707","0.127171482743472","0.137057753321863","0.52976177881759","0.206008985117074","0.24960733653338"
"X5","16.3472409176578","27.4262699049683","48.4993279152037","19.6057830709748","0.146115858895674","0.245143079719363","0.433499511623291","0.175241549761671","0.245914827720095"
"X6","16.8400554203632","59.9326385265678","14.0054725627843","14.4336449351191","0.160058601682692","0.569637930414231","0.133116922619736","0.137186545283341","0.195241587056142"
"X7","47.6193629053821","38.0635453473086","282.674135264047","52.2495533234322","0.113215920204593","0.0904967863872394","0.672063009443152","0.124224283965016","0.241325584597396"
"X8","6.84071589917377","1.82681364255379","28.7331877566246","10.8065157622025","0.14190227202173","0.0378950113203774","0.596034784251814","0.224167932406079","0.313113060685"
"X9","1787.88390254427","2510.81006020506","3.61691597390633","2025.04754050989","0.282564031319876","0.396818054841497","0.000571631277108007","0.320046282561519","0.359379756529403"
"X10","6.90944332795657","13.9710282421698","16.1842557209524","9.24220406407547","0.149209699838759","0.301704903203756","0.349499637469521","0.199585759487964","0.235367665026942"
"X11","6.90944332795657","13.9710282421698","16.1842557209524","9.24220406407547","0.149209699838759","0.301704903203756","0.349499637469521","0.199585759487964","0.235367665026942"
"X12","1.62485670052754","3.08284053132118","4.33824997665725","1.93669127460937","0.147947754360265","0.280701266463494","0.395009813290937","0.176341165885304","0.23897255751537"
"X13","1.55257925032192","2.84531662531808","4.2342520424358","1.96587494725747","0.146497065542338","0.268476173478099","0.39953226146419","0.185494499515373","0.240166147972551"
"X14","6.35401564501222","11.8514205033316","16.165145547313","8.78320573122586","0.147241204628403","0.274632221410739","0.374593900354686","0.203532673606172","0.239579318270995"
"X15","1.52338149134211","2.75242211512942","4.20897189420113","1.96058139126765","0.145842933573439","0.263506756504721","0.402951468077533","0.187698841844307","0.240572359288268"
"X16","14.0994599563179","26.027620621389","36.044340162004","19.8842966062086","0.146784182617078","0.270963783734573","0.375244089138388","0.207007944509961","0.239909301897873"
"X17","0.0105510281693135","0.100444498980042","0.0115788308116015","0.0139422764879387","0.0772874910951839","0.735767471748235","0.0848162632952688","0.102128773861312","0.0882912291742357"
"X18","0.0105510281693135","0.100444498980042","0.0115788308116015","0.0139422764879387","0.0772874910951839","0.735767471748235","0.0848162632952688","0.102128773861312","0.0882912291742357"
"X19","0.0105510281693135","0.100444498980042","0.0115788308116015","0.0139422764879387","0.0772874910951839","0.735767471748235","0.0848162632952688","0.102128773861312","0.0882912291742357"
"X20","0.00265325559329315","0.0248723868389381","0.00245143503962617","0.00381051387184889","0.0785275152141728","0.736139684712125","0.0725543000295227","0.112778500044179","0.0895977878111378"
"X21","0.00263773738173233","0.0251107541602393","0.00286699511137045","0.0035132632073974","0.0772878406767161","0.735765425417057","0.0840052777517216","0.102941456154506","0.0882917426190651"
"X22","1e-10","1.75280779239829e-06","4.59575340988738e-06","1.38913752410072e-06","1.29235721341515e-05","0.226525379423621","0.593935507034522","0.179526189969723","2.66818117108142e-05"
"X23","1e-10","1.75280779239829e-06","4.59575340988738e-06","1.38913752410072e-06","1.29235721341515e-05","0.226525379423621","0.593935507034522","0.179526189969723","2.66818117108142e-05"
"X24","1691.31770428518","2861.86936403956","320.817175100501","1635.52971621064","0.259821626981693","0.43964274275015","0.0492842002345812","0.251251430033576","0.324922065471332"
"X25","0.0424205164219156","0.117766933805208","0.0355385658509274","0.0345472482889295","0.184218157233882","0.511422522840194","0.154332140765984","0.150027179159941","0.231112273491483"
"X26","0.0372482384022655","0.127590919580151","0.0293878207855431","0.0321291615564707","0.164555900047061","0.563673330872661","0.129830013638783","0.141940755441495","0.200967249318564"
"X27","0.0371629679351355","0.127651535895453","0.0284333981549471","0.032970961475024","0.164278819929686","0.564283340225112","0.125689775467837","0.145748064377365","0.200574490967132"
"X28","0.0371629679351355","0.127651535895453","0.0284333981549471","0.032970961475024","0.164278819929686","0.564283340225112","0.125689775467837","0.145748064377365","0.200574490967132"
"X29","0.00389609065959688","0.0202408278515289","0.00519650960464632","0.00493437592829291","0.113695369991812","0.590666032334643","0.151644079613742","0.143994518059803","0.141604550476528"
"X30","0.00389609065959688","0.0202408278515289","0.00519650960464632","0.00493437592829291","0.113695369991812","0.590666032334643","0.151644079613742","0.143994518059803","0.141604550476528"
"X31","0.00245680923668407","0.0229293481621194","1.07347323500925e-09","0.00700131152997551","0.0758567815427764","0.707969722875078","3.31447079668341e-08","0.216173462437438","0.0886297111974332"
"X32","5.86259549326957e-05","7.2055716573553e-05","7.77236794616613e-05","6.43627584738407e-05","0.21492965234345","0.264164739496207","0.284944158687506","0.235961449472836","0.329278240384378"
"X33","0.00266079572832323","0.0219364071784785","0.00129113733278815","0.00621845989620505","0.0828732765977755","0.683232433182348","0.0402138278286007","0.193680462391276","0.098182887839793"
"X34","1.48413083115834e-08","3.94577438057745e-07","8.62285986908641e-07","2.69107568938299e-07","0.00963213253829555","0.256084039237092","0.559630777654325","0.174653050570287","0.0188688698763457"
"X35","1.48413083115834e-08","3.94577438057745e-07","8.62285986908641e-07","2.69107568938299e-07","0.00963213253829555","0.256084039237092","0.559630777654325","0.174653050570287","0.0188688698763457"
"X36","0.00791474221816852","0.0349007054879221","0.00608892497385917","0.00685171228199876","0.141952976497005","0.625953301989201","0.10920646559052","0.122887255923274","0.16793785815126"
"X37","0.00791474221816852","0.0349007054879221","0.00608892497385917","0.00685171228199876","0.141952976497005","0.625953301989201","0.10920646559052","0.122887255923274","0.16793785815126"
"X38","12.1844967166044","70.3503154900452","1.45438168844075e-07","34.5686934193617","0.104048949144058","0.600753282547729","1.2419625517269e-09","0.295197767066251","0.129542774416119"
"X39","0.287572671211861","1.14310763429392","0.237612000027126","0.253238756574827","0.149658091343276","0.594894174148838","0.123657641925647","0.131790092582239","0.180375821280714"
"X40","0.287572671211861","1.14310763429392","0.237612000027126","0.253238756574827","0.149658091343276","0.594894174148838","0.123657641925647","0.131790092582239","0.180375821280714"
"X41","0.287572671211861","1.14310763429392","0.237612000027126","0.253238756574827","0.149658091343276","0.594894174148838","0.123657641925647","0.131790092582239","0.180375821280714"
"X42","2.10500825423912","15.3885259963871","16.4220734191089","9.09482964472494","0.0489418007738187","0.357785852858871","0.381816006636785","0.211456339730526","0.080964444909791"
"X43","2.10500825423912","15.3885259963871","16.4220734191089","9.09482964472494","0.0489418007738187","0.357785852858871","0.381816006636785","0.211456339730526","0.080964444909791"
"X44","0.409763757471961","1.23161678847176","3.96690524998205","1.33179779747458","0.059043057905185","0.177464258448264","0.57159329518082","0.191899388465731","0.120249432546404"
"X45","20.8530701189362","25.2511589040562","114.690201423944","32.1630280982516","0.108070816625379","0.130863865509209","0.594380762934256","0.166684554931156","0.219378287225315"
"X46","0.108158070797256","0.480121601408569","0.0951709661387597","0.0977307466147885","0.138454490697933","0.614609629277762","0.121829536611026","0.125106343413279","0.165739113215474"
"X47","0.108158070797256","0.480121601408569","0.0951709661387597","0.0977307466147885","0.138454490697933","0.614609629277762","0.121829536611026","0.125106343413279","0.165739113215474"
"X48","0.000996604424150657","0.0145619697635295","0.000104051105624308","0.00521844395326721","0.0477276528506452","0.697376632948063","0.00498303532235982","0.249912678878932","0.0574983799289097"
"X49","0.000996604424150657","0.0145619697635295","0.000104051105624308","0.00521844395326721","0.0477276528506452","0.697376632948063","0.00498303532235982","0.249912678878932","0.0574983799289097"
"X50","0.000996604424150657","0.0145619697635295","0.000104051105624308","0.00521844395326721","0.0477276528506452","0.697376632948063","0.00498303532235982","0.249912678878932","0.0574983799289097"
"X51","0.000996604424150657","0.0145619697635295","0.000104051105624308","0.00521844395326721","0.0477276528506452","0.697376632948063","0.00498303532235982","0.249912678878932","0.0574983799289097"
"X52","0.000996604424150657","0.0145619697635295","0.000104051105624308","0.00521844395326721","0.0477276528506452","0.697376632948063","0.00498303532235982","0.249912678878932","0.0574983799289097"
"X53","0.000160290210981989","0.00340245450107004","6.03549187243976e-08","0.00116990824751294","0.0338685655206385","0.718922587315269","1.27527096432592e-05","0.247196094454449","0.04055172976434"
"X54","0.000160290210981989","0.00340245450107004","6.03549187243976e-08","0.00116990824751294","0.0338685655206385","0.718922587315269","1.27527096432592e-05","0.247196094454449","0.04055172976434"
"X55","0.000149170275529421","0.00334246679525763","1.9639055785346e-08","0.00115136054024706","0.032127874503704","0.719891099950773","4.2298046135766e-06","0.247976795740909","0.0384912790771033"
"X56","1.54362148107458","10.6013311596247","2.81770548805311","5.93387970208793","0.0738697239499844","0.507324765731223","0.134840781322855","0.283964728995938","0.10248349115953"
"X57","2.45052174960897","17.4452656994893","13.4745428040974","13.0384830354487","0.0528029392686191","0.375904154044765","0.290344480913379","0.280948425773237","0.0852845956202919"
"X58","2.4467110430161","17.3266681577467","12.9056692902639","13.5558861616296","0.0529190981104919","0.374752733791336","0.279132421992564","0.293195746105608","0.0855675945263995"
"X59","0.611737922015855","4.33155178788476","3.2266212215392","3.38876886529686","0.0529245495829519","0.374744509239513","0.279151363155692","0.293179578021843","0.0855766651042533"
"X60","15.3027286192806","108.587940724645","82.810058291947","82.7016829373718","0.0528769908618562","0.375214361585847","0.286141563672251","0.285767083880046","0.0854608612434557"
"X61","1.26659910980334","9.76011078251543","18.8611447333026","6.40235137266401","0.0349019542590412","0.268946138883217","0.519730991171385","0.176420915686356","0.0651278914949131"
"X62","1.26659910980334","9.76011078251543","18.8611447333026","6.40235137266401","0.0349019542590412","0.268946138883217","0.519730991171385","0.176420915686356","0.0651278914949131"
"X63","1.26745554277305","9.76931592482974","18.8718945491123","6.39348059699082","0.0349140659989104","0.269111246472167","0.51985616029624","0.176118527232683","0.0651361321416725"
"X64","0.316840965072892","2.44196289820698","4.7176292821156","1.59884806612149","0.034912523115075","0.26907848267093","0.519832848389172","0.176176145824823","0.0651360329851144"
"X65","0.379644576361052","2.92173048732467","4.16320424225663","2.32866768150055","0.0387659554433621","0.298341345936743","0.425109695241504","0.237783003378391","0.0694641332947107"
"X66","0.243085058362026","1.76725396882565","4.74546797181106","1.29563694971025","0.0301914861372169","0.219495283092547","0.589393405958191","0.160919824812045","0.0604082012176284"
"X67","0.243085058362026","1.76725396882565","4.74546797181106","1.29563694971025","0.0301914861372169","0.219495283092547","0.589393405958191","0.160919824812045","0.0604082012176284"
"X68","0.243085058362026","1.76725396882565","4.74546797181106","1.29563694971025","0.0301914861372169","0.219495283092547","0.589393405958191","0.160919824812045","0.0604082012176284"
"X69","0.243085058362026","1.76725396882565","4.74546797181106","1.29563694971025","0.0301914861372169","0.219495283092547","0.589393405958191","0.160919824812045","0.0604082012176284"
"X70","0.265854444140781","2.00410032887687","4.74517597939579","1.41644525435725","0.0315308127362305","0.237689884698607","0.562786361124579","0.167992941440583","0.0614858898909859"
"X71","0.265854444140781","2.00410032887687","4.74517597939579","1.41644525435725","0.0315308127362305","0.237689884698607","0.562786361124579","0.167992941440583","0.0614858898909859"
"X72","0.265854444140781","2.00410032887687","4.74517597939579","1.41644525435725","0.0315308127362305","0.237689884698607","0.562786361124579","0.167992941440583","0.0614858898909859"
"X73","0.265854444140781","2.00410032887687","4.74517597939579","1.41644525435725","0.0315308127362305","0.237689884698607","0.562786361124579","0.167992941440583","0.0614858898909859"
"X74","10.0476650281995","10.4239426472463","69.6300612833592","12.1978513844079","0.0982181049773233","0.101896300317677","0.68064895172286","0.119236642982141","0.210432975456214"
"X75","10.0476650281995","10.4239426472463","69.6300612833592","12.1978513844079","0.0982181049773233","0.101896300317677","0.68064895172286","0.119236642982141","0.210432975456214"
"X76","1.55257925032192","2.84531662531808","4.2342520424358","1.96587494725747","0.146497065542338","0.268476173478099","0.39953226146419","0.185494499515373","0.240166147972551"
"X77","0.00100459332254151","0.00467332122972553","0.000845800524464231","0.000901294350597096","0.13529859219357","0.629402733486773","0.113912383915796","0.121386290403862","0.160471001468413"
"X78","0.00100459332254151","0.00467332122972553","0.000845800524464231","0.000901294350597096","0.13529859219357","0.629402733486773","0.113912383915796","0.121386290403862","0.160471001468413"
"X79","0.00100459332254151","0.00467332122972553","0.000845800524464231","0.000901294350597096","0.13529859219357","0.629402733486773","0.113912383915796","0.121386290403862","0.160471001468413"
"X80","0.00100459332254151","0.00467332122972553","0.000845800524464231","0.000901294350597096","0.13529859219357","0.629402733486773","0.113912383915796","0.121386290403862","0.160471001468413"
"X81","0.00100059772199067","0.00463872300524415","0.00082924248785103","0.000911002087820589","0.135590333701171","0.628590277996075","0.112370099567306","0.123449288735448","0.160883261987936"
"X82","0.00100059772199067","0.00463872300524415","0.00082924248785103","0.000911002087820589","0.135590333701171","0.628590277996075","0.112370099567306","0.123449288735448","0.160883261987936"
"X83","0.00100059772199067","0.00463872300524415","0.00082924248785103","0.000911002087820589","0.135590333701171","0.628590277996075","0.112370099567306","0.123449288735448","0.160883261987936"
"X84","0.000173047595017905","0.00076677742197457","0.000130589569032463","0.000166812987593128","0.139867231144757","0.619754553103159","0.105550160550153","0.134828055201931","0.166558604607177"
"X85","0.0705670258692155","0.312358731101961","0.0710420160547576","0.056236957693583","0.138311194742742","0.612222334084313","0.139242174322003","0.110224296850942","0.165902622625967"
"X86","2.76054102523333","5.6720325840444","7.48020040803056","3.27200669175963","0.143892237659434","0.295652719207963","0.389902836079588","0.170552207053014","0.22972648079427"
"X87","1.84423084191771","1.86410116078607","7.34298457392768","2.26995720258994","0.138442529782276","0.139934152820559","0.551222405276387","0.170400912120779","0.266790872998664"
"X88","7.00462489221025","24.9038471095705","7.35436003318386","7.08597155726484","0.151128494142718","0.537313699155456","0.158674215150978","0.152883591550847","0.190747806239492"
"X89","0.00797503084828298","0.0351788223020149","0.00796932414288161","0.00840819569049933","0.133963496028715","0.590929127598981","0.13386763555859","0.141239740813714","0.164051313696333"
"X90","0.00797503084828298","0.0351788223020149","0.00796932414288161","0.00840819569049933","0.133963496028715","0.590929127598981","0.13386763555859","0.141239740813714","0.164051313696333"
"X91","0.00797503084828298","0.0351788223020149","0.00796932414288161","0.00840819569049933","0.133963496028715","0.590929127598981","0.13386763555859","0.141239740813714","0.164051313696333"
"X92","0.00797503084828298","0.0351788223020149","0.00796932414288161","0.00840819569049933","0.133963496028715","0.590929127598981","0.13386763555859","0.141239740813714","0.164051313696333"
"X93","0.000160290210981989","0.00340245450107004","6.03549187243976e-08","0.00116990824751294","0.0338685655206385","0.718922587315269","1.27527096432592e-05","0.247196094454449","0.04055172976434"
"X94","0.000160290210981989","0.00340245450107004","6.03549187243976e-08","0.00116990824751294","0.0338685655206385","0.718922587315269","1.27527096432592e-05","0.247196094454449","0.04055172976434"
"X95","0.000366338913085451","0.00400972210726917","0.000118135577807967","0.00142243990882422","0.0619167516295535","0.677702965618082","0.0199666783092833","0.240413604443081","0.0749222734618513"
"X96","0.106940668761049","0.387485767308059","0.0780029661315657","0.097498927202638","0.159630014237939","0.578398838056577","0.116434792660643","0.145536355044842","0.193408272281482"
"X97","0.0374405044089574","0.145139965628679","0.0241282571445697","0.035969599566196","0.154280379754612","0.598075516562934","0.0994248537471778","0.148219249935276","0.184788182267032"
"X98","0.0374405044089574","0.145139965628679","0.0241282571445697","0.035969599566196","0.154280379754612","0.598075516562934","0.0994248537471778","0.148219249935276","0.184788182267032"
"X99","0.0513886110251618","0.242416579333425","0.0624453461319228","0.0339846168212039","0.131686268110534","0.621206411765233","0.160019787048868","0.0870875330753648","0.15765867686719"
"X100","0.173303610906318","0.535815254876667","0.142945564160031","0.142180589746692","0.174306742778962","0.538916709931208","0.143772974799152","0.143003572490677","0.215508621750081"
"X101","0.0424205164219156","0.117766933805208","0.0355385658509274","0.0345472482889295","0.184218157233882","0.511422522840194","0.154332140765984","0.150027179159941","0.231112273491483"
"X102","8.13668263602112e-05","0.000356344782612844","6.50309164653375e-05","7.35037370479328e-05","0.141201482173851","0.61838975072103","0.11285264772868","0.127556119376439","0.168151554035509"
"X103","8.13668263602112e-05","0.000356344782612844","6.50309164653375e-05","7.35037370479328e-05","0.141201482173851","0.61838975072103","0.11285264772868","0.127556119376439","0.168151554035509"
"X104","2.95412428500232e-08","1.14503793579911e-07","1.90356594669094e-08","2.83797583701692e-08","0.154294227302024","0.598054538302843","0.0994234529516057","0.148227781443527","0.184805820318953"
"X105","2.84157353212354e-07","1.10159020606611e-06","1.83067129664072e-07","2.73069173078639e-07","0.154275391120772","0.598077994373266","0.0993912447135428","0.148255369792419","0.184782577634721"
"X106","0.412147412809263","1.84596422225843","0.442929294461037","0.318591149926141","0.13648928146361","0.611320907211874","0.14668319941183","0.105506611912686","0.164074571640367"
"X107","0.412147412809263","1.84596422225843","0.442929294461037","0.318591149926141","0.13648928146361","0.611320907211874","0.14668319941183","0.105506611912686","0.164074571640367"
"X108","0.00024707284719766","0.00112679883286465","0.000206792322416843","0.000223437994082096","0.136950597953219","0.624576013447361","0.114623409768962","0.123849978830457","0.162839130838278"
"X109","0.00024707284719766","0.00112679883286465","0.000206792322416843","0.000223437994082096","0.136950597953219","0.624576013447361","0.114623409768962","0.123849978830457","0.162839130838278"
"X110","0.00024707284719766","0.00112679883286465","0.000206792322416843","0.000223437994082096","0.136950597953219","0.624576013447361","0.114623409768962","0.123849978830457","0.162839130838278"
"X111","0.00024707284719766","0.00112679883286465","0.000206792322416843","0.000223437994082096","0.136950597953219","0.624576013447361","0.114623409768962","0.123849978830457","0.162839130838278"
"X112","0.287572671211861","1.14310763429392","0.237612000027126","0.253238756574827","0.149658091343276","0.594894174148838","0.123657641925647","0.131790092582239","0.180375821280714"
"X113","0.0463829087100506","0.165073045169079","0.0362652497562121","0.0389389950063185","0.161804495112457","0.575849196893318","0.126509539615388","0.135836768378837","0.196102305706655"
"X114","0.294355950878721","0.129022348422855","0.000643923839137132","0.309213781498533","0.401447758997521","0.175962919996454","0.000878194517267253","0.421711126488758","0.558906320715658"
"X115","0.00311442141417748","0.0141903842081841","0.00262558420927842","0.00279348168712839","0.137055052947522","0.624470359131532","0.115542996584445","0.122931591336501","0.162963486468713"
"X116","0.000630482236030661","0.00221800448745014","0.0010887116154848","0.000987007341926653","0.128037347927436","0.450428887659348","0.221093854732633","0.200439909680582","0.178082554236535"
"X117","0.000630482236030661","0.00221800448745014","0.0010887116154848","0.000987007341926653","0.128037347927436","0.450428887659348","0.221093854732633","0.200439909680582","0.178082554236535"
"X118","0.000630482236030661","0.00221800448745014","0.0010887116154848","0.000987007341926653","0.128037347927436","0.450428887659348","0.221093854732633","0.200439909680582","0.178082554236535"
"X119","0.000630482236030661","0.00221800448745014","0.0010887116154848","0.000987007341926653","0.128037347927436","0.450428887659348","0.221093854732633","0.200439909680582","0.178082554236535"
"X120","0.000512987607853291","0.00248554629611888","0.000772553336342161","0.000749032929013578","0.11348981634034","0.549885003718486","0.170914335770199","0.165710844170975","0.146328355724514"
"X121","0.000489417972958199","0.00243740426924884","0.00085013085490309","0.000633521409535947","0.11096719235554","0.552639917899073","0.192752696704638","0.14364019304075","0.14304724254984"
"X122","0.000489417972958199","0.00243740426924884","0.00085013085490309","0.000633521409535947","0.11096719235554","0.552639917899073","0.192752696704638","0.14364019304075","0.14304724254984"
"X123","0.000489417972958199","0.00243740426924884","0.00085013085490309","0.000633521409535947","0.11096719235554","0.552639917899073","0.192752696704638","0.14364019304075","0.14304724254984"
"X124","0.000962104582452308","0.00439700052670783","0.00113104062175385","0.00123620061499455","0.124522580192355","0.569091822946333","0.146387512430476","0.159998084430835","0.156485938672801"
"X125","0.000294296707576647","0.00143915534257959","0.000254839359683162","0.000282038136935426","0.129627308068433","0.633897111819744","0.11224773956062","0.124227840551202","0.153887775370308"
"X126","4168.65767230991","3014.65456344246","88.8027214446275","4160.675181763","0.364622950447083","0.263684938392186","0.00776737090117755","0.363924740259553","0.484738634800538"
"X127","0.185046358919043","0.682909313164295","0.148950037419471","0.160350262720518","0.157184472438539","0.580085664695822","0.126523067993589","0.13620679487205","0.190562029730945"
"X128","4173.99515694382","3006.13005899483","95.03098522298","4151.76848810107","0.365277208912203","0.263074286454302","0.00831640951587576","0.363332095117619","0.485589655012894"
"X129","5.6572946021395e-05","0.000260342474526578","4.63092638981486e-05","5.22861404957664e-05","0.136152760952274","0.626560029002827","0.11145140178869","0.125835808256208","0.161738396136522"
"X130","6.72003245335525e-05","0.000303919273946681","5.74271943328279e-05","5.94973925979687e-05","0.137693115792285","0.622729013133761","0.117668022792778","0.121909848281176","0.16386547724643"
"X131","5.6572946021395e-05","0.000260342474526578","4.63092638981486e-05","5.22861404957664e-05","0.136152760952274","0.626560029002827","0.11145140178869","0.125835808256208","0.161738396136522"
"X132","6.72003245335525e-05","0.000303919273946681","5.74271943328279e-05","5.94973925979687e-05","0.137693115792285","0.622729013133761","0.117668022792778","0.121909848281176","0.16386547724643"
"X133","0.506579825807748","1.95755074261083","0.413310824593917","0.465496264399546","0.151537323672354","0.585577998521899","0.123637012397618","0.139247665408129","0.183738719770572"
"X134","0.324077870384813","2.11304484762311","4.69469927020696","1.47606307938435","0.037648954166996","0.245477818422179","0.545395208386109","0.171478019024716","0.0721127577643419"
"X135","0.000661150156410371","0.010684447430499","1.76887164366614e-07","0.00222621437221952","0.0487143162213062","0.787242573767448","1.30332530014512e-05","0.164030076758244","0.0546959822427911"
"X136","8.19843054764898e-10","3.16849064498461e-08","2.21675063171557e-09","8.26044007051961e-09","0.0190741285949282","0.73716789650178","0.0515740011048288","0.192183973798463","0.0227752235005748"
"X137","0.294355950878721","0.129022348422855","0.000643923839137132","0.309213781498533","0.401447758997521","0.175962919996454","0.000878194517267253","0.421711126488758","0.558906320715658"
"X138","0.294355950878721","0.129022348422855","0.000643923839137132","0.309213781498533","0.401447758997521","0.175962919996454","0.000878194517267253","0.421711126488758","0.558906320715658"
"X139","0.000860697366853329","0.00446218593750884","0.000891614242059296","0.0009377702454774","0.120339085713235","0.62388406968808","0.124661753167184","0.131115091431501","0.145077374413299"
"X140","0.558308046483916","2.16008024217345","0.534652670072155","0.443402471815885","0.151039250829692","0.584367185041631","0.144639754433701","0.119953809694975","0.183388130145807"
"X141","0.0970401909669029","0.349079173380899","0.0736004508662813","0.0855289692571628","0.160331079477803","0.576753200232958","0.121603632679047","0.141312087610192","0.194406010294573"
"X142","0.0970401909669029","0.349079173380899","0.0736004508662813","0.0855289692571628","0.160331079477803","0.576753200232958","0.121603632679047","0.141312087610192","0.194406010294573"
"X143","2.56770508013169e-07","9.94746581384851e-07","1.65873197815169e-07","2.46345134135955e-07","0.154333738837483","0.597899502901849","0.0996992644904202","0.148067493770248","0.184870198729651"
"X144","6.42011706009063e-08","2.48888665430578e-07","4.13997655138352e-08","6.16466344729883e-08","0.154279212056125","0.598094191008226","0.0994860863595013","0.148140510576147","0.184784200557074"
"X145","2.56770508013169e-07","9.94746581384851e-07","1.65873197815169e-07","2.46345134135955e-07","0.154333738837483","0.597899502901849","0.0996992644904202","0.148067493770248","0.184870198729651"
"X146","6.45641456287186e-05","0.000297109232835379","5.37824687919865e-05","5.87403130923397e-05","0.136154931286831","0.62655343437845","0.11341818700613","0.123873447328589","0.161741541026888"
"X147","6.45641456287186e-05","0.000297109232835379","5.37824687919865e-05","5.87403130923397e-05","0.136154931286831","0.62655343437845","0.11341818700613","0.123873447328589","0.161741541026888"
"X148","6.45641456287186e-05","0.000297109232835379","5.37824687919865e-05","5.87403130923397e-05","0.136154931286831","0.62655343437845","0.11341818700613","0.123873447328589","0.161741541026888"
"X149","6.45641456287186e-05","0.000297109232835379","5.37824687919865e-05","5.87403130923397e-05","0.136154931286831","0.62655343437845","0.11341818700613","0.123873447328589","0.161741541026888"
"X150","6.45641456287186e-05","0.000297109232835379","5.37824687919865e-05","5.87403130923397e-05","0.136154931286831","0.62655343437845","0.11341818700613","0.123873447328589","0.161741541026888"
"X151","6.45641456287186e-05","0.000297109232835379","5.37824687919865e-05","5.87403130923397e-05","0.136154931286831","0.62655343437845","0.11341818700613","0.123873447328589","0.161741541026888"
"X152","6.45641456287186e-05","0.000297109232835379","5.37824687919865e-05","5.87403130923397e-05","0.136154931286831","0.62655343437845","0.11341818700613","0.123873447328589","0.161741541026888"
"X153","6.45641456287186e-05","0.000297109232835379","5.37824687919865e-05","5.87403130923397e-05","0.136154931286831","0.62655343437845","0.11341818700613","0.123873447328589","0.161741541026888"
"X154","6.45641456287186e-05","0.000297109232835379","5.37824687919865e-05","5.87403130923397e-05","0.136154931286831","0.62655343437845","0.11341818700613","0.123873447328589","0.161741541026888"
"X155","6.45641456287186e-05","0.000297109232835379","5.37824687919865e-05","5.87403130923397e-05","0.136154931286831","0.62655343437845","0.11341818700613","0.123873447328589","0.161741541026888"
"X156","0.000470874363418157","0.00216406487180691","0.000358150535877653","0.000463447564344423","0.136227188576641","0.626078836069324","0.103615410776786","0.134078564577249","0.161878957142957"
"X157","0.009106071347641","0.0418805130898064","0.00720045673661659","0.00867292200034233","0.136196176535239","0.626391506985425","0.107694596209004","0.129717720270332","0.161806001649876"
"X158","0.000470874363418157","0.00216406487180691","0.000358150535877653","0.000463447564344423","0.136227188576641","0.626078836069324","0.103615410776786","0.134078564577249","0.161878957142957"
"X159","0.000470874363418157","0.00216406487180691","0.000358150535877653","0.000463447564344423","0.136227188576641","0.626078836069324","0.103615410776786","0.134078564577249","0.161878957142957"
"X160","0.000470874363418157","0.00216406487180691","0.000358150535877653","0.000463447564344423","0.136227188576641","0.626078836069324","0.103615410776786","0.134078564577249","0.161878957142957"
"X161","0.000470874363418157","0.00216406487180691","0.000358150535877653","0.000463447564344423","0.136227188576641","0.626078836069324","0.103615410776786","0.134078564577249","0.161878957142957"
"X162","0.000470874363418157","0.00216406487180691","0.000358150535877653","0.000463447564344423","0.136227188576641","0.626078836069324","0.103615410776786","0.134078564577249","0.161878957142957"
"X163","0.00543473952994536","0.0250068572221026","0.00430226992328521","0.0051706973546961","0.136159310818392","0.626509591919605","0.107786970190842","0.129544127071161","0.161751798737351"
"X164","0.00543473952994536","0.0250068572221026","0.00430226992328521","0.0051706973546961","0.136159310818392","0.626509591919605","0.107786970190842","0.129544127071161","0.161751798737351"
"X165","0.00543473952994536","0.0250068572221026","0.00430226992328521","0.0051706973546961","0.136159310818392","0.626509591919605","0.107786970190842","0.129544127071161","0.161751798737351"
"X166","0.00543473952994536","0.0250068572221026","0.00430226992328521","0.0051706973546961","0.136159310818392","0.626509591919605","0.107786970190842","0.129544127071161","0.161751798737351"
"X167","0.00147284452705861","0.00677549831510062","0.00116753282190843","0.00139925234170438","0.136183735067449","0.626483413925802","0.107953675748019","0.12937917525873","0.161781038466113"
"X168","0.00147284452705861","0.00677549831510062","0.00116753282190843","0.00139925234170438","0.136183735067449","0.626483413925802","0.107953675748019","0.12937917525873","0.161781038466113"
"X169","0.00147284452705861","0.00677549831510062","0.00116753282190843","0.00139925234170438","0.136183735067449","0.626483413925802","0.107953675748019","0.12937917525873","0.161781038466113"
"X170","0.00147284452705861","0.00677549831510062","0.00116753282190843","0.00139925234170438","0.136183735067449","0.626483413925802","0.107953675748019","0.12937917525873","0.161781038466113"
"X171","0.00147284452705861","0.00677549831510062","0.00116753282190843","0.00139925234170438","0.136183735067449","0.626483413925802","0.107953675748019","0.12937917525873","0.161781038466113"
"X172","0.00147284452705861","0.00677549831510062","0.00116753282190843","0.00139925234170438","0.136183735067449","0.626483413925802","0.107953675748019","0.12937917525873","0.161781038466113"
"X173","0.159129461654758","0.592103993487066","0.114014363126678","0.147835949223124","0.157074337543438","0.584457092776349","0.112541891189289","0.145926678490924","0.189774902641385"
"X174","0.159129461654758","0.592103993487066","0.114014363126678","0.147835949223124","0.157074337543438","0.584457092776349","0.112541891189289","0.145926678490924","0.189774902641385"
"X175","0.000631448207558638","0.00288240719343952","0.000536719639405937","0.000564528292682933","0.136822116859573","0.624559622051081","0.11629634282683","0.122321918262515","0.162705047138705"
"X176","0.000631448207558638","0.00288240719343952","0.000536719639405937","0.000564528292682933","0.136822116859573","0.624559622051081","0.11629634282683","0.122321918262515","0.162705047138705"
"X177","0.000631448207558638","0.00288240719343952","0.000536719639405937","0.000564528292682933","0.136822116859573","0.624559622051081","0.11629634282683","0.122321918262515","0.162705047138705"
"X178","0.000631448207558638","0.00288240719343952","0.000536719639405937","0.000564528292682933","0.136822116859573","0.624559622051081","0.11629634282683","0.122321918262515","0.162705047138705"
"X179","0.000631448207558638","0.00288240719343952","0.000536719639405937","0.000564528292682933","0.136822116859573","0.624559622051081","0.11629634282683","0.122321918262515","0.162705047138705"
"X180","0.139880203751437","0.515210467222468","0.102529044276392","0.127249470238878","0.158080093696684","0.582244783377385","0.115869154399033","0.143805968526898","0.191175832177448"
"X181","0.139880203751437","0.515210467222468","0.102529044276392","0.127249470238878","0.158080093696684","0.582244783377385","0.115869154399033","0.143805968526898","0.191175832177448"
"X182","6.72003245335525e-05","0.000303919273946681","5.74271943328279e-05","5.94973925979687e-05","0.137693115792285","0.622729013133761","0.117668022792778","0.121909848281176","0.16386547724643"
"X183","6.72003245335525e-05","0.000303919273946681","5.74271943328279e-05","5.94973925979687e-05","0.137693115792285","0.622729013133761","0.117668022792778","0.121909848281176","0.16386547724643"
"X184","6.72003245335525e-05","0.000303919273946681","5.74271943328279e-05","5.94973925979687e-05","0.137693115792285","0.622729013133761","0.117668022792778","0.121909848281176","0.16386547724643"
"X185","6.72003245335525e-05","0.000303919273946681","5.74271943328279e-05","5.94973925979687e-05","0.137693115792285","0.622729013133761","0.117668022792778","0.121909848281176","0.16386547724643"
"X186","6.99575484397984e-05","0.000313501019594051","5.61478694715938e-05","6.50337106729203e-05","0.13862858255002","0.621236777782581","0.11126318362555","0.128871456041849","0.165051663750905"
"X187","0.00075835661414349","0.00351998311450587","0.00064359516044898","0.000672891749203493","0.135546043366532","0.629149630912294","0.115033977289478","0.120270348431695","0.160765209516304"
"X188","0.00075835661414349","0.00351998311450587","0.00064359516044898","0.000672891749203493","0.135546043366532","0.629149630912294","0.115033977289478","0.120270348431695","0.160765209516304"
"X189","0.000257948714686338","0.0012048548045845","0.000203077671050843","0.000248795480230945","0.13472181421205","0.629273246556426","0.106063689067789","0.129941250163735","0.159876195398433"
"X190","2.46292479681497e-06","4.04351041628328e-06","8.85468592331578e-06","2.96311487691347e-06","0.134408048173121","0.220664611247223","0.483222652059034","0.161704688520621","0.235783555980325"
"X191","2.46292479681497e-06","4.04351041628328e-06","8.85468592331578e-06","2.96311487691347e-06","0.134408048173121","0.220664611247223","0.483222652059034","0.161704688520621","0.235783555980325"
"X192","0.000612502743047726","0.00321028011300655","0.000516258245061123","0.000602207285545622","0.123957084347589","0.649690090802307","0.104479314671728","0.121873510178377","0.145986761600205"
"X193","0.000612502743047726","0.00321028011300655","0.000516258245061123","0.000602207285545622","0.123957084347589","0.649690090802307","0.104479314671728","0.121873510178377","0.145986761600205"
"X194","0.000612502743047726","0.00321028011300655","0.000516258245061123","0.000602207285545622","0.123957084347589","0.649690090802307","0.104479314671728","0.121873510178377","0.145986761600205"
"X195","2.46292479681497e-06","4.04351041628328e-06","8.85468592331578e-06","2.96311487691347e-06","0.134408048173121","0.220664611247223","0.483222652059034","0.161704688520621","0.235783555980325"
"X196","7.0342867848885","25.1352001300127","6.85163917155928","7.65355501715507","0.150708834395091","0.538518947225665","0.146795629012418","0.163976589366825","0.190092474365629"
"X197","6.90015607658857","24.574096080766","7.36601131885583","6.93523024247519","0.150739085830371","0.536839563802123","0.160916043071514","0.151505307295992","0.190394656232266"
"X198","0.000151082477647682","0.000687390091529317","0.00012769617144114","0.000136286333524147","0.137041845233671","0.623508483612458","0.115828911704623","0.123620759449249","0.163073828268858"
"X199","0.000151082477647682","0.000687390091529317","0.00012769617144114","0.000136286333524147","0.137041845233671","0.623508483612458","0.115828911704623","0.123620759449249","0.163073828268858"
"X200","0.000151082477647682","0.000687390091529317","0.00012769617144114","0.000136286333524147","0.137041845233671","0.623508483612458","0.115828911704623","0.123620759449249","0.163073828268858"
"X201","0.133867589030396","0.491787160686748","0.097695361822445","0.122101731157709","0.158338514708667","0.581685597984823","0.115554023172699","0.144421864133811","0.191534801325035"
"X202","1.67616875555094e-05","7.72372646207256e-05","1.36316770628793e-05","1.59585756565478e-05","0.135624204150032","0.624951545613808","0.110298282721275","0.129125967514886","0.161383642564249"
"X203","1.67616875555094e-05","7.72372646207256e-05","1.36316770628793e-05","1.59585756565478e-05","0.135624204150032","0.624951545613808","0.110298282721275","0.129125967514886","0.161383642564249"
"X204","1.67616875555094e-05","7.72372646207256e-05","1.36316770628793e-05","1.59585756565478e-05","0.135624204150032","0.624951545613808","0.110298282721275","0.129125967514886","0.161383642564249"
"X205","1.67616875555094e-05","7.72372646207256e-05","1.36316770628793e-05","1.59585756565478e-05","0.135624204150032","0.624951545613808","0.110298282721275","0.129125967514886","0.161383642564249"
"X206","1.67616875555094e-05","7.72372646207256e-05","1.36316770628793e-05","1.59585756565478e-05","0.135624204150032","0.624951545613808","0.110298282721275","0.129125967514886","0.161383642564249"
"X207","1.67616875555094e-05","7.72372646207256e-05","1.36316770628793e-05","1.59585756565478e-05","0.135624204150032","0.624951545613808","0.110298282721275","0.129125967514886","0.161383642564249"
"X208","0.000131726493793125","0.000606090667317063","9.19462697003559e-05","0.000134123213884206","0.13666181030534","0.628798698117665","0.0953911647250534","0.139148326851941","0.161990606655493"
"X209","0.00124945329675402","0.00574788782636992","0.0010045055665284","0.00117303924422856","0.136181888882134","0.626480576193781","0.10948425667277","0.127853278251316","0.161779445396691"
"X210","2.56770508013169e-07","9.94746581384851e-07","1.65873197815169e-07","2.46345134135955e-07","0.154333738837483","0.597899502901849","0.0996992644904202","0.148067493770248","0.184870198729651"
"X211","2.56770508013169e-07","9.94746581384851e-07","1.65873197815169e-07","2.46345134135955e-07","0.154333738837483","0.597899502901849","0.0996992644904202","0.148067493770248","0.184870198729651"
"X212","2.56770508013169e-07","9.94746581384851e-07","1.65873197815169e-07","2.46345134135955e-07","0.154333738837483","0.597899502901849","0.0996992644904202","0.148067493770248","0.184870198729651"
"X213","2.5679129749628e-07","9.95536223948407e-07","1.65486985721709e-07","2.46716618069815e-07","0.154272451624982","0.598088079492735","0.0994195802125509","0.148219888669732","0.184778002570029"
"X214","2.5679129749628e-07","9.95536223948407e-07","1.65486985721709e-07","2.46716618069815e-07","0.154272451624982","0.598088079492735","0.0994195802125509","0.148219888669732","0.184778002570029"
"X215","2.5679129749628e-07","9.95536223948407e-07","1.65486985721709e-07","2.46716618069815e-07","0.154272451624982","0.598088079492735","0.0994195802125509","0.148219888669732","0.184778002570029"
"X216","2.5679129749628e-07","9.95536223948407e-07","1.65486985721709e-07","2.46716618069815e-07","0.154272451624982","0.598088079492735","0.0994195802125509","0.148219888669732","0.184778002570029"
"X217","2.5679129749628e-07","9.95536223948407e-07","1.65486985721709e-07","2.46716618069815e-07","0.154272451624982","0.598088079492735","0.0994195802125509","0.148219888669732","0.184778002570029"
"X218","7.27109305800798e-05","0.000325712167990566","5.57599229728924e-05","6.93605939353128e-05","0.138882279203378","0.622129958919771","0.10650482848863","0.132482933388221","0.165203328331793"
"X219","7.27109305800798e-05","0.000325712167990566","5.57599229728924e-05","6.93605939353128e-05","0.138882279203378","0.622129958919771","0.10650482848863","0.132482933388221","0.165203328331793"
"X220","3.70770086057927e-08","1.4374553094585e-07","2.37965618289832e-08","3.57198248484262e-08","0.154269677357454","0.598095086806101","0.0990125162093142","0.148622719627131","0.184774055177713"
"X221","3.70770086057927e-08","1.4374553094585e-07","2.37965618289832e-08","3.57198248484262e-08","0.154269677357454","0.598095086806101","0.0990125162093142","0.148622719627131","0.184774055177713"
"X222","3.70769513672415e-08","1.43727460517934e-07","2.37782309678016e-08","3.57382784937869e-08","0.154280997091145","0.598064703282935","0.0989436576497287","0.148710641976191","0.184790426132011"
"X223","7.27107830022572e-05","0.000325712134020895","5.57598201235848e-05","6.93604768101215e-05","0.138882103833837","0.622130371166906","0.106504713722026","0.132482811277231","0.165203088693181"
"X224","7.27107830022572e-05","0.000325712134020895","5.57598201235848e-05","6.93604768101215e-05","0.138882103833837","0.622130371166906","0.106504713722026","0.132482811277231","0.165203088693181"
"X225","2.99478439488863e-07","1.16104951779573e-06","1.93017381401678e-07","2.87691323882257e-07","0.154271988193655","0.59809787244565","0.0994301133517069","0.148200026008988","0.184776071002184"
"X226","2.99478439488863e-07","1.16104951779573e-06","1.93017381401678e-07","2.87691323882257e-07","0.154271988193655","0.59809787244565","0.0994301133517069","0.148200026008988","0.184776071002184"
"X227","2.99478439488863e-07","1.16104951779573e-06","1.93017381401678e-07","2.87691323882257e-07","0.154271988193655","0.59809787244565","0.0994301133517069","0.148200026008988","0.184776071002184"
"X228","2.99477582231808e-07","1.16096224796563e-06","1.9171843891162e-07","2.88991659048174e-07","0.154278439747365","0.598079638839516","0.0987653947439401","0.148876526669178","0.184785536643139"
"X229","2.99477582231808e-07","1.16096224796563e-06","1.9171843891162e-07","2.88991659048174e-07","0.154278439747365","0.598079638839516","0.0987653947439401","0.148876526669178","0.184785536643139"
"X230","4.9853417717221e-08","1.93262252119222e-07","3.21256161372122e-08","4.79009395505694e-08","0.154277014204334","0.598071798898142","0.099416336212625","0.148234850684899","0.184785196332969"
"X231","0.000277700803412747","0.00138129051558235","0.000301318859338646","0.000209855914706365","0.127962926111211","0.636490690741255","0.138845989855338","0.0967003932921951","0.151800261084003"
"X232","0.0189161001275427","0.0316878269237805","0.015396908162943","0.0151302747927704","0.23315470632538","0.390575537805808","0.189778103142033","0.186491652726779","0.311224211784444"
"X233","3.70769513672415e-08","1.43727460517934e-07","2.37782309678016e-08","3.57382784937869e-08","0.154280997091145","0.598064703282935","0.0989436576497287","0.148710641976191","0.184790426132011"
"X234","2.99477582231808e-07","1.16096224796563e-06","1.9171843891162e-07","2.88991659048174e-07","0.154278439747365","0.598079638839516","0.0987653947439401","0.148876526669178","0.184785536643139"
"X235","1.0027935167973e-08","3.8875506129237e-08","6.46323707170743e-09","9.63413342760105e-09","0.154273998905812","0.598077240187933","0.0994331746492681","0.148215586256987","0.184781226811559"
"X236","2.85338650478242e-08","1.10621499489452e-07","1.83987785093004e-08","2.7403710915245e-08","0.154272254119655","0.598090306088252","0.0994755189638944","0.148161920828199","0.184777466631601"
"X237","1.0027935167973e-08","3.8875506129237e-08","6.46323707170743e-09","9.63413342760105e-09","0.154273998905812","0.598077240187933","0.0994331746492681","0.148215586256987","0.184781226811559"
"X238","8.48941227773739e-09","3.29130738320864e-08","5.46846993334624e-09","8.15877818091115e-09","0.154269548952726","0.598096180113542","0.0993730028038773","0.148261268129855","0.184773759021351"
"X239","2.95404004639471e-08","1.1451953973814e-07","1.89705621376104e-08","2.84455685422201e-08","0.154277243771962","0.598087997161607","0.0990753677482209","0.14855939131821","0.184783047384352"
"X240","2.95404004639471e-08","1.1451953973814e-07","1.89705621376104e-08","2.84455685422201e-08","0.154277243771962","0.598087997161607","0.0990753677482209","0.14855939131821","0.184783047384352"
"X241","2.95412428500232e-08","1.14503793579911e-07","1.90356594669094e-08","2.83797583701692e-08","0.154294227302024","0.598054538302843","0.0994234529516057","0.148227781443527","0.184805820318953"
"X242","2.95412428500232e-08","1.14503793579911e-07","1.90356594669094e-08","2.83797583701692e-08","0.154294227302024","0.598054538302843","0.0994234529516057","0.148227781443527","0.184805820318953"
"X243","1.00837804476531e-08","3.90924382081791e-08","6.49566285322376e-09","9.68962254167573e-09","0.154277056412692","0.598095756453779","0.0993805596667729","0.148246627466757","0.184781705768082"
"X244","7.27107830022572e-05","0.000325712134020895","5.57598201235848e-05","6.93604768101215e-05","0.138882103833837","0.622130371166906","0.106504713722026","0.132482811277231","0.165203088693181"
"X245","0.0373097663751017","0.128197835811716","0.0286945703236201","0.0329455013655786","0.164253349983528","0.564381019731199","0.126325618193574","0.145040012091698","0.200531607326351"
"X246","2.8533868901848e-08","1.10621559265347e-07","1.83987972325329e-08","2.74036886615246e-08","0.154272224828392","0.598090434933822","0.0994755878704372","0.148161752367348","0.184777416859846"
"X247","1.0027784695584e-08","3.88755164606337e-08","6.45817495823549e-09","9.63903382876348e-09","0.154272400391075","0.598080176518533","0.0993557583452382","0.148291664745153","0.184779114806194"
"X248","8.48941227773739e-09","3.29130738320864e-08","5.46846993334624e-09","8.15877818091115e-09","0.154269548952726","0.598096180113542","0.0993730028038773","0.148261268129855","0.184773759021351"
"X249","2.95412428500232e-08","1.14503793579911e-07","1.90356594669094e-08","2.83797583701692e-08","0.154294227302024","0.598054538302843","0.0994234529516057","0.148227781443527","0.184805820318953"
"X250","2.95404004639471e-08","1.1451953973814e-07","1.89705621376104e-08","2.84455685422201e-08","0.154277243771962","0.598087997161607","0.0990753677482209","0.14855939131821","0.184783047384352"
"X251","0.00024707284719766","0.00112679883286465","0.000206792322416843","0.000223437994082096","0.136950597953219","0.624576013447361","0.114623409768962","0.123849978830457","0.162839130838278"
"X252","0.412147412809263","1.84596422225843","0.442929294461037","0.318591149926141","0.13648928146361","0.611320907211874","0.14668319941183","0.105506611912686","0.164074571640367"
"X253","0.730227309234785","1.80153088787521","14.625056440081","4.01321601808814","0.0344934460004048","0.0850981709573465","0.690837754475994","0.189570628566254","0.0835068899974082"
"X254","7.55429333574126","35.8943990463611","7.58049344928856","7.14166568793229","0.129863894690142","0.617051291305882","0.130314294037289","0.122770519966688","0.156222206789158"
"X255","2.56792704691911e-07","9.95511193143563e-07","1.65472925091803e-07","2.46729242507187e-07","0.154275619671523","0.598082045969426","0.0994126296851984","0.148229704673853","0.184782219853183"
"X256","2.56783183926044e-07","9.95535031086251e-07","1.65338350793762e-07","2.46857564304767e-07","0.154269152349549","0.598093469485878","0.099331299027635","0.148306079136938","0.184773742436663"
"X257","2.56783183926044e-07","9.95535031086251e-07","1.65338350793762e-07","2.46857564304767e-07","0.154269152349549","0.598093469485878","0.099331299027635","0.148306079136938","0.184773742436663"
"X258","3.39260717721792","24.310263176993","34.401791817408","19.4312836850793","0.0416087302547581","0.298153935930528","0.421921784998608","0.238315548816106","0.0743223030688605"
"X259","1814.79484864118","2491.21354946694","237.658400743131","1655.42977072507","0.29275150471889","0.401867194922115","0.038337586465341","0.267043713893654","0.367587797855749"
"X260","1702.43467482447","2824.43389687512","195.92863994872","1759.03602979342","0.262647095568568","0.435746152618837","0.0302273496787986","0.271379402133796","0.328749051239016"
"X261","1.26745554277305","9.76931592482974","18.8718945491123","6.39348059699082","0.0349140659989104","0.269111246472167","0.51985616029624","0.176118527232683","0.0651361321416725"
"X262","0.265854444140781","2.00410032887687","4.74517597939579","1.41644525435725","0.0315308127362305","0.237689884698607","0.562786361124579","0.167992941440583","0.0614858898909859"
"X263","1e-10","1.75280779239829e-06","4.59575340988738e-06","1.38913752410072e-06","1.29235721341515e-05","0.226525379423621","0.593935507034522","0.179526189969723","2.66818117108142e-05"
"X264","3034.26892573293","3227.60603411834","171.36647952326","3066.52342971702","0.319404634487874","0.339756412773929","0.0180390232689672","0.32279992946923","0.413322163355617"
"X265","3034.26892573293","3227.60603411834","171.36647952326","3066.52342971702","0.319404634487874","0.339756412773929","0.0180390232689672","0.32279992946923","0.413322163355617"
"X266","0.269431200859108","1.00587594062513","0.192413582944481","0.270212890417008","0.155029627459634","0.578776963649684","0.110714000408791","0.155479408481891","0.188477223954826"
"X267","270.614826655107","1875.8558597344","8.94513438861632","357.590729604569","0.107685682957689","0.746458802285548","0.00355953484771224","0.142295979909051","0.119284556557138"
"X268","279.356726236857","1906.11536831913","2.6652510082077","377.294613496253","0.108892666301377","0.742999774984177","0.00103890925611756","0.147068649458328","0.120822481481398"
"X269","1093.70574924954","7549.48902914083","39.9805659822104","1445.5124981114","0.107980990850767","0.745357063673647","0.00394726015886432","0.142714685316721","0.119682946721742"
"X270","1827.56299055113","1563.43067798006","54.4684227996473","1791.87928941082","0.348948609168633","0.298516091337675","0.0104000138314326","0.34213528566226","0.456156005079716"
"X271","1860.26173764588","1676.79008270453","57.323610658072","1823.87225966334","0.34333272376022","0.309470917247163","0.0105797324025555","0.336616626590062","0.446736171990484"
"X272","876.893555623666","920.465997707976","399.464193766157","682.525806307445","0.304545710536122","0.319678448425754","0.138734178104125","0.237041662933998","0.406341175078479"
"X273","31.7866094181904","139.972992797127","1.04295144560245","18.6640924186653","0.166016431942815","0.731056795860652","0.0054471703921159","0.0974796018044175","0.178247383858145"
"X274","41.5152751347138","128.611606819583","0.00387623297831582","20.1298344214506","0.218202175056244","0.6759760655433","2.03732834275743e-05","0.105801386117029","0.234764288419545"
"X275","73.0034151702535","261.946442062361","2.79499804925988","83.0908056777969","0.173472502315457","0.622443548308192","0.00664154278866525","0.197442406587686","0.200791365573381"
"X276","439.460956956198","60.0471555537303","39.8276340276516","387.386675325413","0.474209910744091","0.0647951901638652","0.0429768753707135","0.41801802372133","0.684611524519504"
"X277","428.502912232508","69.9596087913572","67.0060046603434","357.850950879836","0.464089541170624","0.075769666477413","0.0725707692311369","0.387570023120826","0.669450543531233"
"X278","205.861937129529","1623.96652226911","147.414633197462","134.865147559129","0.0974675128933729","0.768884137372503","0.0697950182641339","0.0638533314699899","0.10700120229782"
"X279","2.46292479681497e-06","4.04351041628328e-06","8.85468592331578e-06","2.96311487691347e-06","0.134408048173121","0.220664611247223","0.483222652059034","0.161704688520621","0.235783555980325"
"X280","0.000587195051989119","0.0111053545723043","0.000175651603006168","0.00198505966293014","0.0423867749724723","0.801641913792049","0.0126794409199389","0.14329187031554","0.0473056587186049"
"X281","6.90015607658857","24.574096080766","7.36601131885583","6.93523024247519","0.150739085830371","0.536839563802123","0.160916043071514","0.151505307295992","0.190394656232266"
"X282","6.90555737731925","24.5719738778399","7.28101612964658","7.02925267414317","0.150816535593079","0.536648929326262","0.159016509207097","0.153518025873561","0.190510638054627"
"X283","2.99477582231808e-07","1.16096224796563e-06","1.9171843891162e-07","2.88991659048174e-07","0.154278439747365","0.598079638839516","0.0987653947439401","0.148876526669178","0.184785536643139"
"X284","0.000962104582452308","0.00439700052670783","0.00113104062175385","0.00123620061499455","0.124522580192355","0.569091822946333","0.146387512430476","0.159998084430835","0.156485938672801"
"X285","6.72003245335525e-05","0.000303919273946681","5.74271943328279e-05","5.94973925979687e-05","0.137693115792285","0.622729013133761","0.117668022792778","0.121909848281176","0.16386547724643"
"X286","2.99478439488863e-07","1.16104951779573e-06","1.93017381401678e-07","2.87691323882257e-07","0.154271988193655","0.59809787244565","0.0994301133517069","0.148200026008988","0.184776071002184"
"X287","2.99478439488863e-07","1.16104951779573e-06","1.93017381401678e-07","2.87691323882257e-07","0.154271988193655","0.59809787244565","0.0994301133517069","0.148200026008988","0.184776071002184"
"X288","2.99478439488863e-07","1.16104951779573e-06","1.93017381401678e-07","2.87691323882257e-07","0.154271988193655","0.59809787244565","0.0994301133517069","0.148200026008988","0.184776071002184"
"X289","0.971660036080323","7.0743905830061","18.9817919933909","5.18419972611821","0.0301644964285952","0.219619436378605","0.589276264878352","0.160939802314448","0.0603463780205165"
"X290","25.4161364309472","74.9106632265135","24.3326856074377","24.1122843246507","0.170839780296144","0.503527405993669","0.163557143096233","0.162075670613953","0.218210857247996"
"X291","0.611737922015855","4.33155178788476","3.2266212215392","3.38876886529686","0.0529245495829519","0.374744509239513","0.279151363155692","0.293179578021843","0.0855766651042533"
"X292","0.316840965072892","2.44196289820698","4.7176292821156","1.59884806612149","0.034912523115075","0.26907848267093","0.519832848389172","0.176176145824823","0.0651360329851144"
"X293","16.3797272568211","57.3223621093207","13.6571457027037","14.0095992633621","0.161585435649198","0.565483094354848","0.134727263982797","0.138204206013158","0.197526175227554"
"X294","0.258377012798842","1.49852879720079","4.27345190063464","1.71026441939003","0.0333793600125047","0.193592811020745","0.552081193068292","0.220946635898459","0.0688733929767815"
"X295","9.0274442010152","12.6861460826422","32.761008235224","12.2303631343255","0.135333923853342","0.190182945439596","0.491133004551379","0.183350126155683","0.245907616586788"
"X296","3.02396175666068","8.38360169458128","3.35389900959554","3.15078212836258","0.168820928142302","0.46803747307225","0.187240576851978","0.175901021933471","0.222746642803462"
"X297","1.26745554277305","9.76931592482974","18.8718945491123","6.39348059699082","0.0349140659989104","0.269111246472167","0.51985616029624","0.176118527232683","0.0651361321416725"
"X298","0.00778845652342668","0.0438511384438315","0.0066527779201791","0.0103032728364695","0.113541558523623","0.639270000027839","0.0969854259693993","0.150203015479139","0.135944098394458"
"X299","0.255116929730928","1.52560221370715","4.26938289855072","1.72399197914576","0.0328162907519989","0.19624180123879","0.549180764593794","0.221761143415417","0.0675178516894101"
"X300","5.6572946021395e-05","0.000260342474526578","4.63092638981486e-05","5.22861404957664e-05","0.136152760952274","0.626560029002827","0.11145140178869","0.125835808256208","0.161738396136522"
"X301","0.101713120582914","0.367327338391992","0.0753603384555016","0.0914937631392493","0.15995280804383","0.577654474765324","0.118510745536164","0.143881971654681","0.193865384761754"
"X302","0.00716680487492763","0.0377808151495407","0.00704740447515538","0.00920038892068842","0.117113431781291","0.6173798498598","0.115162298630965","0.150344419727943","0.142301420578334"
"X303","0.000996604424150657","0.0145619697635295","0.000104051105624308","0.00521844395326721","0.0477276528506452","0.697376632948063","0.00498303532235982","0.249912678878932","0.0574983799289097"
"X304","0.00311442141417748","0.0141903842081841","0.00262558420927842","0.00279348168712839","0.137055052947522","0.624470359131532","0.115542996584445","0.122931591336501","0.162963486468713"
"X305","1.26745554277305","9.76931592482974","18.8718945491123","6.39348059699082","0.0349140659989104","0.269111246472167","0.51985616029624","0.176118527232683","0.0651361321416725"
"X306","0.265854444140781","2.00410032887687","4.74517597939579","1.41644525435725","0.0315308127362305","0.237689884698607","0.562786361124579","0.167992941440583","0.0614858898909859"
"X307","0.265854444140781","2.00410032887687","4.74517597939579","1.41644525435725","0.0315308127362305","0.237689884698607","0.562786361124579","0.167992941440583","0.0614858898909859"
"X308","4345.82320727041","2849.50252925002","61.756841915536","4130.38215716466","0.38163219892871","0.250231512932077","0.00542323013501553","0.362713058004197","0.505757267765002"
"X309","3992.48246812923","3187.87019853051","78.9305748951544","4239.80531752804","0.347199906115658","0.277228076134127","0.00686407226882416","0.368707945481391","0.463168711020031"
"X310","0.00311442141417748","0.0141903842081841","0.00262558420927842","0.00279348168712839","0.137055052947522","0.624470359131532","0.115542996584445","0.122931591336501","0.162963486468713"
"X311","4173.99515694382","3006.13005899483","95.03098522298","4151.76848810107","0.365277208912203","0.263074286454302","0.00831640951587576","0.363332095117619","0.485589655012894"
"X312","3992.48246812923","3187.87019853051","78.9305748951544","4239.80531752804","0.347199906115658","0.277228076134127","0.00686407226882416","0.368707945481391","0.463168711020031"
"X313","1.26745554277305","9.76931592482974","18.8718945491123","6.39348059699082","0.0349140659989104","0.269111246472167","0.51985616029624","0.176118527232683","0.0651361321416725"
"X314","0.265854444140781","2.00410032887687","4.74517597939579","1.41644525435725","0.0315308127362305","0.237689884698607","0.562786361124579","0.167992941440583","0.0614858898909859"
"X315","0.000489417972958199","0.00243740426924884","0.00085013085490309","0.000633521409535947","0.11096719235554","0.552639917899073","0.192752696704638","0.14364019304075","0.14304724254984"
"X316","0.206752634423571","0.740397068314296","0.175467407607192","0.176272689637625","0.159176424686934","0.570023006050372","0.13509029604323","0.135710273219464","0.194244018553754"
"X317","6.45641456287186e-05","0.000297109232835379","5.37824687919865e-05","5.87403130923397e-05","0.136154931286831","0.62655343437845","0.11341818700613","0.123873447328589","0.161741541026888"
"X318","0.000470874363418157","0.00216406487180691","0.000358150535877653","0.000463447564344423","0.136227188576641","0.626078836069324","0.103615410776786","0.134078564577249","0.161878957142957"
"X319","0.00147284452705861","0.00677549831510062","0.00116753282190843","0.00139925234170438","0.136183735067449","0.626483413925802","0.107953675748019","0.12937917525873","0.161781038466113"
"X320","0.000631448207558638","0.00288240719343952","0.000536719639405937","0.000564528292682933","0.136822116859573","0.624559622051081","0.11629634282683","0.122321918262515","0.162705047138705"
"X321","0.000257948714686338","0.0012048548045845","0.000203077671050843","0.000248795480230945","0.13472181421205","0.629273246556426","0.106063689067789","0.129941250163735","0.159876195398433"
"X322","0.243085058362026","1.76725396882565","4.74546797181106","1.29563694971025","0.0301914861372169","0.219495283092547","0.589393405958191","0.160919824812045","0.0604082012176284"
"X323","0.118615524805497","0.431452884124332","0.0861115961557916","0.108368126005231","0.159312097972378","0.579482864985776","0.115656184684297","0.145548852357548","0.192903712159055"
"X324","1.67616875555094e-05","7.72372646207256e-05","1.36316770628793e-05","1.59585756565478e-05","0.135624204150032","0.624951545613808","0.110298282721275","0.129125967514886","0.161383642564249"
"X325","0.000131726493793125","0.000606090667317063","9.19462697003559e-05","0.000134123213884206","0.13666181030534","0.628798698117665","0.0953911647250534","0.139148326851941","0.161990606655493"
"X326","0.00124945329675402","0.00574788782636992","0.0010045055665284","0.00117303924422856","0.136181888882134","0.626480576193781","0.10948425667277","0.127853278251316","0.161779445396691"
"X327","0.19241276248341","0.179356353063776","0.188776141829543","0.191369592662704","0.255897010776312","0.238532798034737","0.251060531414751","0.254509659774199","0.385995585373087"
"X328","1423.90866724061","2389.38323577501","4225.30787465447","1707.36740175952","0.146102345824229","0.245166353609129","0.433544233924022","0.17518706664262","0.245889392139177"
"X329","22.1350027143729","95.8137403154852","21.6163850829638","16.8752122205555","0.141491655331373","0.612461850385292","0.138176540890277","0.107869953393058","0.169254666962919"
"X330","14.5769974672172","63.7182569028096","15.1328271649557","10.4474423384397","0.140331397846715","0.613409728556013","0.145682318612379","0.100576554984892","0.167895183732257"
"X331","9.99739385974995e-06","3.87586501889405e-05","6.40661203008189e-06","9.64278760329839e-06","0.154267809796908","0.598077074806967","0.0988591646947456","0.148795950701379","0.184774751380532"
"X332","0.412147412809263","1.84596422225843","0.442929294461037","0.318591149926141","0.13648928146361","0.611320907211874","0.14668319941183","0.105506611912686","0.164074571640367"
"X333","0.00024707284719766","0.00112679883286465","0.000206792322416843","0.000223437994082096","0.136950597953219","0.624576013447361","0.114623409768962","0.123849978830457","0.162839130838278"
"X334","34.1683806826586","147.159472311482","33.4870716520114","26.507862833394","0.141587875059477","0.609803466338441","0.138764647971132","0.109844010630951","0.169716543149456"
"X335","39.7675137420524","270.203701330761","108.851318210037","129.015910610876","0.0725898559790864","0.493217853442898","0.198692368933409","0.235499921644607","0.102161753012352"
"X336","5.97775545777102e-08","2.63591630191054e-07","4.59168384759178e-08","5.18114568508067e-08","0.141956571585646","0.62596344706523","0.109040876866576","0.123039104482548","0.167940291379768"
"X337","230.133996944259","992.023084966781","193.771545511827","176.117599682677","0.144552333359477","0.623111985115125","0.121712260745166","0.110623420780232","0.171045675798565"
