id,ID ID,1 1,3 3,4 4,5 5,6 6,9 9,10 10,11 11,12 12,14 14,15 15,16 16,17 17,19 19,20 20,21 21,22 22,23 23,26 26,28 28,29 29,30 30,32 32,34 34,35 35,39 39,42 42,44 44,45 45,46 46,47 47,49 49,50 50,51 51,53 53,54 54,58 58,59 59,60 60,61 61,63 63,64 64,67 67,68 68,69 69,70 70,72 72,73 73,75 75,77 77,78 78,80 80,81 81,82 82,83 83,84 84,85 85,86 86,87 87,88 88,89 89,90 90,91 91,92 92,93 93,94 94,97 97
starch,starch,34.7612221,41.58568607,32.78283584,37.18178605,41.31909927,53.47742586,35.03626395,39.44132147,32.88930594,35.73639007,41.68809745,39.21216389,36.30026485,44.30076144,40.01301484,37.54494361,46.95843736,38.98847208,40.90050658,38.45270177,36.65654486,38.3533043,36.0319382,34.18288919,35.24891006,37.37737596,45.04734595,35.50144915,41.64443087,40.44432694,36.75584146,37.06326001,41.31104448,35.76869961,38.86197054,42.05106806,44.55771408,37.05838145,28.53962092,37.88230981,40.51765371,43.01167371,36.20359985,32.88372274,37.73255943,41.03401847,43.34619884,41.33931295,39.11939539,42.68961937,44.66603872,40.30489738,35.59029344,35.78879965,42.03258708,44.99597755,50.57736619,47.5696722,59.04495743,46.00010753,47.14704471,37.66857641,36.95249004,48.27421544,40.08408051,36.91213378,46.39510472
prot,prot,17.28892829,20.7432938,18.28200114,18.37153724,21.00377795,19.86293006,19.34384937,17.2783009,18.07535266,17.52650394,18.85963986,17.17229203,17.96001629,17.55501987,19.24349453,18.48735083,18.03890188,16.7859529,19.74661327,16.51296109,18.34353703,17.67035462,18.46028684,20.54560088,18.27255928,17.36640135,19.77859104,17.18088167,17.526123,17.17495902,19.10641573,18.62135721,16.05118111,16.75812149,18.40588337,17.93218988,19.16366559,18.49368036,18.24868245,18.90718492,16.80310899,17.78449688,19.08510631,17.49657534,19.10512998,17.27084374,18.70403611,20.00179636,18.50274174,16.55943336,19.46224568,14.570422,16.10550167,17.05843486,17.30426782,16.87944703,18.23261791,19.3810384,19.02721778,18.68105464,17.68887861,16.6563085,17.0914285,18.54699148,18.48642295,14.81720886,18.99613371
chl a,chl a,0.571168199,0.601577379,0.549124724,0.528929233,0.701798068,0.549402512,0.66559255,0.594059617,0.606269789,0.48785608,0.599782997,0.469984402,0.548082871,0.507041853,0.594227893,0.584844811,0.527473654,0.581079718,0.581694241,0.509691463,0.503406694,0.552702052,0.558581515,0.569747991,0.496260992,0.575232912,0.626656054,0.494463118,0.569698213,0.519716194,0.531414994,0.532744779,0.647718601,0.537895917,0.604482617,0.57619949,0.57472755,0.574110575,0.550970083,0.603318292,0.510995121,0.632881004,0.516255734,0.568990647,0.512085107,0.567218881,0.593152206,0.614431402,0.598798541,0.522817014,0.587966864,0.464568001,0.523779893,0.533276978,0.511388667,0.50062486,0.625270565,0.551540933,0.638632764,0.587274986,0.531975002,0.505300077,0.573406352,0.614202943,0.51801784,0.495769047,0.57692701
chl b,chl b,0.138382507,0.162734513,0.133053874,0.139917733,0.161433872,0.124789782,0.158798304,0.146784059,0.151115716,0.120203938,0.137818789,0.123681897,0.13013172,0.128668418,0.137167805,0.131681016,0.141741144,0.115971043,0.146405305,0.139157889,0.127700337,0.120606118,0.146052422,0.130831621,0.12529416,0.133012144,0.148308291,0.117426161,0.134639605,0.142366295,0.129732669,0.133313535,0.133509695,0.131727075,0.140140073,0.152544484,0.139711873,0.134484761,0.128718124,0.144095092,0.132208817,0.145844874,0.139804213,0.138932124,0.124736863,0.135023714,0.13690482,0.142350174,0.143228824,0.130940933,0.126707439,0.127165393,0.122426142,0.144070053,0.125667849,0.130170973,0.133611861,0.132625133,0.148995062,0.139507978,0.136136683,0.129529854,0.141749763,0.142192489,0.132846228,0.117420564,0.122952486
glucose,glucose,1.982948682,1.95957327,2.371107559,3.335656453,2.853433832,4.358089435,3.481583828,3.509321067,2.529232247,2.886314746,2.875452745,3.329594645,3.371001517,2.706641571,2.978749239,4.582107476,3.111001439,2.717868056,2.501071027,3.791468987,2.586595637,2.617075819,3.169078309,3.760351754,3.199537402,3.524648736,1.512172399,3.215954497,3.480641489,2.051437598,3.471849387,3.983397424,2.919098979,4.066509656,2.952595027,4.907482856,3.74403482,2.776288514,3.401864224,2.367799177,2.884943393,3.325227535,4.91773189,2.381987052,2.576510889,1.825466796,2.584910853,2.644523545,1.874471341,2.84950167,3.553950337,4.364648606,2.863078454,3.33629715,3.309429102,2.682343584,3.824117617,2.681827122,4.220216113,3.611820612,3.168645107,2.091742375,3.364764274,3.764336575,4.07692067,2.728515753,3.434548405
fructose,fructose,1.350991402,1.47560251,1.141974949,1.782315618,0.920370462,1.655204966,1.844255755,1.265724784,1.361708109,1.642975403,1.782260688,1.269619894,1.320371844,1.107074075,1.300125518,3.428747768,1.5142491,1.415469527,1.120995083,1.42794221,1.226469442,1.259771517,1.610400047,1.678899762,1.607695103,1.40481201,1.493657377,1.889962061,1.280316323,0.900610251,1.654592436,2.107050046,0.773321933,2.443978421,1.415606069,2.164675829,2.044644964,1.501098021,1.264600466,1.64090619,0.879506007,0.935886133,2.237999286,0.975990488,2.087521778,1.559875021,1.355767043,1.745426642,1.456934798,1.536052368,2.531936674,1.4225067,1.218791782,1.577034782,1.813046252,0.823368324,1.672487086,1.645997335,2.085201582,1.610400047,1.116221322,1.356155184,1.803532135,1.845990353,2.399971885,1.837939331,1.529731306
sucrose,sucrose,3.518189701,4.524273417,4.218646895,4.259177005,4.491900924,4.957999939,3.966418871,5.238856556,3.400208816,4.27952264,4.210763727,4.321204526,3.602015639,4.068308924,3.995044622,4.229709242,5.454274167,4.343423837,3.64032991,3.536241974,3.593609609,3.91018856,3.51661044,4.464840258,3.963037125,3.959241844,4.860190968,3.588726483,3.790232505,3.945957236,4.122278444,4.582141424,3.654828556,4.182111277,4.183510899,4.319016839,5.044554512,3.749555527,4.762844687,4.229231188,3.942570632,4.761494257,3.511521709,4.012576353,3.769520556,3.711109282,4.440500827,4.411951088,4.010428231,3.99943722,4.681063304,3.739401625,4.003580731,3.259113207,3.853362353,3.939136648,4.542102669,4.347513031,4.990279275,4.474638554,3.689232323,3.629563557,4.3302236,4.9651378,3.421591684,4.284050593,4.170559489
xylose,Xylose,0.610340796,0.72415832,0.599376493,0.78295077,0.577798759,0.717928429,0.60694081,0.610378737,0.69588715,0.751586947,0.761686484,0.60010765,0.617746275,1.079151012,0.981347856,0.775088914,0.594750467,0.634732018,0.64549786,0.684897779,1.038016297,0.80012571,0.571207599,0.727265132,0.770019392,0.373657871,0.80853909,0.72899643,0.667989232,2.194150879,0.864592631,0.774872125,0.307065622,0.809550488,0.544501311,1.007699201,0.301838038,0.70151304,0.707899792,0.72899643,0.62201864,1.281549242,0.48122521,0.575997957,0.326556843,0.878684725,0.72899643,0.530599245,0.817367751,0.662057084,0.829930376,0.517955849,0.862946173,0.549374571,0.798900049,0.602363247,0.658961685,0.902476099,1.256774971,0.646249634,1.108268937,0.60279661,0.783419041,0.630432195,0.616423206,0.562521452,1.098862128
maltose,Maltose,0.529841401,0.784023097,0.511620847,0.764982023,0.34682697,0.579246829,0.859620441,0.882113088,0.822378253,0.631276074,1.322198617,1.10252159,0.892877936,0.705689517,1.001205829,0.709400543,0.547242853,3.219767815,0.934811378,0.758149667,0.801319232,0.891569404,0.295652079,1.096581546,0.430944158,0.93809221,0.551008025,0.845356615,0.592782486,0.283794364,0.238282376,0.785805222,0.652438376,0.876444058,0.859260202,0.413249219,1.361845955,0.281942364,0.845356615,0.845356615,1.11298882,0.938872664,0.767474705,0.803401609,0.42048111,0.879283929,0.845356615,1.385209189,1.304530504,0.900917815,0.818592667,0.755002571,0.679218086,0.909186648,0.859064736,0.728719186,0.958867506,0.845356615,1.056255669,0.797330276,0.532016246,0.942004368,2.461713297,0.864797197,0.68546829,0.595602501,0.722951294
trehalose,Trehalose,0.185858089,0.121096785,0.212354583,0.397182987,0.196545977,0.414450151,2.367560204,0.172204464,0.189976438,0.44213804,0.283779987,0.117105134,0.108515267,0.406850271,0.519513737,0.951843975,0.246931981,0.501083037,0.225381493,1.498269133,0.288612318,0.410206876,0.439641162,0.441903226,0.838813829,0.44513979,0.425177215,0.451051404,0.221713569,0.448111949,0.655403985,0.234285251,0.395774749,0.474323459,0.652415263,0.443261601,0.684532851,0.426276953,0.252130341,0.451051404,1.417376754,0.452653692,0.39979233,0.132364001,0.878425068,0.614072852,0.451051404,0.575326579,0.421321693,0.13206295,1.236022224,0.453443622,0.249479654,0.188120774,0.467108432,0.451980864,0.431782377,0.321802148,0.73023984,0.332453731,0.317501484,0.202230827,0.194250379,0.597440964,0.12251591,0.592276622,0.439729798
raffinose,Raffinose,0.510995389,1.680686152,1.273339705,1.734477473,1.04729905,1.305257054,0.838341821,0.977903634,1.775932653,0.559335488,1.014386283,0.718691843,1.7250387,1.407793353,2.073005569,2.813864957,1.898574772,1.424545951,1.580133304,0.59570649,1.87844822,1.463067163,0.715097278,1.184022428,0.936275761,3.095461277,1.32323341,1.388331818,2.499958185,1.536715802,0.448132623,2.701801085,1.380450153,2.010015659,0.587106487,2.594426753,1.006455128,0.67813563,0.411923945,1.388331818,2.114436793,3.122334624,0.879112235,0.854285635,0.867652561,0.695195618,1.388331818,0.205677744,3.396364812,1.931119039,0.823207518,0.762287858,2.029558698,0.361858726,0.819992913,1.180771397,5.03904309,1.997716266,1.602248356,0.692740389,0.576410027,0.758764328,1.591751332,1.071076979,0.343386027,1.385393983,0.816586607
"inositol, myo","Inositol, myo",1.496146595,1.726655399,1.585891901,1.966391762,1.588849731,1.605035351,1.811065861,1.785973419,2.847720667,1.441095944,1.77716814,1.339726261,1.206899764,1.911828092,2.821319081,2.868615216,2.361010525,1.591305441,3.053572429,1.672910916,2.248588351,2.873691758,2.430162726,1.99123123,2.220948255,1.634240626,2.696009282,2.188366452,2.010201122,3.963262314,1.648229031,2.532659483,1.755516065,2.687968036,2.041095026,3.267732793,1.857565152,1.774209142,1.401924546,2.188366452,2.407685428,4.156541449,2.030899758,2.366221446,1.998010846,2.136486796,2.188366452,1.598465967,3.583565591,1.978472035,2.143080613,1.214763765,1.955140108,1.566116291,1.521716232,2.542174134,2.722411743,3.161532133,2.368816059,2.238292527,1.77610604,1.977288123,2.361459161,1.90684894,2.246292114,1.845968938,2.752835751
erythritol,Erythritol,0.774085957,0.736473584,0.673528654,0.992697972,0.792212049,0.648885711,0.53102428,0.776999491,1.065269234,0.693913647,0.781726014,0.873293387,0.770815706,1.573110862,0.948704436,0.607175517,1.021246627,0.766053938,0.855542603,0.736731378,0.840639371,0.769928271,0.84309231,0.808409319,0.697684002,0.737199564,0.781640155,0.812371119,0.774153789,0.793882073,0.452005819,1.300527238,0.713752825,0.798589405,0.86822417,0.541818377,1.019052634,0.491293569,1.024385427,0.812371119,0.829695529,1.003102362,0.860710132,0.883744758,0.756765455,0.714852194,0.812371119,1.126953133,0.845046086,0.92332352,0.736815098,0.721093104,0.756922556,0.674157995,0.897334464,0.840287324,0.757399257,0.823667046,0.947961044,0.941831,0.686841206,0.989396238,1.053464607,0.699109321,0.563121552,0.822336236,0.30049416
aa,AA,19.17088198,19.25722774,19.27321504,17.36730497,19.5753372,21.02294109,17.67832032,18.18927636,18.12110472,18.34067024,19.71784466,18.83302649,23.78200116,20.58201766,19.56052449,20.0134679,17.73620888,20.61961106,19.94154979,17.42159248,17.82807211,20.18009644,19.81492998,21.2378054,14.74331164,18.61842908,16.45637758,17.14529881,17.46131574,19.66794829,18.62973636,16.99282639,18.18314261,18.42907819,21.54546543,23.06279048,17.86340705,17.01553651,20.87398258,21.77243988,17.05552831,21.81898531,17.95451361,17.57089314,17.61041147,19.13352999,21.55360614,18.33051006,19.86747749,20.47106334,20.90076628,15.67621072,17.81478768,17.51438774,18.30202764,18.99022213,17.25622538,18.26301534,21.9121969,23.06209396,19.41676364,15.21866526,18.63275986,20.62803406,19.826727,13.0309777,24.29824738
alanine,Alanine,6.986319076,7.85101904,10.87041262,5.348458355,9.171055028,9.054339589,5.884574273,7.424703913,7.940465491,6.338756392,8.1242565,8.670734577,5.91490909,7.215226719,5.571619306,11.37707635,11.51077156,7.449025894,9.359759674,6.754181156,4.805853042,8.939113378,10.26808207,5.48561816,7.90637917,6.178282681,7.684942527,7.684942527,4.559365432,13.10838755,7.032438629,7.37462469,5.98428197,4.811005551,7.544658588,7.684942527,12.11475552,9.487820947,7.25799189,7.684942527,5.873878308,8.49047805,7.476919473,7.290277455,10.03114571,8.206690507,7.684942527,7.684942527,7.684942527,6.104178639,7.684942527,5.259260533,6.591359679,7.561320676,5.375929616,8.632638351,6.744281259,9.054817612,6.995128919,7.207169975,7.521070753,4.059707096,7.392738869,7.684942527,5.947489713,7.684942527,7.684942527
aspartic acid,Aspartic acid,2.32993848,2.113840002,2.062247853,1.210282543,2.086863663,1.577382766,1.707098728,1.757872535,2.221209519,1.854046951,1.762114191,1.734966924,2.021641384,2.123262873,1.873911683,1.908296428,2.075467611,1.453737731,2.359713802,1.730248615,1.27701375,2.615815584,2.594642925,2.499917823,1.775897338,2.01612861,2.913923666,2.041764951,2.291887721,4.002329498,2.587374092,1.495907032,1.273392618,2.21233356,1.940604124,2.290222534,1.286141235,1.368459756,2.296692594,2.041764951,3.52032285,3.040914551,1.683675809,1.674821476,1.615200946,2.338912626,2.041764951,1.979613624,2.22715209,2.075051861,2.862904547,1.175010295,2.269680631,1.672674059,1.60738354,2.02404438,1.968163626,2.186399603,2.385681913,2.231971458,1.825718114,1.77470247,1.540738954,1.791077869,2.648142109,1.396874919,1.904079089
glutamic acid,Glutamic acid,2.001473641,2.312749871,2.513450934,0.466318167,2.218353547,2.332476102,2.081727092,2.006381022,1.818537614,1.835546176,1.442295497,2.193775905,2.960945493,2.445527939,1.700929841,2.43895773,3.518409579,1.459618281,1.067823558,1.424311042,2.911580377,2.224954048,1.557627259,3.037446406,1.972995951,1.937173336,3.990943103,2.333177329,1.506362374,4.561855997,2.8126946,1.887897968,2.079167081,2.009995157,1.709162782,2.871767145,1.877289902,2.253429727,2.535285021,2.333177329,3.094196156,2.692349332,2.169456206,1.656131875,1.587005515,2.681471218,2.333177329,3.604792272,3.451069189,2.091497278,2.657734001,1.96827287,1.8604475,1.509657184,1.577264236,2.072160429,1.526197028,1.67354162,2.542481493,2.955954948,1.792097654,1.982613609,1.179376635,3.264219329,2.57422432,1.879320374,4.441746634
phenylalanine,Phenylalanine,0.707129597,0.807850839,1.003254338,0.455414758,1.169734723,1.012890067,0.925283133,1.192208607,0.780824035,1.404016619,1.236391976,1.368853396,0.864037816,1.541993556,1.356305846,0.956324706,1.318881154,1.072416346,0.867323115,1.241015959,1.137143404,1.096956922,0.955784207,1.792047034,1.288835929,0.861054632,0.747647454,1.036732873,0.669262755,2.016094872,0.18783453,1.308469319,0.858227325,1.223324726,0.770680126,0.699908557,0.930947672,0.258016808,0.904355448,1.036732873,1.067546904,1.582093976,0.943733384,0.820702856,0.202218869,0.975799636,1.036732873,1.061336837,0.863788876,1.385206755,1.945997677,0.900219652,1.14831134,1.437495034,0.797722249,1.194542331,1.441881546,1.214098368,1.052263279,0.844113467,0.301751512,1.071205247,0.759922876,0.850913449,1.108859195,0.690639998,1.097549786
glycine,Glycine,4.66920613,3.472247784,5.881331482,5.38932222,4.807086111,5.563013035,3.172356285,4.464954128,2.695047746,3.587006436,8.086109517,7.485219715,7.52812583,5.289402731,6.657067066,7.640109199,8.757817732,4.752508756,5.651533498,6.185273134,3.799175486,4.252061294,3.564383399,5.220560802,5.252848705,3.294091265,3.338349301,5.223043887,2.544806855,16.71929721,7.114189544,4.884557242,3.798642968,5.908701027,5.897633673,6.587331244,8.159232938,5.34341451,7.471812658,5.223043887,4.889957088,4.705311267,4.965011512,2.869070996,4.995507185,3.076668166,5.223043887,2.855171796,2.121650409,5.543751312,6.169818235,4.329288961,4.534057349,7.496240476,6.261295981,6.462811361,5.77475171,3.424187861,6.820762033,7.15498387,4.950167815,2.908562363,1.316169327,4.121343149,3.669439846,3.290225836,4.938887
leucine,Leucine,0.397298578,0.524920564,0.477210168,0.449609596,0.546776273,0.67308536,0.518951054,0.453847511,0.540378978,0.771346571,0.548109122,0.480256717,0.434769806,0.584900583,0.511389317,0.551155677,0.497327802,0.534205688,0.407113542,0.386851792,0.790286731,0.483940425,0.415414806,0.590087306,0.424775795,0.496147834,0.542271519,0.542271519,0.440268744,0.415984247,0.464292297,0.488719606,0.521624471,0.812472285,0.527553067,0.542271519,1.742204888,0.283887969,0.397572608,0.542271519,0.722167262,0.624385109,0.639086199,0.52864175,0.31398733,0.899188036,0.542271519,0.542271519,0.542271519,0.59868245,0.542271519,0.384444981,0.854712283,0.721544678,0.4033971,0.623739837,0.608194758,0.438789997,0.498120493,0.491826467,0.308579874,0.63653202,0.782619643,0.542271519,0.484762592,0.542271519,0.542271519
isoleucine,Isoleucine,0.474956312,0.62531665,0.589941574,0.483276812,0.707909407,0.669941783,0.677010168,0.567736915,0.739010067,0.799978837,0.584238126,0.582609282,0.533441972,0.698344893,0.527457505,0.714038058,0.583333426,0.738779652,0.51770426,0.503100355,0.603339151,0.547758173,0.494448477,1.385720533,0.616094536,0.35572853,2.733301917,0.791141525,0.525138653,1.953937507,9.090642844,0.706294792,0.479278586,0.776094823,0.597994734,1.133407282,1.102537698,0.147248305,0.525966865,0.791141525,0.795056767,0.685502882,0.562455031,0.628820615,0.18472603,0.835939031,0.791141525,1.022748025,1.062749041,0.615236804,1.158981324,0.454261822,0.838073815,0.765716445,0.575964754,0.741691501,0.690070211,0.60530436,0.699803993,0.631156596,0.176649659,0.910412247,0.77980905,0.930674032,0.542233904,0.741745637,0.894565921
lysine,Lysine,0.413046016,0.454569315,0.500075865,0.383728523,0.5965749,0.74784248,0.813328172,0.360489255,0.602627011,0.904706646,0.485636835,0.392842876,0.568540175,0.347961928,0.436454278,0.442197293,0.397782702,0.517617383,0.421905461,0.558508344,0.714229124,0.42289123,0.367443208,1.189051234,0.533525923,0.285765913,1.616649184,0.562618855,0.525251066,2.679571763,0.482188357,0.507505676,0.238516753,0.457732289,0.395250209,0.563931956,0.780279296,0.441027955,0.56083542,0.562618855,0.66072415,0.700760024,0.447027189,0.499374414,0.447616711,0.875831815,0.562618855,0.428332316,0.419011365,0.724811509,0.456816437,0.456278326,0.396741977,0.398477136,0.372175214,0.388134128,0.461234492,0.398188231,0.594123509,0.623935301,0.389455522,0.705843153,0.577897643,0.501187745,0.830877152,0.292709346,0.42555015
methionine,Methionine,1.348728656,1.588987261,1.050190374,0.493329338,1.141483883,1.119977136,0.853916749,1.021450861,1.206031121,1.226500363,1.094586234,1.255876874,1.049679516,1.034693514,1.314979453,1.467360309,1.298477931,1.133122232,0.805849927,1.054347939,0.536400331,1.265576098,1.03523684,1.3408543,1.177254549,1.04757902,1.009779412,1.106025407,0.764818955,1.283716747,0.143426667,1.548244613,0.879885161,0.978449653,1.219510659,1.244999283,1.020587012,0.404126732,1.023754801,1.106025407,1.109124873,1.36437114,1.148186496,0.77884557,0.119344789,1.446487746,1.106025407,1.425138174,1.419584111,1.358222549,1.243503986,0.819174825,1.160000498,0.653295885,0.72930551,1.058385166,0.913113607,1.380031177,1.774841651,1.419364462,0.617586415,1.043860676,0.80176082,1.362305386,1.225951111,1.337623927,1.618716139
asparagine,Asparagine,1.209180413,1.049649883,1.627058548,0.141553708,1.323226311,2.318532716,1.020996657,0.615289388,0.967099981,2.03164992,0.73060528,0.824045913,3.478947694,0.899960405,1.00886692,0.736718098,1.629529113,0.842739351,0.989233469,0.715800868,1.975394859,1.429782053,1.150385958,2.76733639,1.139749897,0.727520075,1.430242402,1.363787456,1.127705723,2.922856193,1.282295113,0.88589034,0.978669954,1.016379779,0.673616285,2.255013974,1.33590827,1.086662288,1.591878176,1.363787456,0.979413698,1.415776642,1.081005851,0.394860458,0.389619409,1.019372295,1.363787456,1.720524766,1.998041633,1.146497287,1.977304674,3.786388988,1.131727356,1.553782643,0.682594995,0.447163132,0.552030055,0.793956576,1.645451772,2.90742358,0.861163324,1.042228625,0.412052201,0.810879808,2.81234242,0.848067426,4.562832445
glutamine,Glutamine,0.755940496,0.60922923,1.160931832,0.248826531,1.13136687,1.195264338,0.925566685,1.200709267,1.298646582,2.112565604,1.283860163,1.527313757,1.420927192,1.035419026,0.95131067,0.796074579,1.63560703,0.899342875,1.128587474,1.085366818,1.578439662,0.599723595,1.178668017,1.709106392,1.578549768,0.280432553,1.224111429,1.224111429,1.012590818,5.641042594,2.735708668,0.930435538,0.201463141,0.743742396,1.028421642,1.224111429,0.915882501,0.778778336,1.164168411,1.224111429,1.041575938,1.78323681,0.684010809,0.996863278,0.425757801,0.949803252,1.224111429,1.224111429,1.224111429,1.787309447,1.224111429,0.310510578,0.92200438,0.897009103,0.507095331,0.536723164,0.827849696,1.048133515,1.212629151,2.137921389,2.539175614,1.054655235,1.225774714,1.224111429,3.231269982,1.224111429,1.224111429
proline,Proline,5.054820775,9.657156548,3.818905624,3.549555201,2.363128055,3.22596384,1.539431194,6.019273873,10.15226844,4.892424092,2.169893931,2.796586125,6.073477911,9.755775898,3.845166637,5.624796704,6.934650938,3.037769976,14.67063602,4.280322892,11.81147863,6.931549125,9.363703598,11.05253737,1.984350628,9.269475405,6.706469012,6.133664284,7.956041878,3.490853182,9.278325453,3.286377906,4.436772457,5.23916169,4.042294235,10.46917124,1.190849561,1.686705849,9.292834885,6.133664284,7.116579044,6.640621708,5.575034233,5.89981175,4.26663729,5.437972119,6.133664284,5.113114944,5.02341214,7.30404299,7.706101865,2.303193427,5.092921594,2.028195879,6.79160535,8.852047219,6.799229595,6.874274603,4.12221967,19.13632255,4.259169119,5.422572443,4.638252859,4.934525386,3.831079529,2.80291397,2.415333056
arginine,Arginine,1.47574448,1.604385435,2.52329593,0.922546753,2.836701858,3.782216739,2.243658394,1.747920297,1.663167019,2.629668849,1.977426359,1.380538848,2.642840246,1.247992714,1.300683623,1.567222967,1.523826962,0.888513204,1.443800404,1.793326758,0.759248296,1.552262303,1.054758058,3.365495694,1.2119342,0.261575434,1.867494016,1.867494016,2.007287001,12.61129096,5.884079769,1.113064538,0.194673914,0.998908406,1.886786614,1.867494016,0.503632011,1.279498153,2.053094417,1.867494016,2.640249029,2.465731342,1.402538334,0.833945308,0.768538686,1.684048777,1.867494016,1.867494016,1.867494016,1.885905176,1.867494016,1.324746405,1.721884212,0.843799208,0.452037314,0.546269728,1.039267604,1.096506372,2.739846106,3.15211801,1.726093041,1.165954677,0.567065932,1.867494016,5.982620224,1.867494016,1.867494016
"serine, dl","Serine, DL",5.450383577,6.395268682,2.566310247,3.244186723,2.951199407,2.530014264,4.308399536,4.823785732,5.180039421,6.678880653,5.28535187,4.787409933,4.883288634,6.096255984,3.819925183,4.784182558,5.030415454,2.67070964,5.618416825,6.032586305,7.113626628,6.361544384,4.444862822,6.663178124,3.178413196,7.784363164,5.599503058,5.052967977,4.975013863,3.753749246,11.02514663,2.974625684,4.257282455,4.052197485,4.093573564,5.673157789,4.995908009,6.803236554,6.256565214,5.052967977,5.12540845,5.219250129,3.957047792,4.010494627,3.484210658,5.024892901,5.052967977,5.344119262,4.929690137,5.379156226,4.738941899,3.862039327,3.685451235,4.23332779,4.014959732,5.7658118,4.243662298,6.09303989,6.619973279,5.657477895,3.148007023,4.874860735,2.505051862,6.457527973,5.496067641,3.541757236,5.478807463
threonine,Threonine,1.964080474,2.876344394,1.880924222,1.734311109,2.271511973,1.563189351,2.018511227,2.253066088,2.61803184,2.521008443,2.949941834,1.959587645,2.198590771,2.475209667,2.232618022,2.122043185,1.605258717,1.881958106,2.653034836,2.41576656,2.836483512,2.260041028,2.750914521,2.834135065,2.157344982,2.403450134,2.296545997,2.343260993,2.150506111,3.304446931,2.604039704,2.316202595,1.799506288,2.187644466,2.2333587,3.075127131,1.877561232,2.025970359,2.504224734,2.343260993,3.116310303,2.69684846,1.952315388,2.565742035,2.829513134,2.481610522,2.343260993,2.405950489,1.989682017,2.486413742,2.404978896,1.806977094,1.495741469,2.47011261,1.906203472,3.849649416,2.230325907,2.5019037,3.163565376,2.486422587,1.453790113,1.721674798,1.036879543,1.92482161,2.377495133,1.64102671,2.289828037
valine,Valine,0.798525942,1.070853902,0.948562796,0.792531504,0.949664939,1.032720408,0.834537498,0.932740688,1.079970454,1.111344006,0.915287397,0.853787006,0.815649752,1.129568285,0.990111703,0.995262452,1.444068143,1.08890312,0.912972135,0.850302563,0.994552021,0.981662422,0.842950167,1.421372435,1.067929099,0.785719264,1.260760339,1.057024657,0.846580254,2.018313531,0.978740869,1.228863415,0.813584897,1.120218414,1.217007079,1.328827438,1.084832996,0.846009327,0.809945938,1.057024657,0.985778554,1.194239172,0.926769866,1.160501107,0.879466087,1.049356149,1.057024657,1.409143239,1.363356055,1.08839586,1.425943056,0.615252671,1.132883403,0.964096967,0.948996305,1.104850624,1.02135962,0.801198314,1.135755076,1.291355404,0.899232665,1.055892039,0.989142617,1.071681596,0.869194128,1.02797033,0.953472153
tryptophan,Tryptophan,0.498169851,0.779683456,0.6255741,0.551243174,0.87915972,0.745600227,0.876392928,0.748512933,0.71803281,1.566515016,1.062883587,0.443612001,0.634550525,0.586703597,0.728422146,0.586209896,0.554149982,0.618410958,0.611828851,0.67432884,0.987313927,0.557840848,0.608511379,1.40531128,0.663123122,0.935183854,0.734089578,0.734089578,0.456788002,0.981263352,1.422732547,0.611651795,0.594386989,0.826018688,0.559095169,0.734089578,1.027054581,0.467021668,0.747550455,0.734089578,0.85532152,0.916624012,0.67670081,0.604489382,0.801615719,0.811238516,0.734089578,0.734089578,0.734089578,0.753758937,0.734089578,1.437854348,0.941867387,0.836592269,0.515594786,0.367945446,0.650866415,0.582527593,1.267183665,0.781009745,0.386909754,0.664499967,0.483699969,0.734089578,0.688612354,0.734089578,0.734089578
tyrosine,Tyrosine,1.38946162,1.521542737,1.580577903,1.112161734,1.760217274,1.642623676,2.748363577,2.208319212,1.800981015,2.94868076,1.550828924,1.401689274,1.18239538,1.876115515,1.462984327,1.428236221,1.781803677,1.733490185,1.439655994,1.60282441,1.956025914,5.22053862,0.339372207,3.766768306,2.035472518,0.233058156,1.807524804,1.799567433,1.541115511,5.47008889,2.481375749,1.825493368,1.102047968,1.573644158,1.4881511,1.757595016,3.060190531,1.905688033,1.341828251,1.799567433,1.951172525,2.134248965,1.654573669,1.362539834,1.314730904,2.130551487,1.799567433,1.613495957,2.233421686,2.483557469,2.841933615,1.738735325,2.256075439,1.437839012,1.126333553,1.908627218,2.245704412,1.576594371,1.759173213,1.308260199,1.31710054,1.95427235,1.664097133,1.964847804,1.95958602,1.254962924,2.028313996
"alanine, beta","Alanine, beta",0.340428753,0.490246131,0.471647173,0.307820733,0.30558919,0.546371666,0.50428868,0.439125154,0.685530494,0.581527617,0.327993888,0.352924051,0.345512095,0.381476214,0.543384159,0.475070387,0.53196135,0.532306687,0.540983974,0.357402691,0.578596073,0.49401289,0.423195986,0.956014503,0.405757064,0.464872917,0.485646963,0.493769239,0.432985728,0.877731201,0.313807508,0.487468027,0.335857159,0.550419357,0.491596544,0.552635176,0.399135185,0.462261341,0.409829003,0.493769239,0.610995405,0.709096135,0.486949411,0.539620438,0.318597205,0.584043088,0.493769239,0.505003495,0.582563606,0.495630828,0.599234533,0.464108237,0.490070254,0.365203885,0.460340419,0.432033456,0.472828778,0.43544408,0.643780558,0.480905877,0.425458757,0.603974665,0.437548286,0.596339175,0.431103776,0.406403727,0.391425112
putrescine,Putrescine,0.891591256,0.749930159,1.195783537,0.209772697,0.71507989,1.211964261,0.875101758,1.003432504,1.388115225,0.746728206,1.453701777,0.737589871,0.850980191,0.9164028,0.854320777,0.487885095,0.705678612,0.653383583,1.444236986,1.180903703,1.452445383,0.835944162,1.160697683,1.149623581,0.863797182,0.438032497,0.773153604,1.042953237,0.885597365,2.510107282,0.899929831,0.637842663,0.504903699,1.043213105,0.62363816,1.824091803,1.527765521,0.628794177,0.872967251,1.042953237,1.047450061,1.203798864,0.700989807,0.603908623,0.423291484,0.70693755,1.042953237,1.61391544,2.146783453,1.239933336,2.219510658,1.532943809,1.097446948,0.827994973,0.561036835,0.52205402,0.718567671,0.386794538,0.870105239,1.289404048,1.145848211,0.907596022,0.360939789,1.327729668,1.809430233,1.179685245,3.442313077
spermidine,Spermidine,13,12,17,10,20,17,12,16,16,17,15,10,18,16,17,11,13,15,10,12,15,18,12,12,15,18,10,17,17,16,18,17,20,12,17,10,13,12,15,15,16,14,20,13,13,15,19,14,15,14,19,11,20,15,12,10,15,19,19,17,11,13,18,17,16,15,18
ornithine,Ornithine,11,11,19,13,14,12,10,18,12,13,16,19,17,20,20,13,16,10,10,20,17,19,15,19,10,13,18,18,12,16,20,17,20,10,16,19,12,14,11,18,15,10,17,13,11,15,10,16,20,16,12,10,18,14,20,20,16,11,13,19,13,17,11,12,14,10,14
shikimic acid,Shikimic acid,1.038598861,0.946936018,1.207335243,0.554800528,1.207022632,1.314493106,2.033258898,1.312795108,0.950363477,1.188424816,1.180486618,1.051546243,1.106505137,1.560101768,1.593268723,1.665312561,1.249415162,1.080587816,1.159275585,1.343413797,0.924485366,1.207515371,1.377855447,1.215696366,1.177348505,1.1586783,1.237567778,1.237567778,0.806539675,1.655306696,1.515217282,0.99846729,1.040230858,1.763223726,1.336636568,1.237567778,1.110495862,1.338102457,1.119464178,1.237567778,1.365874535,1.341685224,1.612742124,1.125566454,1.041890018,1.000566534,1.237567778,1.237567778,1.237567778,1.127073685,1.237567778,0.745845367,1.251816649,1.496863872,1.005078587,0.916034351,1.113402493,1.553573776,1.796053238,1.279318653,0.958849367,0.970160096,0.744366157,1.237567778,1.633362144,1.237567778,1.237567778
"proline, 4-hydroxy","Proline, 4-hydroxy",0.970933369,1.79168463,2.096137411,1.086644208,1.975852507,1.146039251,1.225212088,1.22392177,1.389737469,1.923883933,1.680592547,0.9971517,1.829567588,1.600154075,1.061803088,1.570926012,1.48333671,1.455975548,2.217905831,0.75301844,0.948645535,1.602002144,1.419830538,1.690105407,1.474274924,1.730314817,1.912875908,1.413038541,1.821257215,1.116264784,0.066786572,1.569270243,1.363371458,0.951923312,1.250742649,2.498050815,2.061398563,0.052496052,1.719471632,1.413038541,1.74628442,2.050949987,1.452202711,1.026982658,0.044561833,1.093147643,1.413038541,1.155618047,1.394368339,1.530854228,1.027409146,0.769083807,1.414411893,0.522545559,1.253255406,1.177310447,1.148684322,1.76315057,1.888398756,2.91659576,0.25055649,1.495187685,1.251787144,1.074724638,1.675190506,0.755834784,0.899587302
malate,malate,3.467591045,5.040511955,3.575184679,3.467591045,2.788454251,3.467591045,3.893895603,2.864483601,3.467591045,5.193998772,3.314866676,3.467591045,3.840884129,3.676480425,3.353855425,3.467591045,3.467591045,4.04561143,3.667257629,2.483937715,2.722193615,3.467591045,3.467591045,3.631307238,3.35597329,3.841839655,3.17603332,3.467591045,3.491945195,3.467591045,3.467591045,1.433185259,3.530164813,3.467591045,3.488570127,3.290517285,3.467591045,3.467591045,2.604844221,3.467591045,3.257256269,3.225498114,2.751644396,3.306819913,3.467591045,3.467591045,3.75959419,3.466842486,3.879146732,2.601078941,3.21951691,3.467591045,4.409449118,2.740976526,3.467591045,3.467591045,3.467591045,5.588043252,3.200019484,4.521359691,4.5597339,3.468171109,3.688629734,3.524272114,1.978902414,3.467591045,3.24645064
fumarate,fumarate,9.905738979,2.86835348,3.134286696,7.310202318,2.871589941,4.178380839,3.633268624,7.488344946,2.405244455,10.00710167,3.484858951,3.041938968,3.342291902,12.20054229,6.827384422,12.19182044,12.05764935,4.011751056,8.922170571,9.768101117,4.714321161,7.338021511,7.403917851,5.565021734,3.390191801,11.68749122,8.202863123,7.436673679,3.256425087,15.0459234,5.590035919,3.601380775,6.810689439,6.53232528,6.786026888,7.936919328,17.68274606,11.95544646,10.06630837,7.436673679,5.036572292,4.847441558,6.221234661,5.443789636,9.360473248,7.319982417,7.436673679,6.562155848,6.823440964,2.989158206,7.754432996,5.368175063,4.529897532,5.87336747,5.422412642,6.526249342,7.042280061,12.18026309,7.415811615,5.171744904,8.976205326,6.031746688,7.021770935,6.758735872,1.918944091,4.582004696,5.784041613
succinate,succinate,0.319891851,0.422794359,0.456940751,0.695849519,0.802510915,0.559389873,0.383835508,1.287013768,0.329668282,0.539458652,1.008738136,0.688183374,0.482931326,1.186525885,0.587723022,0.616740603,0.523395944,0.680835109,0.579840062,0.41332221,0.603411902,0.594822241,0.525702314,0.539530369,0.570313442,0.413538142,0.817234546,0.60496929,0.219750479,0.520734486,0.549574998,0.389071585,0.539367656,0.664578279,0.744802637,0.775457835,0.398268877,0.796152473,0.299687861,0.60496929,0.6480319,0.530437425,0.737973767,0.566910376,0.885934314,0.640373602,0.60496929,0.684610428,0.95129566,0.517554167,0.861627529,0.370562561,0.481647396,0.892925916,0.372703664,0.665056604,0.615549447,0.881095751,0.621148991,0.474511589,0.392636159,0.508120724,0.628093862,0.544792807,0.278921902,0.645683783,0.501416492
glyceric acid,Glyceric acid,1.457490661,1.0602046,1.00215979,1.277701424,1.401294398,0.991024412,1.092090855,1.589194231,1.156830855,1.685506735,1.027526329,1.109696507,0.625326087,1.560199242,1.153399862,0.440609035,0.813642788,1.144535318,1.51252698,1.374840245,1.437677605,1.02481522,0.91758116,1.219225659,1.296153812,1.50396104,1.463587936,1.114739206,1.019348947,0.873683217,2.419260468,1.094307723,0.70790148,0.467958946,0.967555172,1.052935288,0.353272974,0.721355053,0.90160404,1.114739206,1.42230975,1.110038031,0.955922301,0.913129319,0.771192768,2.899628909,1.114739206,0.889737687,1.232666759,1.381209286,1.305376612,0.556720295,1.215340053,1.084649603,1.390659012,1.290946808,0.803952736,1.424330332,1.492995947,1.264098377,1.268658306,1.031838918,0.320624148,1.417949556,0.671884218,0.705706535,1.209096792
no3,NO3,66,74,70,60,66,81,100,54,59,99,58,87,71,84,54,78,85,55,94,89,95,54,70,90,55,76,85,77,50,74,55,58,76,68,82,78,66,81,81,79,54,87,92,50,51,53,90,59,75,57,76,93,93,65,68,79,56,62,88,84,85,74,88,51,89,63,83
urea,Urea,1.350535447,1.605139446,0.966456134,1.107534745,1.040762097,1.060611139,0.876289802,1.180706172,0.966561786,2.429805674,1.306349302,1.30318576,1.441638216,1.043543259,1.22385817,1.311291207,1.139158379,2.910537397,1.402460555,1.10351497,0.965709797,1.517194752,0.638623993,1.212775337,1.079186663,0.110621999,0.697977806,1.264578938,1.81163685,3.40629771,1.039870841,1.38550348,0.548143425,1.330286076,1.105164471,1.391922227,1.131527526,1.03448501,1.264578938,1.264578938,1.059186527,2.428560061,0.716422941,1.105043401,1.969680268,1.273746068,1.264578938,0.618783629,0.668009757,1.007064498,1.313891259,1.359076838,2.930598748,2.149908268,1.13734526,1.975436948,2.282450611,1.264578938,1.269320479,1.16056718,0.891679926,1.266503435,1.090027857,0.813063106,0.543651552,1.32852968,0.455290321
4-amino-butyrate,4-amino-butyrate,0.502839889,0.54328745,0.484820605,0.592064849,0.564067265,0.711068828,0.608522786,0.657969966,0.677162253,0.723983433,0.760679026,0.584907192,0.533535562,0.582728467,0.694409766,0.672555623,0.632284325,0.985274615,0.449066348,0.480106537,0.570543777,0.72568832,0.505960408,0.711713305,0.542410512,0.503351614,0.618835654,0.638349548,0.46727934,1.052826371,1.086021988,0.500885823,0.545261647,0.811539089,0.551005768,0.921442076,1.022723445,0.483847164,0.314062257,0.638349548,0.709107202,0.715323463,0.517240081,0.569511541,0.532576338,0.692733523,0.638349548,0.736423158,0.779503896,0.591514094,0.716987052,0.546612399,0.736603317,0.673812071,0.457864083,0.511891408,0.525436677,0.436469665,0.688577355,0.656267848,0.555020814,0.673922451,0.542851624,0.696266262,0.757244149,0.842967105,0.687273101
benzoic acid,Benzoic acid,0.863901272,0.915904917,0.984155256,1.021755439,0.896070911,1.002212954,0.856489103,0.9059188,1.256655748,0.853737621,0.805942774,0.914452197,0.896345954,1.023332255,0.902810074,0.912278713,1.441971992,1.018420879,0.935171016,0.887794085,0.837922741,0.797191036,0.848851901,1.007366811,0.895950604,0.862032086,1.142501557,0.992992914,1.046027395,1.820056306,0.840402914,0.975934105,0.702083398,1.250319626,0.930327202,1.131056729,0.977394389,0.689122978,1.070993905,0.992992914,1.120521794,1.148190526,0.938375371,0.891917711,0.945665414,1.190623077,0.992992914,0.916446251,1.005446752,0.934271099,1.3674474,0.727061614,0.972095839,1.490160774,0.886690343,1.600957365,0.991041706,0.833555948,0.861768283,1.211283571,0.878901459,0.906207106,0.76995076,1.224562256,0.731471398,0.954190696,0.976074322
nicotinic acid,Nicotinic acid,0.290843886,0.292578843,0.292578843,0.292578843,0.292578843,0.292578843,0.292578843,0.292578843,0.292578843,0.523784286,0.292578843,0.292578843,0.292578843,0.522633478,0.214272998,0.247695238,0.207725628,0.292578843,0.351632129,0.128702512,0.454836191,0.292578843,0.292578843,0.364522447,0.292578843,0.292578843,0.671041787,0.292578843,0.114872975,0.292578843,0.292578843,0.292578843,0.292578843,0.231398387,0.275555587,0.521463071,0.292578843,0.292578843,0.44087436,0.292578843,0.326103411,0.292578843,0.375251073,0.292578843,0.292578843,0.462926399,0.292578843,0.264924918,0.25681313,0.040270146,0.232091303,0.425114559,0.275943763,0.290425205,0.195419543,0.154830313,0.292578843,0.210556972,0.631769485,0.082264928,0.292578843,0.048947313,0.238232191,0.269669247,0.292578843,0.204986735,0.188223393
dehydroascorbate,Dehydroascorbate,1.860314817,1.760789387,0.508240299,2.553431235,0.200655301,3.240936907,2.538810958,3.464106147,1.683125243,3.972386764,3.566101488,3.331622402,2.322472828,2.690596368,3.262923672,3.314770171,2.978515028,4.548000807,2.572122827,2.534782422,2.860161185,2.695811815,2.244271025,2.496266482,0.229890264,2.197818687,2.36976066,2.53484958,1.526844216,5.030028821,1.642720621,0.212800338,1.340165672,2.78483756,2.642175883,1.981476256,1.645849257,2.877053832,2.124680661,2.53484958,1.223019421,2.725040903,2.879264136,3.68559261,2.073320372,4.625271903,2.53484958,2.823072748,1.8913828,1.869913221,2.016298847,2.373238656,1.065090449,2.558245528,3.347400576,3.18637083,1.797937222,3.722214438,2.871584014,3.594180579,2.504966318,3.02063379,1.671011288,3.021733817,1.441842468,1.739114725,2.169722728
threonate,Threonate,1.150725711,1.045131266,0.947579426,0.870953155,1.342931465,0.868333913,1.022498044,1.194581907,1.321655796,0.747597354,0.979905927,0.967714587,0.984979138,1.517058129,1.077710592,0.824181604,0.899815775,0.821707322,1.701568076,0.978867805,0.683983138,0.909751519,0.873687795,1.275030732,1.160669453,0.642837309,1.018139474,1.130663985,1.281695736,2.200318022,1.659907492,0.834783478,0.424672481,0.966363482,1.111647314,1.182709435,2.945556144,0.749456257,1.149821272,1.130663985,1.388436482,1.494805938,0.63462923,0.808316981,0.86074845,2.411929709,1.130663985,0.803925394,1.132992154,1.225766569,1.614862817,0.779219558,1.268046163,0.615794173,0.813860626,0.931863909,1.198520992,0.92096111,1.70796707,1.215315262,1.117511374,0.973951362,0.47403362,0.873252044,1.098498414,0.929138362,0.980672544
nr_vmax,NR_Vmax,417.7131951,337.5772411,628.5174824,417.7131951,417.7131951,397.2996085,305.1831622,489.7226464,405.4514846,417.7131951,417.7212132,439.0185369,321.7813767,281.3512778,529.1919565,417.7131951,383.7779771,509.7395449,417.7131951,417.7131951,520.8484864,324.0399061,425.6389472,458.6402995,464.7476545,417.7131951,411.567801,370.0743834,261.6016363,318.4869821,392.2590777,390.4699205,213.6100608,346.5406339,487.4266545,462.6812708,436.5535065,359.1187275,312.7738141,417.7131951,569.2259197,557.6478389,444.0764081,420.6666164,463.969476,498.3161944,601.6447929,408.8364639,387.5984299,417.7131951,572.4245687,110.4199094,458.7361101,417.7131951,280.8074105,417.7131951,362.7968477,417.7131951,417.7131951,465.7254474,403.8062893,417.7131951,498.0734447,417.7131951,398.5166403,443.6456607,510.2933636
agpase,AGPase,486.3404776,930.8230481,558.2408591,620.6944785,760.1401499,467.3294707,743.5113714,676.0183516,862.2449009,699.5040205,581.8997707,539.8363591,707.482992,492.9322695,674.4814102,814.3940475,408.5585866,796.5131792,569.0781838,664.1050307,638.9424501,705.4056549,587.5322944,669.2180098,648.3786231,653.6846811,710.7120763,776.7222506,685.5163543,748.5686046,782.3946749,663.9809945,727.1651747,673.0287574,765.141446,724.0262243,805.011248,720.2237098,687.7046002,769.4780539,721.4625431,825.2450114,886.8194472,734.324465,666.1946251,617.13795,761.2272495,680.0846071,948.5717952,664.6740417,775.6591259,749.9533915,618.9148986,596.9385151,858.879608,593.5496503,796.1205054,885.1114258,601.1573527,639.6326788,709.8016592,546.0097463,550.1973071,725.4750818,899.0609937,565.0738182,717.0508439
gs,GS,1422.294291,1008.07435,1098.370274,959.4009725,1183.77897,1405.467298,1210.74167,1279.01202,1331.58237,1042.818734,1219.308868,907.8662187,1254.518787,774.1068642,1226.577413,1382.225152,1159.037306,1265.594654,1130.484878,1182.954807,1108.789304,1038.712301,1097.302282,1226.394321,1011.876336,959.6576619,1034.303179,1160.318784,1148.383536,1021.101818,1044.672373,1163.351425,1154.82301,1155.227541,1266.381944,1208.997908,956.6184659,1121.832886,1259.343742,1174.614897,991.9578291,1228.985524,1303.043943,1066.674739,1155.227541,1358.34032,1032.551653,1116.523338,1041.350979,1093.264541,1255.403249,810.165533,995.1669339,1138.872182,1178.536673,1031.484831,1106.280906,1199.623432,944.3403287,1068.98483,1138.968407,1112.326339,1196.855037,1081.383823,1221.111329,1194.085114,1018.614413
nadmdh,NADMDH,52414.20061,45761.53651,51003.69478,54169.03174,54192.05228,55631.49498,58537.58339,50326.20816,63014.04848,56962.21925,48100.23244,54185.16572,58630.35939,38571.60234,50736.88073,54848.10256,51996.29891,54083.01205,59102.84656,54185.16572,50035.85332,50345.09995,41878.92798,56536.94777,45371.43162,52842.50027,71987.81961,44673.88674,51606.53406,54185.16572,56772.30085,50165.08624,49516.71468,48934.9671,60154.64046,60329.64106,59848.79896,54185.16572,58757.46209,54185.16572,56635.04153,62120.45956,54185.16572,57495.61374,47891.57933,54865.84188,39239.37163,54026.14025,58026.34624,50961.66714,49880.64756,54185.16572,40540.60285,45256.74345,42096.05254,51642.35761,60071.36046,51546.71223,51963.21597,54782.5819,54606.78399,58396.34817,54185.16572,51550.92456,64761.16486,43057.02052,51327.56968
gogat,GOGAT,1966.782596,1807.060834,2381.588697,1786.373009,2274.449998,1921.422854,1430.754703,1558.348902,1879.602023,2131.595912,1750.368733,1543.092941,1807.060834,1662.355855,2143.10406,1350.59432,2033.030158,1807.060834,2171.544692,1455.39004,1426.425096,1786.712725,1772.759534,1313.309231,2620.362958,1907.279601,1807.060834,2412.126082,1539.020775,1529.974206,1868.97665,1670.999535,1835.759657,1373.599505,1757.717767,2112.133969,1758.559477,2287.395549,1998.033359,1954.239133,1411.085065,1638.501553,1719.367974,1594.503857,1394.315812,1764.737997,1807.060834,1807.060834,1260.83398,1840.869672,1799.059074,1993.987729,1807.060834,1420.829267,1854.612625,1309.253115,1629.505679,1777.812555,1897.112336,1807.060834,1591.028923,1882.719128,2170.094912,2010.747443,1679.412212,2039.811311,1721.379428
pepcx,PEPCx,845.8264589,545.1175576,707.9976615,924.7612943,665.3053375,616.501293,708.0699575,870.8341664,1001.587943,749.3007362,670.7772585,680.9682355,683.6971898,472.7269791,665.9782561,716.1022635,695.1439947,950.4827866,553.5116712,1094.553439,749.3007362,727.0134501,529.0029517,749.3007362,626.2992393,749.3007362,664.1087866,442.6719756,624.9297459,602.4293991,778.2014342,620.5431239,855.3299537,708.5361776,753.7388713,739.5255813,570.8849559,766.7748505,723.3084332,580.3167075,902.2504996,1008.545957,776.2682378,895.6721098,707.7353341,814.1887721,959.9952753,819.7538826,1135.614007,749.3007362,720.203678,749.3007362,655.3010391,698.569417,668.4981099,807.0056922,1067.640567,745.8008409,513.0503662,580.1517232,696.6963731,760.7950871,825.4111116,692.7493224,584.7074814,597.567825,915.2055269
nadgldh,NADGlDH,476.4276066,603.5019275,485.6096558,544.0293608,554.8254147,530.7754529,687.2065829,689.5719519,663.4441318,759.1141056,624.7071575,572.13929,593.2743013,427.1539849,601.628795,604.2057845,507.4513742,529.4191829,447.2857814,557.2342893,640.6694317,621.3783812,508.1278905,718.4784796,421.3072875,580.5715364,447.521807,669.8965707,473.3419671,427.4590323,497.8082321,507.2872097,569.4716573,505.7983909,584.482481,514.0864628,480.9834624,581.0444012,564.4507136,479.1650511,506.4826525,534.1364584,713.4675299,452.9765871,569.4716573,502.2996979,502.460946,548.02879,681.9736406,610.0465132,437.7024123,569.4716573,461.4824861,508.8396977,602.6022021,557.542005,569.4716573,545.254912,705.2435135,612.6936489,521.4350596,543.9592712,576.3125937,535.4938045,715.0362094,519.009695,528.3398591
fumarase,Fumarase,4071.515872,4518.538832,4686.251985,4481.77019,5525.477757,3925.462855,3862.761505,4613.480027,4538.560911,4345.256363,4677.441603,4473.246701,5578.106316,3373.499625,5366.311372,7188.550266,5919.372951,4061.419653,4073.202963,4417.240148,3613.43351,3397.664826,3902.574243,4478.211661,5524.135487,5216.499308,5236.029525,5059.310844,3445.214535,4481.77019,4304.903548,3614.832125,4318.34443,5194.794474,4254.014944,4412.165265,2678.252962,5539.967413,4481.77019,3325.778313,4635.167315,4291.510456,3547.678848,4189.116772,3697.393923,4413.794227,3765.571697,6386.705569,3700.985446,4715.593862,3505.229292,4481.77019,4198.623261,3994.026726,3193.663909,4563.587605,3801.477507,3652.567414,4421.177577,3817.312703,4242.572298,5052.953825,4269.265963,4396.867542,4538.49919,3119.571618,4156.531856
