"ID","fcln2fcln","fcln.opt2ln","fclc2fclc","fclc.opt2lc","fcln2fclc","fcln.opt2lc","fclc2fcln","fclc.opt2ln"
1,0.272656020500203,0.267819958873521,-0.088947131683062,0.22820713560437,0.117062847536405,0.283282774506422,0.119947646702162,0.0699750574241201
2,0.272686616539104,0.267731058131732,-0.0890665318693771,0.228320068087812,0.117075123360919,0.283322421968451,0.11992515188212,0.0697981054045893
3,0.272641934171053,0.267755310482761,-0.0890696027187141,0.22830421241874,0.117035455083821,0.283271609142765,0.119876510431902,0.0698960100850977
4,0.259337827632482,0.155152258082822,-0.0466296589199163,-0.219918122127898,0.13672287791962,-0.0551626398046593,0.151021358461194,-0.0105659954122727
5,0.272666956710843,0.267728225866769,-0.0890038340935722,0.228130202606888,0.11708796398415,0.283186551438415,0.11993534854627,0.0698847387855544
6,0.223202260677439,0.321785937015869,-0.0590140223343747,0.447404549446955,0.106374680114598,0.468191479362907,0.0970028116788317,0.294215252463062
7,0.248956430741655,0.0990715632449685,-0.0227525088630341,-0.287747668790028,0.145534867773959,-0.178650905651166,0.161380946456973,0.00598536237733868
8,0.197448741896606,0.0972866013154326,-0.00791577892327217,-0.260609936131577,0.145296048314999,-0.181639571369537,0.153842040512553,0.0612884848823579
9,-0.15530542132951,-0.102199205438265,-0.224539760578724,-0.15040463166531,-0.184421440168616,-0.162904620115978,-0.1998975852316,-0.08526985626768
10,0.260674589013672,0.262552321759621,-0.111665445046142,0.288292994466602,0.101196075312934,0.347002890185389,0.0949919006846492,0.10469997745474
11,0.260674589013672,0.262552321759621,-0.111665445046142,0.288292994466602,0.101196075312934,0.347002890185389,0.0949919006846492,0.10469997745474
12,0.259498842883314,0.25482411835667,-0.106810422546853,0.270095189038682,0.102955812764388,0.327411331861504,0.0993059574805552,0.0892431353908872
13,0.259537652310195,0.253357468678717,-0.102604901015474,0.25596028742283,0.104712511925697,0.311123797233759,0.101940301005554,0.0794948367628161
14,0.259531529500278,0.25408899728156,-0.104745146187087,0.263375697430539,0.103803141738716,0.319645023212526,0.100582356339097,0.0843937480703532
15,0.259466930960176,0.252600020262227,-0.100818270847779,0.249219975622224,0.105460139206381,0.303494433812873,0.103070463898603,0.0752043882814425
16,0.259514498464169,0.253687085876873,-0.103457311925333,0.259054175902011,0.104353430974811,0.314639024073725,0.101396481230446,0.0815013209092159
17,0.0740528591325381,0.335378095125602,0.184138542092861,0.376348123114997,0.0278078476352744,0.37625468485833,0.0318037944283369,0.308085396820963
18,0.0740528591325381,0.335378095125602,0.184138542092861,0.376348123114997,0.0278078476352744,0.37625468485833,0.0318037944283369,0.308085396820963
19,0.0740528591325381,0.335378095125602,0.184138542092861,0.376348123114997,0.0278078476352744,0.37625468485833,0.0318037944283369,0.308085396820963
20,0.0844612285691116,0.347704900123007,0.189943126118894,0.376932896856547,0.0270404747794135,0.376391166196037,0.0299921527656034,0.318780663104756
21,0.0740187825936928,0.335370278511033,0.184111936449523,0.376347513032831,0.0277772497710898,0.376254160139101,0.0317797505792902,0.308076773800956
22,-0.00459547886613267,-0.185818460192279,-0.198215941728148,0.090539938804334,-0.153977817532009,0.0898547804248368,-0.131919718555206,-0.192778939762419
23,-0.00459547886613267,-0.185818460192279,-0.198215941728148,0.090539938804334,-0.153977817532009,0.0898547804248368,-0.131919718555206,-0.192778939762419
24,0.229207345612638,0.164147398488479,0.298802851832935,0.210031939914086,0.261757379058598,0.194108098111322,0.261389920611001,0.183494877524339
25,0.112416689905391,0.36181055912976,0.138587897782385,0.459949470978187,0.129584640216633,0.474704160127128,0.127415547270256,0.35147374561013
26,0.124430706179583,0.376010026150774,0.136080436081354,0.462200318120731,0.118695696014515,0.475992372542589,0.1180059636265,0.361496597732379
27,0.125334770728599,0.376051056355149,0.13710789235087,0.462194424812491,0.118414199725199,0.475836038350695,0.117932675868256,0.361314104780441
28,0.125334770728599,0.376051056355149,0.13710789235087,0.462194424812491,0.118414199725199,0.475836038350695,0.117932675868256,0.361314104780441
29,-0.165070959259985,0.282001866879557,-0.0417452274787032,0.324345247180288,-0.15489993363999,0.33131857772417,-0.131972150013043,0.271046343667614
30,-0.165070959259985,0.282001866879557,-0.0417452274787032,0.324345247180288,-0.15489993363999,0.33131857772417,-0.131972150013043,0.271046343667614
31,-0.213506363621195,0.30775847236458,-0.105213683542371,0.301585549744688,-0.248021302406797,0.302930820538442,-0.209173267340896,0.301280948004481
32,0.137340655180398,0.295306401359324,0.281927181251431,0.419672701859687,0.244499468713655,0.445807263221823,0.207285627382259,0.278582234429537
33,-0.195744942650926,0.311963299925497,-0.102671194942007,0.291902954455895,-0.23439840648949,0.294951648170912,-0.196028168550835,0.303592128148383
34,-0.0336706724168828,0.038063706800277,-0.114230594392239,0.0540125628743235,0.0660953765266511,0.0761780639717585,0.0184013301145882,0.0430809211270164
35,-0.0336706724168828,0.038063706800277,-0.114230594392239,0.0540125628743235,0.0660953765266511,0.0761780639717585,0.0184013301145882,0.0430809211270164
36,0.131811413648668,0.393527750140664,0.12464147859473,0.468872670664149,0.0983923158583206,0.479120178277493,0.100490245786487,0.376653817359444
37,0.131811413648668,0.393527750140664,0.12464147859473,0.468872670664149,0.0983923158583206,0.479120178277493,0.100490245786487,0.376653817359444
38,-0.0547358944605855,0.22499145818225,-0.240371745738225,-0.407959047620251,-0.0769524303387528,0.296301382199302,-0.0791741725358695,-0.232601174843591
39,0.149246804539575,0.342636250059182,0.0706466930557717,0.512802145504703,0.122488366197667,0.522240668477821,0.10815268753831,0.339975202725884
40,0.149246804539575,0.342636250059182,0.0706466930557717,0.512802145504703,0.122488366197667,0.522240668477821,0.10815268753831,0.339975202725884
41,0.149246804539575,0.342636250059182,0.0706466930557717,0.512802145504703,0.122488366197667,0.522240668477821,0.10815268753831,0.339975202725884
42,0.212954271148845,0.254812153417211,0.252885438974818,-0.178081342538427,0.238297435386284,-0.161359371664711,0.236409920911351,0.262726793267809
43,0.212954271148845,0.254812153417211,0.252885438974818,-0.178081342538427,0.238297435386284,-0.161359371664711,0.236409920911351,0.262726793267809
44,0.190154041359271,0.0480402315744436,0.0388400335222623,-0.26967861030805,0.136767171039846,-0.230134531848351,0.148960745451134,0.0272969792578173
45,0.260460480444551,0.0987022663974171,-0.0499579078979769,-0.280722972337865,0.123186298698602,-0.164255634796785,0.149816995366062,-0.0205514338805069
46,0.16500482425451,0.340382619999312,0.0779433182548057,0.492041013405809,0.104594647703855,0.496660448207371,0.100476921550461,0.338087321863257
47,0.16500482425451,0.340382619999312,0.0779433182548057,0.492041013405809,0.104594647703855,0.496660448207371,0.100476921550461,0.338087321863257
48,0.329348749693071,0.20991229330124,0.147815262723605,0.226253843594045,0.0865652545421709,0.213117451304145,0.100815607925131,0.143907135244641
49,0.329348749693071,0.20991229330124,0.147815262723605,0.226253843594045,0.0865652545421709,0.213117451304145,0.100815607925131,0.143907135244641
50,0.329348749693071,0.20991229330124,0.147815262723605,0.226253843594045,0.0865652545421709,0.213117451304145,0.100815607925131,0.143907135244641
51,0.329348749693071,0.20991229330124,0.147815262723605,0.226253843594045,0.0865652545421709,0.213117451304145,0.100815607925131,0.143907135244641
52,0.329348749693071,0.20991229330124,0.147815262723605,0.226253843594045,0.0865652545421709,0.213117451304145,0.100815607925131,0.143907135244641
53,0.428574784382131,0.194281652257303,0.165348273589385,0.209163238742493,0.127067187263272,0.190276831437645,0.162282712504724,0.10921751132159
54,0.428574784382131,0.194281652257303,0.165348273589385,0.209163238742493,0.127067187263272,0.190276831437645,0.162282712504724,0.10921751132159
55,0.418139311406679,0.182599996205309,0.169073892100698,0.20214350307974,0.130292817411148,0.184340686790833,0.16387126300121,0.102021614741325
56,0.274880796654576,0.134839818173079,0.211680977922141,0.0905573108949558,0.233002172378095,0.0967053610586044,0.255183739119152,0.144049399267921
57,0.209803842168533,0.268900510431673,0.25646666335775,-0.168297847472797,0.237965710729806,-0.152338717774807,0.233855860603278,0.275780831275097
58,0.209959835395479,0.269932256710697,0.256762637533313,-0.169550015462711,0.238491589229641,-0.153433851179871,0.234363984049837,0.27705346703735
59,0.209993956457507,0.269892804837441,0.256800739771352,-0.169535561189401,0.238521695756255,-0.153420562101228,0.234399769670117,0.27702042079371
60,0.209905380286122,0.269509609729287,0.256653075708181,-0.169053233362019,0.238289756572862,-0.152995369583031,0.234169440344724,0.276536126679557
61,0.18316974185319,0.204989085599269,0.204259872452089,-0.223331331900005,0.202938474902863,-0.208889323061929,0.203135300754969,0.202029192860968
62,0.18316974185319,0.204989085599269,0.204259872452089,-0.223331331900005,0.202938474902863,-0.208889323061929,0.203135300754969,0.202029192860968
63,0.183178788061006,0.205050342844716,0.204292901097011,-0.223286311728197,0.202950449697283,-0.20884480572585,0.20314342966748,0.202086317126291
64,0.183204756975175,0.20504902164822,0.204324171597759,-0.223268078936046,0.202966185947458,-0.208831371785262,0.203162290124686,0.202075856330159
65,0.184720578250102,0.218878464639613,0.214968395944212,-0.206802859458632,0.207058218048334,-0.193240603990748,0.204828686861865,0.214379479450472
66,0.180071585136385,0.178973206507371,0.182004283600358,-0.246416390875294,0.194431006651437,-0.230159624484038,0.198268511995506,0.176294199644144
67,0.180071585136385,0.178973206507371,0.182004283600358,-0.246416390875294,0.194431006651437,-0.230159624484038,0.198268511995506,0.176294199644144
68,0.180071585136385,0.178973206507371,0.182004283600358,-0.246416390875294,0.194431006651437,-0.230159624484038,0.198268511995506,0.176294199644144
69,0.180071585136385,0.178973206507371,0.182004283600358,-0.246416390875294,0.194431006651437,-0.230159624484038,0.198268511995506,0.176294199644144
70,0.181670368226355,0.191818562724921,0.192130358608346,-0.239038677565094,0.198311034847364,-0.223617857127462,0.201003660289645,0.189172548168778
71,0.181670368226355,0.191818562724921,0.192130358608346,-0.239038677565094,0.198311034847364,-0.223617857127462,0.201003660289645,0.189172548168778
72,0.181670368226355,0.191818562724921,0.192130358608346,-0.239038677565094,0.198311034847364,-0.223617857127462,0.201003660289645,0.189172548168778
73,0.181670368226355,0.191818562724921,0.192130358608346,-0.239038677565094,0.198311034847364,-0.223617857127462,0.201003660289645,0.189172548168778
74,0.272912374195242,0.0605003515690896,-0.0381807709984393,-0.319282683639722,0.131956739433095,-0.203623848748821,0.163691795033073,-0.0625032847770649
75,0.272912374195242,0.0605003515690896,-0.0381807709984393,-0.319282683639722,0.131956739433095,-0.203623848748821,0.163691795033073,-0.0625032847770649
76,0.259537652310195,0.253357468678717,-0.102604901015474,0.25596028742283,0.104712511925697,0.311123797233759,0.101940301005554,0.0794948367628161
77,0.165351159373229,0.355304445903398,0.0551779093927161,0.53003883889679,0.129201518454075,0.537171599125479,0.117673027420572,0.355264274144775
78,0.165351159373229,0.355304445903398,0.0551779093927161,0.53003883889679,0.129201518454075,0.537171599125479,0.117673027420572,0.355264274144775
79,0.165351159373229,0.355304445903398,0.0551779093927161,0.53003883889679,0.129201518454075,0.537171599125479,0.117673027420572,0.355264274144775
80,0.165351159373229,0.355304445903398,0.0551779093927161,0.53003883889679,0.129201518454075,0.537171599125479,0.117673027420572,0.355264274144775
81,0.164980367787874,0.35498561277479,0.0558638787893569,0.530081660505236,0.129302699957352,0.53714645125316,0.117570915336917,0.355062378024746
82,0.164980367787874,0.35498561277479,0.0558638787893569,0.530081660505236,0.129302699957352,0.53714645125316,0.117570915336917,0.355062378024746
83,0.164980367787874,0.35498561277479,0.0558638787893569,0.530081660505236,0.129302699957352,0.53714645125316,0.117570915336917,0.355062378024746
84,0.161258212912155,0.355442470879962,0.0671197880642529,0.527248024664546,0.128385252159729,0.535338834834704,0.118094858795769,0.354463314845239
85,0.166755104195886,0.337222323827632,0.0821492481396427,0.481022080497842,0.0990001810746634,0.48516482708728,0.0956729239014789,0.333086925293214
86,0.229075622942784,0.227861471390204,-0.0693709950911268,0.16683626344659,0.111123236062954,0.249617317394222,0.110445683985222,0.0604550569973127
87,0.178448539259011,0.145729771223868,-0.0264118176640909,-0.221406062754645,0.117138598492672,-0.139011850178758,0.129617605140588,0.0991463517778982
88,0.22939371571549,0.247107981926665,-0.19882933417745,0.454404698525435,0.0817107913551509,0.466361798075757,0.0627922140587593,0.21278678321357
89,0.139643305841842,0.291899626383558,0.0328662758065785,0.532213906606155,0.135520633396978,0.539495163986934,0.116609139160322,0.296858928666067
90,0.139643305841842,0.291899626383558,0.0328662758065785,0.532213906606155,0.135520633396978,0.539495163986934,0.116609139160322,0.296858928666067
91,0.139643305841842,0.291899626383558,0.0328662758065785,0.532213906606155,0.135520633396978,0.539495163986934,0.116609139160322,0.296858928666067
92,0.139643305841842,0.291899626383558,0.0328662758065785,0.532213906606155,0.135520633396978,0.539495163986934,0.116609139160322,0.296858928666067
93,0.428574784382131,0.194281652257303,0.165348273589385,0.209163238742493,0.127067187263272,0.190276831437645,0.162282712504724,0.10921751132159
94,0.428574784382131,0.194281652257303,0.165348273589385,0.209163238742493,0.127067187263272,0.190276831437645,0.162282712504724,0.10921751132159
95,0.289917466635684,0.23542780796733,0.138980397908589,0.245014874597751,0.0694912133358273,0.236067452650455,0.0773092992814367,0.176097997131775
96,0.145161815376523,0.360834538861013,0.0912140953972961,0.496607911802497,0.115343669113479,0.507472608115746,0.105721305775215,0.354066364215684
97,0.131814595155069,0.393534876464326,0.124656401124868,0.468893372804361,0.0983720668019935,0.47913543715184,0.100470201843867,0.376653805642438
98,0.131814595155069,0.393534876464326,0.124656401124868,0.468893372804361,0.0983720668019935,0.47913543715184,0.100470201843867,0.376653805642438
99,0.0967269451860746,0.336254386876168,0.113196110061946,0.463906461556513,0.0699621414996738,0.473433531922979,0.0705531764241365,0.3228870008978
100,0.119661961471304,0.369082827656465,0.134135678520188,0.46420520580177,0.123841729402994,0.478179543095134,0.121137429185892,0.357069931291579
101,0.112416689905391,0.36181055912976,0.138587897782385,0.459949470978187,0.129584640216633,0.474704160127128,0.127415547270256,0.35147374561013
102,0.157276776428369,0.357553843941434,0.0694398730052653,0.525952999070161,0.128190119024495,0.534113879109783,0.119305702521579,0.358055298615175
103,0.157276776428369,0.357553843941434,0.0694398730052653,0.525952999070161,0.128190119024495,0.534113879109783,0.119305702521579,0.358055298615175
104,0.131790893556288,0.393556271277351,0.124636122358818,0.468877015127107,0.0983766173598818,0.479125450465391,0.100477849897031,0.37668420351565
105,0.131823047918851,0.393536876908757,0.124633209439694,0.468870759125303,0.0983906131338402,0.479118833590103,0.100493965707332,0.376660615279417
106,0.149607263798158,0.325488411332936,0.0478399680635117,0.533652703044468,0.131407061276808,0.540516385800025,0.116163286246337,0.328095507436687
107,0.149607263798158,0.325488411332936,0.0478399680635117,0.533652703044468,0.131407061276808,0.540516385800025,0.116163286246337,0.328095507436687
108,0.157366344764361,0.351264742751673,0.0637436732797896,0.531005616346643,0.132012156242508,0.537756879947592,0.120859958057524,0.35363769085773
109,0.157366344764361,0.351264742751673,0.0637436732797896,0.531005616346643,0.132012156242508,0.537756879947592,0.120859958057524,0.35363769085773
110,0.157366344764361,0.351264742751673,0.0637436732797896,0.531005616346643,0.132012156242508,0.537756879947592,0.120859958057524,0.35363769085773
111,0.157366344764361,0.351264742751673,0.0637436732797896,0.531005616346643,0.132012156242508,0.537756879947592,0.120859958057524,0.35363769085773
112,0.149246804539575,0.342636250059182,0.0706466930557717,0.512802145504703,0.122488366197667,0.522240668477821,0.10815268753831,0.339975202725884
113,0.122398133696854,0.369686340718627,0.108493819011205,0.475595316369203,0.0997715664348458,0.485315033536442,0.0923712112409283,0.356821841994247
114,0.102131593312886,0.137396343059562,0.0890652312504894,0.116448792841343,0.0866580359276166,0.126736780526096,0.0972632646905787,0.124646570449828
115,0.157898261410543,0.350356440159733,0.0637430172517867,0.532345179925072,0.130424126841469,0.539256085331166,0.120628515768014,0.352857955495816
116,0.0198215921381281,0.232206595760723,-0.0290964770934098,0.484493350981042,0.102470604373725,0.486215058661391,0.0840172875367994,0.246508220404566
117,0.0198215921381281,0.232206595760723,-0.0290964770934098,0.484493350981042,0.102470604373725,0.486215058661391,0.0840172875367994,0.246508220404566
118,0.0198215921381281,0.232206595760723,-0.0290964770934098,0.484493350981042,0.102470604373725,0.486215058661391,0.0840172875367994,0.246508220404566
119,0.0198215921381281,0.232206595760723,-0.0290964770934098,0.484493350981042,0.102470604373725,0.486215058661391,0.0840172875367994,0.246508220404566
120,0.0675313686037027,0.245457895277699,-0.039070936581714,0.510873192449708,0.10123371022919,0.509518998056539,0.0814508802121619,0.253704689820722
121,0.067469407104281,0.244023315998624,-0.0402158871623905,0.510718482510222,0.101562439563768,0.509033921793076,0.0821629345325112,0.252603968612515
122,0.067469407104281,0.244023315998624,-0.0402158871623905,0.510718482510222,0.101562439563768,0.509033921793076,0.0821629345325112,0.252603968612515
123,0.067469407104281,0.244023315998624,-0.0402158871623905,0.510718482510222,0.101562439563768,0.509033921793076,0.0821629345325112,0.252603968612515
124,0.0922624043715887,0.266254913678387,-0.0203940044758393,0.525936064048409,0.109784928857859,0.526791586633947,0.0903149823706668,0.27287353897422
125,0.139098643392803,0.339656704024752,0.0397544012847959,0.532323323823764,0.113388233017446,0.538917415938409,0.101955257086625,0.34258365388299
126,0.184866782453434,-0.293085179362175,0.163532873232136,-0.261778865972306,0.164266512708463,-0.293056161539887,0.181762157717214,-0.262553481899883
127,0.141837184278965,0.351327858313815,0.079104287908928,0.5060066792807,0.119443012501097,0.51548123357166,0.105912652265357,0.347724197739386
128,0.176757999345402,-0.401097769254416,0.15349086415023,-0.367235316751957,0.155844880083209,-0.3985778376749,0.172562031737231,-0.369645885421941
129,0.157487726134497,0.350594855959694,0.0633214522444707,0.53233231046067,0.130953588514683,0.539403273423084,0.120841329079589,0.353131572641797
130,0.158282012418726,0.351794308471056,0.064030964682371,0.529737106599169,0.132530787449575,0.536346940802679,0.120832000400645,0.354059796850587
131,0.157487726134497,0.350594855959694,0.0633214522444707,0.53233231046067,0.130953588514683,0.539403273423084,0.120841329079589,0.353131572641797
132,0.158282012418726,0.351794308471056,0.064030964682371,0.529737106599169,0.132530787449575,0.536346940802679,0.120832000400645,0.354059796850587
133,0.14451633279244,0.338995878557348,0.0648107008359986,0.516568634117395,0.125877840934923,0.525880168038741,0.110380037367012,0.338733474220596
134,0.184303171130039,0.200089978471596,0.197875303987249,-0.223785072134967,0.202546425469274,-0.209427628808185,0.202851005900923,0.197445432246708
135,0.199748146908899,0.133748001809814,0.0567401594287666,0.359674005967717,0.0166912076358456,0.351264362024213,0.03114731020611,0.10805795087368
136,0.131884536792041,0.0205180030710231,-0.058070204218626,0.224448286237923,0.0483222076184737,0.230782112425667,0.0396742871522634,0.0149708304342561
137,0.102131593312886,0.137396343059562,0.0890652312504894,0.116448792841343,0.0866580359276166,0.126736780526096,0.0972632646905787,0.124646570449828
138,0.102131593312886,0.137396343059562,0.0890652312504894,0.116448792841343,0.0866580359276166,0.126736780526096,0.0972632646905787,0.124646570449828
139,0.187979183533228,0.278942824550943,0.0364707007397184,0.536943097375845,0.13130777458857,0.541221923068281,0.139154272543519,0.280889375514267
140,0.142308016579817,0.33521531948439,0.0613818375667617,0.517508155008414,0.125027460768456,0.526666488140002,0.109112454148226,0.3352727510128
141,0.144500057055547,0.360746430770525,0.0926229361917658,0.494680041289335,0.11497986675784,0.505706373275769,0.104744486117266,0.3535755552252
142,0.144500057055547,0.360746430770525,0.0926229361917658,0.494680041289335,0.11497986675784,0.505706373275769,0.104744486117266,0.3535755552252
143,0.131841773578697,0.393553603923151,0.124656006771247,0.468877946202807,0.0983775961336269,0.479121628845352,0.100478699240547,0.376673382770853
144,0.131812238972186,0.393561858746901,0.124608397949705,0.4688853871892,0.0983812924704628,0.479132126421439,0.100478022376384,0.376691247059412
145,0.131841773578697,0.393553603923151,0.124656006771247,0.468877946202807,0.0983775961336269,0.479121628845352,0.100478699240547,0.376673382770853
146,0.156339000118286,0.350371137938272,0.0633330005297772,0.532330488503367,0.131362539666211,0.539322687343027,0.120849130896715,0.353134148557156
147,0.156339000118286,0.350371137938272,0.0633330005297772,0.532330488503367,0.131362539666211,0.539322687343027,0.120849130896715,0.353134148557156
148,0.156339000118286,0.350371137938272,0.0633330005297772,0.532330488503367,0.131362539666211,0.539322687343027,0.120849130896715,0.353134148557156
149,0.156339000118286,0.350371137938272,0.0633330005297772,0.532330488503367,0.131362539666211,0.539322687343027,0.120849130896715,0.353134148557156
150,0.156339000118286,0.350371137938272,0.0633330005297772,0.532330488503367,0.131362539666211,0.539322687343027,0.120849130896715,0.353134148557156
151,0.156339000118286,0.350371137938272,0.0633330005297772,0.532330488503367,0.131362539666211,0.539322687343027,0.120849130896715,0.353134148557156
152,0.156339000118286,0.350371137938272,0.0633330005297772,0.532330488503367,0.131362539666211,0.539322687343027,0.120849130896715,0.353134148557156
153,0.156339000118286,0.350371137938272,0.0633330005297772,0.532330488503367,0.131362539666211,0.539322687343027,0.120849130896715,0.353134148557156
154,0.156339000118286,0.350371137938272,0.0633330005297772,0.532330488503367,0.131362539666211,0.539322687343027,0.120849130896715,0.353134148557156
155,0.156339000118286,0.350371137938272,0.0633330005297772,0.532330488503367,0.131362539666211,0.539322687343027,0.120849130896715,0.353134148557156
156,0.157751436154684,0.350467985046774,0.0661764430975374,0.531904209162032,0.13186914622009,0.539093047543509,0.121516552407101,0.352843041350999
157,0.157668641770472,0.350563542184694,0.0639071434588084,0.532129710657255,0.131188520004918,0.539211313983988,0.121031920367505,0.353064209213953
158,0.157751436154684,0.350467985046774,0.0661764430975374,0.531904209162032,0.13186914622009,0.539093047543509,0.121516552407101,0.352843041350999
159,0.157751436154684,0.350467985046774,0.0661764430975374,0.531904209162032,0.13186914622009,0.539093047543509,0.121516552407101,0.352843041350999
160,0.157751436154684,0.350467985046774,0.0661764430975374,0.531904209162032,0.13186914622009,0.539093047543509,0.121516552407101,0.352843041350999
161,0.157751436154684,0.350467985046774,0.0661764430975374,0.531904209162032,0.13186914622009,0.539093047543509,0.121516552407101,0.352843041350999
162,0.157751436154684,0.350467985046774,0.0661764430975374,0.531904209162032,0.13186914622009,0.539093047543509,0.121516552407101,0.352843041350999
163,0.157647466407803,0.350578837155897,0.0632390254587205,0.532187911727965,0.130992999980742,0.539240005271606,0.120895704781921,0.353113350046256
164,0.157647466407803,0.350578837155897,0.0632390254587205,0.532187911727965,0.130992999980742,0.539240005271606,0.120895704781921,0.353113350046256
165,0.157647466407803,0.350578837155897,0.0632390254587205,0.532187911727965,0.130992999980742,0.539240005271606,0.120895704781921,0.353113350046256
166,0.157647466407803,0.350578837155897,0.0632390254587205,0.532187911727965,0.130992999980742,0.539240005271606,0.120895704781921,0.353113350046256
167,0.157719208260845,0.350581433703957,0.0633549718623379,0.532252182329147,0.131145797041441,0.539320482143649,0.120996004642823,0.353112212467949
168,0.157719208260845,0.350581433703957,0.0633549718623379,0.532252182329147,0.131145797041441,0.539320482143649,0.120996004642823,0.353112212467949
169,0.157719208260845,0.350581433703957,0.0633549718623379,0.532252182329147,0.131145797041441,0.539320482143649,0.120996004642823,0.353112212467949
170,0.157719208260845,0.350581433703957,0.0633549718623379,0.532252182329147,0.131145797041441,0.539320482143649,0.120996004642823,0.353112212467949
171,0.157719208260845,0.350581433703957,0.0633549718623379,0.532252182329147,0.131145797041441,0.539320482143649,0.120996004642823,0.353112212467949
172,0.157719208260845,0.350581433703957,0.0633549718623379,0.532252182329147,0.131145797041441,0.539320482143649,0.120996004642823,0.353112212467949
173,0.147470553291745,0.360565965040403,0.0860976358511991,0.503506696623549,0.119968708273075,0.513445021461541,0.108430079281367,0.355693961188019
174,0.147470553291745,0.360565965040403,0.0860976358511991,0.503506696623549,0.119968708273075,0.513445021461541,0.108430079281367,0.355693961188019
175,0.15522698342513,0.349552338539939,0.0622563099003629,0.53252551861871,0.131581548696061,0.539714630737993,0.120049667330752,0.352302639736486
176,0.15522698342513,0.349552338539939,0.0622563099003629,0.53252551861871,0.131581548696061,0.539714630737993,0.120049667330752,0.352302639736486
177,0.15522698342513,0.349552338539939,0.0622563099003629,0.53252551861871,0.131581548696061,0.539714630737993,0.120049667330752,0.352302639736486
178,0.15522698342513,0.349552338539939,0.0622563099003629,0.53252551861871,0.131581548696061,0.539714630737993,0.120049667330752,0.352302639736486
179,0.15522698342513,0.349552338539939,0.0622563099003629,0.53252551861871,0.131581548696061,0.539714630737993,0.120049667330752,0.352302639736486
180,0.146599803561136,0.360770997734273,0.0880909268070637,0.501392250282898,0.118410577454886,0.511798059896193,0.107513896907944,0.355202802288597
181,0.146599803561136,0.360770997734273,0.0880909268070637,0.501392250282898,0.118410577454886,0.511798059896193,0.107513896907944,0.355202802288597
182,0.158282012418726,0.351794308471056,0.064030964682371,0.529737106599169,0.132530787449575,0.536346940802679,0.120832000400645,0.354059796850587
183,0.158282012418726,0.351794308471056,0.064030964682371,0.529737106599169,0.132530787449575,0.536346940802679,0.120832000400645,0.354059796850587
184,0.158282012418726,0.351794308471056,0.064030964682371,0.529737106599169,0.132530787449575,0.536346940802679,0.120832000400645,0.354059796850587
185,0.158282012418726,0.351794308471056,0.064030964682371,0.529737106599169,0.132530787449575,0.536346940802679,0.120832000400645,0.354059796850587
186,0.158126649661022,0.352938095594775,0.0650865480527277,0.528694959318097,0.131983765464481,0.535428816095017,0.120487802470017,0.354952392809341
187,0.163074084113291,0.355661898006724,0.0550224424337471,0.530032318199528,0.129908931014836,0.536912594070457,0.117819420057889,0.356411128179495
188,0.163074084113291,0.355661898006724,0.0550224424337471,0.530032318199528,0.129908931014836,0.536912594070457,0.117819420057889,0.356411128179495
189,0.158400189961007,0.350854695560465,0.059164233001626,0.529474280016066,0.129818735902633,0.536505129997349,0.11941555608966,0.352588360638219
190,0.0459058228717096,0.112212796220169,0.269026009734276,0.0746216961501428,0.217046963375954,0.0729370059730508,0.192014843422531,0.109825363442456
191,0.0459058228717096,0.112212796220169,0.269026009734276,0.0746216961501428,0.217046963375954,0.0729370059730508,0.192014843422531,0.109825363442456
192,0.159611220277256,0.343474895733603,0.0934874982111675,0.526883971185349,0.132833984723696,0.536031471463291,0.113099549409864,0.344630305713728
193,0.159611220277256,0.343474895733603,0.0934874982111675,0.526883971185349,0.132833984723696,0.536031471463291,0.113099549409864,0.344630305713728
194,0.159611220277256,0.343474895733603,0.0934874982111675,0.526883971185349,0.132833984723696,0.536031471463291,0.113099549409864,0.344630305713728
195,0.0459058228717096,0.112212796220169,0.269026009734276,0.0746216961501428,0.217046963375954,0.0729370059730508,0.192014843422531,0.109825363442456
196,0.22749976309951,0.248520858827249,-0.199187251102297,0.454148110033291,0.0822633720421514,0.466226410134391,0.0632777695748425,0.214953714515523
197,0.2277633530502,0.2475498627067,-0.200292285328228,0.453040108901959,0.0816196359032853,0.4651997474885,0.062546108728889,0.213484054296589
198,0.163147750352873,0.351258661427176,0.0632544273368743,0.529722011650296,0.131662260400317,0.537280658862394,0.11939787767265,0.351375997266128
199,0.163147750352873,0.351258661427176,0.0632544273368743,0.529722011650296,0.131662260400317,0.537280658862394,0.11939787767265,0.351375997266128
200,0.163147750352873,0.351258661427176,0.0632544273368743,0.529722011650296,0.131662260400317,0.537280658862394,0.11939787767265,0.351375997266128
201,0.146116821918418,0.360834081220405,0.0887197972965671,0.50066550292593,0.118054637483245,0.511126330360825,0.107204928902154,0.355083955384631
202,0.168969440999607,0.347345051324433,0.0617240645485634,0.530121279501864,0.128184264181728,0.537408601623148,0.115884999107835,0.345279957803445
203,0.168969440999607,0.347345051324433,0.0617240645485634,0.530121279501864,0.128184264181728,0.537408601623148,0.115884999107835,0.345279957803445
204,0.168969440999607,0.347345051324433,0.0617240645485634,0.530121279501864,0.128184264181728,0.537408601623148,0.115884999107835,0.345279957803445
205,0.168969440999607,0.347345051324433,0.0617240645485634,0.530121279501864,0.128184264181728,0.537408601623148,0.115884999107835,0.345279957803445
206,0.168969440999607,0.347345051324433,0.0617240645485634,0.530121279501864,0.128184264181728,0.537408601623148,0.115884999107835,0.345279957803445
207,0.168969440999607,0.347345051324433,0.0617240645485634,0.530121279501864,0.128184264181728,0.537408601623148,0.115884999107835,0.345279957803445
208,0.169196854657825,0.361784435495886,0.0491967136339442,0.530462766823041,0.12866128865971,0.537096312068757,0.115208175253481,0.361354886964313
209,0.157569922852627,0.350564720055308,0.0631348576255275,0.532119180010477,0.130832069667178,0.539155766582259,0.120788451536674,0.353105379356092
210,0.131841773578697,0.393553603923151,0.124656006771247,0.468877946202807,0.0983775961336269,0.479121628845352,0.100478699240547,0.376673382770853
211,0.131841773578697,0.393553603923151,0.124656006771247,0.468877946202807,0.0983775961336269,0.479121628845352,0.100478699240547,0.376673382770853
212,0.131841773578697,0.393553603923151,0.124656006771247,0.468877946202807,0.0983775961336269,0.479121628845352,0.100478699240547,0.376673382770853
213,0.131841474436372,0.39354960933161,0.124659339687411,0.468877339845264,0.0983844003692746,0.479121442895182,0.100485727375414,0.376669957411804
214,0.131841474436372,0.39354960933161,0.124659339687411,0.468877339845264,0.0983844003692746,0.479121442895182,0.100485727375414,0.376669957411804
215,0.131841474436372,0.39354960933161,0.124659339687411,0.468877339845264,0.0983844003692746,0.479121442895182,0.100485727375414,0.376669957411804
216,0.131841474436372,0.39354960933161,0.124659339687411,0.468877339845264,0.0983844003692746,0.479121442895182,0.100485727375414,0.376669957411804
217,0.131841474436372,0.39354960933161,0.124659339687411,0.468877339845264,0.0983844003692746,0.479121442895182,0.100485727375414,0.376669957411804
218,0.157368229310966,0.354132670875048,0.06654368578834,0.528929262056628,0.129388917941569,0.536605531833708,0.120022147790902,0.355783026968454
219,0.157368229310966,0.354132670875048,0.06654368578834,0.528929262056628,0.129388917941569,0.536605531833708,0.120022147790902,0.355783026968454
220,0.131813409018776,0.393543040989865,0.124646775487248,0.468868906028397,0.0983971138241429,0.47911646006198,0.100500099486021,0.376669611344942
221,0.131813409018776,0.393543040989865,0.124646775487248,0.468868906028397,0.0983971138241429,0.47911646006198,0.100500099486021,0.376669611344942
222,0.131820044018685,0.393537904848906,0.124645194151316,0.468868087961218,0.0984007610306873,0.47911600580381,0.100503569963627,0.376663994409539
223,0.157368482053291,0.354131794494251,0.0665446939008969,0.52893040878048,0.129389829732133,0.536606867294315,0.120022452564982,0.355781962162033
224,0.157368482053291,0.354131794494251,0.0665446939008969,0.52893040878048,0.129389829732133,0.536606867294315,0.120022452564982,0.355781962162033
225,0.13181738810559,0.393554201466677,0.124638755423676,0.468878652473888,0.0983649314930966,0.479122325416851,0.100465659445875,0.376675552334401
226,0.13181738810559,0.393554201466677,0.124638755423676,0.468878652473888,0.0983649314930966,0.479122325416851,0.100465659445875,0.376675552334401
227,0.13181738810559,0.393554201466677,0.124638755423676,0.468878652473888,0.0983649314930966,0.479122325416851,0.100465659445875,0.376675552334401
228,0.131818702852988,0.393552247853713,0.124634430552269,0.46887753996812,0.0983700417840409,0.479122463914226,0.100471448381342,0.376674568286436
229,0.131818702852988,0.393552247853713,0.124634430552269,0.46887753996812,0.0983700417840409,0.479122463914226,0.100471448381342,0.376674568286436
230,0.131834274557989,0.393558034336236,0.124648792906546,0.468858648442432,0.0983735058378885,0.4791025868172,0.100474580027466,0.376679190683326
231,0.139400851402686,0.337614676342194,0.037379365845895,0.533869023054891,0.114342939522531,0.54037547853537,0.10258727956351,0.3408239266687
232,0.124079128769931,0.323116335529674,0.0517458681394873,0.532108976567109,0.140953192395538,0.549229974477163,0.135938286978004,0.315123760223413
233,0.131820044018685,0.393537904848906,0.124645194151316,0.468868087961218,0.0984007610306873,0.47911600580381,0.100503569963627,0.376663994409539
234,0.131818702852988,0.393552247853713,0.124634430552269,0.46887753996812,0.0983700417840409,0.479122463914226,0.100471448381342,0.376674568286436
235,0.131812135626187,0.39353626925899,0.124650133182195,0.468862010199067,0.0983816546400465,0.479106909617698,0.100484854828489,0.376660397174025
236,0.13181463968306,0.393556247348646,0.124640361788391,0.4688644179003,0.0983968728251225,0.479112265380624,0.100488228533983,0.376682610208166
237,0.131812135626187,0.39353626925899,0.124650133182195,0.468862010199067,0.0983816546400465,0.479106909617698,0.100484854828489,0.376660397174025
238,0.131807855795061,0.393540124042487,0.124657906029805,0.468872939976107,0.0983937820783142,0.479119087848607,0.100494922237708,0.376665192025986
239,0.131792303875799,0.393559586166208,0.124629111617814,0.468871067262093,0.0983663551796634,0.479118478787387,0.100468847604103,0.376686821783911
240,0.131792303875799,0.393559586166208,0.124629111617814,0.468871067262093,0.0983663551796634,0.479118478787387,0.100468847604103,0.376686821783911
241,0.131790893556288,0.393556271277351,0.124636122358818,0.468877015127107,0.0983766173598818,0.479125450465391,0.100477849897031,0.37668420351565
242,0.131790893556288,0.393556271277351,0.124636122358818,0.468877015127107,0.0983766173598818,0.479125450465391,0.100477849897031,0.37668420351565
243,0.131779053018669,0.393539389037797,0.124619927015047,0.468903249454761,0.0983714759033876,0.479149087921304,0.100469792526297,0.376669043560222
244,0.157368482053291,0.354131794494251,0.0665446939008969,0.52893040878048,0.129389829732133,0.536606867294315,0.120022452564982,0.355781962162033
245,0.12535834450762,0.376115628091476,0.137057716776585,0.462214388948006,0.118388074080409,0.475852527375932,0.117903589934529,0.361377086152485
246,0.13181463968306,0.393556247348646,0.124640864401254,0.468864556496317,0.0983972502675249,0.479112429581778,0.10048848048598,0.376682573309028
247,0.131808319056782,0.393534915832404,0.12466302191768,0.46886515498567,0.098390862955269,0.479111261606229,0.100492920615501,0.376659345404586
248,0.131807855795061,0.393540124042487,0.124657906029805,0.468872939976107,0.0983937820783142,0.479119087848607,0.100494922237708,0.376665192025986
249,0.131790893556288,0.393556271277351,0.124636122358818,0.468877015127107,0.0983766173598818,0.479125450465391,0.100477849897031,0.37668420351565
250,0.131792303875799,0.393559586166208,0.124629111617814,0.468871067262093,0.0983663551796634,0.479118478787387,0.100468847604103,0.376686821783911
251,0.157366344764361,0.351264742751673,0.0637436732797896,0.531005616346643,0.132012156242508,0.537756879947592,0.120859958057524,0.35363769085773
252,0.149607263798158,0.325488411332936,0.0478399680635117,0.533652703044468,0.131407061276808,0.540516385800025,0.116163286246337,0.328095507436687
253,0.1912134932667,0.181300408865987,0.156343066393793,-0.280620891422041,0.1935098608714,-0.257020804212616,0.205967852366389,0.181910959528625
254,0.146306572699471,0.298520745627067,0.041808578706998,0.538019138848052,0.142599414223251,0.545222385299677,0.127733970123185,0.305077410659043
255,0.131829685463559,0.393537131056725,0.124655847066529,0.468873310332475,0.0983887093150735,0.479119228843309,0.100488273409768,0.376659848163853
256,0.131812728838211,0.393523566733545,0.124673073203736,0.468886579063953,0.0984119606557585,0.479134317343414,0.10051158812741,0.376648536547201
257,0.131812728838211,0.393523566733545,0.124673073203736,0.468886579063953,0.0984119606557585,0.479134317343414,0.10051158812741,0.376648536547201
258,0.207269482213532,0.233307916647013,0.233794027875764,-0.210100862783471,0.227959548990607,-0.193230032066714,0.231000379079104,0.238080565083605
259,-0.15127716097781,-0.291247998302748,-0.175176643202465,-0.32147342080352,-0.164679539174332,-0.30646953140464,-0.170584665541798,-0.303856440563122
260,-0.111466216612142,0.292000855544978,-0.168547212758874,0.328648595609516,-0.132634263827464,0.329924824166488,-0.148750529611155,0.290703789444983
261,0.183178788061006,0.205050342844716,0.204292901097011,-0.223286311728197,0.202950449697283,-0.20884480572585,0.20314342966748,0.202086317126291
262,0.181670368226355,0.191818562724921,0.192130358608346,-0.239038677565094,0.198311034847364,-0.223617857127462,0.201003660289645,0.189172548168778
263,-0.00459547886613267,-0.185818460192279,-0.198215941728148,0.090539938804334,-0.153977817532009,0.0898547804248368,-0.131919718555206,-0.192778939762419
264,0.196286143993747,0.326544807912449,0.181870117022611,0.347075063807108,0.186746414094204,0.355267142034424,0.189556927090582,0.320457275323088
265,0.196286143993747,0.326544807912449,0.181870117022611,0.347075063807108,0.186746414094204,0.355267142034424,0.189556927090582,0.320457275323088
266,0.14313295969503,0.340124487648137,0.0710174396618775,0.510767695869103,0.122266636550917,0.520408896098017,0.107695640259771,0.338547444338757
267,0.0372765393626263,0.269362776306752,0.0514438449090209,0.245986418382638,0.0429710933675139,0.271903022832036,0.0395900072528445,0.243625591833457
268,0.0856332709967833,0.29090071348648,0.0951321504176058,0.268742501787144,0.0883633013533108,0.285414038872968,0.0876721451117171,0.272931082861337
269,0.0644605414894541,0.284718632391405,0.0768648647589563,0.26174685041965,0.0690520484470156,0.283337710234707,0.0666659797934864,0.262496582543868
270,0.0602837575323685,-0.349110788401457,0.0611242549280714,-0.32299439651446,0.0608028056570762,-0.3428712940996,0.0599858816314499,-0.331259461647984
271,0.142453396572978,-0.268809325637902,0.134533761268257,-0.255127792679408,0.13941481501075,-0.275146106399001,0.137275075714276,-0.251271795053804
272,0.184140546316233,0.189970998320825,0.144029321225474,0.183201474886986,0.163688954246944,0.173985187866057,0.166563793414272,0.202734073985306
273,-0.0923868705830001,0.421432332167684,-0.0418543963025144,0.396746564616082,-0.0527546833062001,0.444788098905556,-0.0786409048346393,0.385910291538329
274,0.070407232370883,0.535385462490264,0.0984380967733442,0.516426892440925,0.0947437470834979,0.553172464026592,0.0770195505896233,0.506177052851958
275,0.166863665696978,0.213956766297884,0.115908157142719,0.157182104265568,0.141356241375476,0.19060075439992,0.144204000710259,0.182130129279955
276,-0.0250906056862506,0.299313813243153,-0.0208918232010644,0.261602492812546,-0.0253665274900492,0.305257427160475,-0.0260013185301837,0.260468750826238
277,0.0712650893790675,0.218670270471777,0.0803697564138142,0.212522354065433,0.0741100972614742,0.214090151652222,0.0730447426708662,0.215684217891023
278,0.0153059175422503,0.32420335988167,0.00405412537343986,0.360378666780818,0.00431203070260941,0.363557908635335,0.0140535192640719,0.323789562964449
279,0.0459058228717096,0.112212796220169,0.269026009734276,0.0746216961501428,0.217046963375954,0.0729370059730508,0.192014843422531,0.109825363442456
280,0.303209765859674,0.200240705725357,0.0726150635573888,0.340892275261417,0.0263955872366825,0.328983706993421,0.0515309075924328,0.140872320890008
281,0.2277633530502,0.2475498627067,-0.200292285328228,0.453040108901959,0.0816196359032853,0.4651997474885,0.062546108728889,0.213484054296589
282,0.227782558721314,0.247691482614666,-0.200376166472839,0.453040584930406,0.0817048851737433,0.465230272570459,0.0626343061541654,0.213622571124331
283,0.131818702852988,0.393552247853713,0.124634430552269,0.46887753996812,0.0983700417840409,0.479122463914226,0.100471448381342,0.376674568286436
284,0.0922624043715887,0.266254913678387,-0.0203940044758393,0.525936064048409,0.109784928857859,0.526791586633947,0.0903149823706668,0.27287353897422
285,0.158282012418726,0.351794308471056,0.064030964682371,0.529737106599169,0.132530787449575,0.536346940802679,0.120832000400645,0.354059796850587
286,0.13181738810559,0.393554201466677,0.124638755423676,0.468878652473888,0.0983649314930966,0.479122325416851,0.100465659445875,0.376675552334401
287,0.13181738810559,0.393554201466677,0.124638755423676,0.468878652473888,0.0983649314930966,0.479122325416851,0.100465659445875,0.376675552334401
288,0.13181738810559,0.393554201466677,0.124638755423676,0.468878652473888,0.0983649314930966,0.479122325416851,0.100465659445875,0.376675552334401
289,0.18007646750018,0.178971215989856,0.182000198775713,-0.246434700457956,0.194414761567823,-0.230184005760801,0.198251116048183,0.176282480370542
290,0.251516890493376,0.313867004085133,-0.110840802772266,0.414347694225439,0.104409913328714,0.446558940138363,0.0907316933829438,0.259420657328718
291,0.209993956457507,0.269892804837441,0.256800739771352,-0.169535561189401,0.238521695756255,-0.153420562101228,0.234399769670117,0.27702042079371
292,0.183204756975175,0.20504902164822,0.204324171597759,-0.223268078936046,0.202966185947458,-0.208831371785262,0.203162290124686,0.202075856330159
293,0.22606569891485,0.323631105703485,-0.0566935212985679,0.443801029172547,0.109833048286293,0.465530169532204,0.0989775229507515,0.29494437910613
294,0.175721330788433,0.181601242215539,0.173931508752907,-0.249552119749133,0.189296878161984,-0.233281852484476,0.193346320358818,0.179253060187281
295,0.260709288553736,0.241490371426161,-0.0659213284615496,-0.00677266638224763,0.125739490443643,0.13283275461621,0.132103637658477,0.0492125617067274
296,0.2643617921129,0.297870913818371,-0.123294664631273,0.398138083582348,0.0989897873902764,0.436961127022011,0.0853570675082027,0.228328936058966
297,0.183178788061006,0.205050342844716,0.204292901097011,-0.223286311728197,0.202950449697283,-0.20884480572585,0.20314342966748,0.202086317126291
298,0.0195674337998816,0.26450857136344,0.197985505090605,0.373530837338658,0.0594380554212235,0.380277167143166,0.0713628083303782,0.242195149276855
299,0.183161731787158,0.183784946339227,0.180491624516142,-0.248954428202642,0.195814985358667,-0.231973383745295,0.200641778093802,0.181867925768004
300,0.157487726134497,0.350594855959694,0.0633214522444707,0.53233231046067,0.130953588514683,0.539403273423084,0.120841329079589,0.353131572641797
301,0.145203810874181,0.360779453798397,0.0919502700297222,0.495658737284625,0.115469041260564,0.506627019839431,0.105256560741802,0.353847577475434
302,0.204124499586506,0.304492384544011,0.106066651989361,0.355951186110184,0.0606010473256979,0.357594936285861,0.0593521775983136,0.273965588897315
303,0.329348749693071,0.20991229330124,0.147815262723605,0.226253843594045,0.0865652545421709,0.213117451304145,0.100815607925131,0.143907135244641
304,0.157898261410543,0.350356440159733,0.0637430172517867,0.532345179925072,0.130424126841469,0.539256085331166,0.120628515768014,0.352857955495816
305,0.183178788061006,0.205050342844716,0.204292901097011,-0.223286311728197,0.202950449697283,-0.20884480572585,0.20314342966748,0.202086317126291
306,0.181670368226355,0.191818562724921,0.192130358608346,-0.239038677565094,0.198311034847364,-0.223617857127462,0.201003660289645,0.189172548168778
307,0.181670368226355,0.191818562724921,0.192130358608346,-0.239038677565094,0.198311034847364,-0.223617857127462,0.201003660289645,0.189172548168778
308,0.176488743717891,-0.240409527194412,0.158964730808883,-0.209057145106973,0.157209766640549,-0.240646564067178,0.174264355621046,-0.21245733372859
309,0.186230092970363,-0.357469243314571,0.163978711168004,-0.329868205206288,0.165777257354199,-0.362770694213731,0.18315362598636,-0.323699407059535
310,0.157898261410543,0.350356440159733,0.0637430172517867,0.532345179925072,0.130424126841469,0.539256085331166,0.120628515768014,0.352857955495816
311,0.176757999345402,-0.401097769254416,0.15349086415023,-0.367235316751957,0.155844880083209,-0.3985778376749,0.172562031737231,-0.369645885421941
312,0.186230092970363,-0.357469243314571,0.163978711168004,-0.329868205206288,0.165777257354199,-0.362770694213731,0.18315362598636,-0.323699407059535
313,0.183178788061006,0.205050342844716,0.204292901097011,-0.223286311728197,0.202950449697283,-0.20884480572585,0.20314342966748,0.202086317126291
314,0.181670368226355,0.191818562724921,0.192130358608346,-0.239038677565094,0.198311034847364,-0.223617857127462,0.201003660289645,0.189172548168778
315,0.067469407104281,0.244023315998624,-0.0402158871623905,0.510718482510222,0.101562439563768,0.509033921793076,0.0821629345325112,0.252603968612515
316,0.135184953852973,0.34192527366443,0.0731727050975448,0.506790510882877,0.120162206310867,0.516367210611363,0.103973643151608,0.339453263812077
317,0.156339000118286,0.350371137938272,0.0633330005297772,0.532330488503367,0.131362539666211,0.539322687343027,0.120849130896715,0.353134148557156
318,0.157751436154684,0.350467985046774,0.0661764430975374,0.531904209162032,0.13186914622009,0.539093047543509,0.121516552407101,0.352843041350999
319,0.157719208260845,0.350581433703957,0.0633549718623379,0.532252182329147,0.131145797041441,0.539320482143649,0.120996004642823,0.353112212467949
320,0.15522698342513,0.349552338539939,0.0622563099003629,0.53252551861871,0.131581548696061,0.539714630737993,0.120049667330752,0.352302639736486
321,0.158400189961007,0.350854695560465,0.059164233001626,0.529474280016066,0.129818735902633,0.536505129997349,0.11941555608966,0.352588360638219
322,0.180071585136385,0.178973206507371,0.182004283600358,-0.246416390875294,0.194431006651437,-0.230159624484038,0.198268511995506,0.176294199644144
323,0.145292805876558,0.361208251815795,0.0904728699791539,0.498449399825757,0.115893128695987,0.509142283507988,0.106293279732523,0.354856978239045
324,0.168969440999607,0.347345051324433,0.0617240645485634,0.530121279501864,0.128184264181728,0.537408601623148,0.115884999107835,0.345279957803445
325,0.169196854657825,0.361784435495886,0.0491967136339442,0.530462766823041,0.12866128865971,0.537096312068757,0.115208175253481,0.361354886964313
326,0.157569922852627,0.350564720055308,0.0631348576255275,0.532119180010477,0.130832069667178,0.539155766582259,0.120788451536674,0.353105379356092
327,0.00458387971722949,0.331607603001387,0.205350451927666,0.308924828820635,0.0949243641651593,0.309531895301779,0.0821523569239524,0.293309839016432
328,0.272686080125232,0.267700503202997,-0.0890272294317079,0.228254908741743,0.117070571892203,0.283281944721821,0.119927433483329,0.0697560661781301
329,0.142532435935923,0.353943227578291,0.112416614197253,0.483079926743194,0.110392302801636,0.493571917920234,0.102478354981171,0.345890520992136
330,0.142374497010575,0.351127249728313,0.113665441775679,0.48418715736562,0.11269903404686,0.494734788244413,0.104128204352281,0.344025784877957
331,0.13183115037563,0.393522623514492,0.124659606591461,0.468858108686123,0.0984014906918996,0.479105656908031,0.100508946082217,0.3766436862805
332,0.149607263798158,0.325488411332936,0.0478399680635117,0.533652703044468,0.131407061276808,0.540516385800025,0.116163286246337,0.328095507436687
333,0.157366344764361,0.351264742751673,0.0637436732797896,0.531005616346643,0.132012156242508,0.537756879947592,0.120859958057524,0.35363769085773
334,0.144790320554648,0.346557122045101,0.0995814541911507,0.495332626121968,0.116474688939632,0.504822097087973,0.105870641503004,0.342000179964003
335,0.0547659156651291,0.261413391834273,0.0543226352290034,-0.113413468577274,0.0551941896872358,-0.102875774678377,0.0536297604902077,0.248388230122828
336,0.13180904084274,0.393559530067297,0.124627979021354,0.468882208876909,0.0983803673651594,0.479130952202032,0.100474064603865,0.376685856164374
