starch,46.201781477,51.1278286673,37.5368890541,44.7804126113,54.9852760641,56.944965815,44.9273038943,53.5098361986,44.4057156822,53.657564954,46.3497728286,61.5947425615,48.2587189953,52.3881438792,51.8956336715,59.867573069,49.9893239728,55.8262647817,44.4494520549,49.1421702803,54.8566563513,44.3249615382,49.5596203155,45.4883509294,46.540918166,59.0875566752,56.9263657905,47.1453326243,56.5834659172,57.6040717384,51.2315391884,40.357940678,51.977254804,56.2817582581,43.4551652486,46.1090096924,64.6769561726,55.3152071224,49.1768533488,54.1253301195,48.6386057599,45.9333522188,42.5647151169,38.4930134432,54.0576840175,48.4830371918,53.065528433,52.5855071789,42.0408713489,44.7482968788,50.2469306318,47.4695055228,45.1493428355,48.321836825,49.9834869594,57.1938177313,53.4343655886,47.8197600065,47.8871934579,67.611911488,44.6327906041,49.3948351064,54.822698936,57.3065451651,47.3139252225,43.713323199,57.9557272985
prot,18.8180517707,20.3345260247,18.4952903914,23.3297011092,23.0994755527,25.7995513092,20.8557876035,20.9069078306,23.9047496283,22.0161774105,20.3257775855,23.3632194457,20.9151238582,23.10856262,21.4534711676,24.6266372263,22.752588635,22.6010436413,21.8707393757,22.6671387008,22.8296761336,18.9238682703,22.0674691397,24.0674673138,19.1108603803,24.1786179807,25.8319148979,22.8857178363,23.3748824915,22.3066779234,22.5216427207,19.6783093332,20.4624092424,21.4490745956,21.745347593,21.1913324273,23.7372654684,24.4145923341,26.2663651533,22.3215384161,20.0185983868,20.4344488886,23.5097993068,20.0378923591,24.2676670038,22.4669192311,22.2342344306,24.1094764111,22.3086220927,21.174262036,21.1565445672,18.5027157745,19.0105832147,22.2918754696,20.0688949345,22.7105783379,23.8914377259,23.5385361971,19.4963905177,26.3915191047,19.0448268568,18.8086006979,27.2125890828,23.0434766207,19.1831859913,19.9387948944,23.0112003497
chl a,0.8816234321,0.9592213814,0.7660626896,0.740681742,1.1178723317,0.9951042394,0.9402652704,0.888651627,0.9418985879,0.9341683178,0.883199536,0.7918264591,0.9536674883,0.9309285522,1.0472291144,0.9996332292,0.7712878923,0.9940342868,0.8902687809,0.7496097972,0.9357175321,0.8529870935,0.8912978094,0.6799645607,0.8877363461,0.9456323389,1.0145610071,0.8789899005,0.9026354132,0.8816574132,0.9096081309,0.8203779181,0.9223749093,1.0336053654,1.0192303878,0.8699734275,1.0269712405,0.9930537884,0.9132225444,0.983849303,0.896676492,0.83948824,0.9220756253,0.8350087421,1.0028933778,0.7973790548,0.9433240997,0.9043144135,1.0238789715,0.8650962459,0.9842262231,0.8584612969,0.8418301874,0.957136626,0.9319593708,0.9530781865,1.1171467959,0.9587956995,0.9700407243,1.1010179427,0.8418618257,0.8730996491,0.9783215783,0.9238997822,0.9387365504,0.7662077057,0.9849554784
chl b,0.2345870652,0.2386364398,0.2226086301,0.1918953397,0.2706687307,0.2981932791,0.2459463297,0.2599378483,0.2351289973,0.2735167117,0.2584944167,0.2421464108,0.2674401574,0.2521708586,0.3430174988,0.2213574771,0.1906978889,0.2975808584,0.2448627409,0.2007007931,0.2439787578,0.2747156591,0.2201118103,0.1597865733,0.2200354541,0.2095862702,0.344191861,0.2163256519,0.2522924306,0.2439033353,0.1940895447,0.20282081,0.2850171857,0.2629554051,0.2914950013,0.2277291006,0.2358670412,0.2284884612,0.2452127466,0.2417269829,0.2251417971,0.1922298645,0.227317299,0.2365937742,0.2561016321,0.1974346991,0.257497567,0.207603803,0.258314328,0.1991645343,0.2600520245,0.2314289118,0.1763295939,0.3274777759,0.2623585623,0.2430101488,0.283031302,0.2174474108,0.2946088125,0.2664153014,0.2540141639,0.1950271436,0.2479493012,0.2465088518,0.2857966358,0.2092449901,0.2299542523
glucose,0.8000698571,1.4605900529,1.228546556,1.8442326394,1.732458471,1.8438032038,1.6008527834,1.2551922257,1.7646174782,1.5093219073,1.0064878044,1.7197252303,1.7623492331,1.1880802806,1.6261238284,2.0036605774,1.3153963593,1.855284678,1.5568487244,1.2426310183,1.6095650871,0.878143387,1.2731169152,1.3862472778,1.3025542139,1.9581553649,1.0963221096,1.5315122866,1.8209416188,1.509999074,1.1959787977,1.623771309,1.2714383216,2.8058694242,1.2116447656,1.8748775704,1.7654820494,1.6489030477,1.6657765019,1.9052936886,1.2125448288,1.2345655166,1.894549793,2.3776736245,1.6599216412,1.0568013743,1.6800857662,1.4278658086,1.3208139782,1.2264195187,1.9645152085,2.0344718658,1.1160528758,2.538033788,2.2307322386,1.3265052973,1.9079358279,1.5760085201,2.5640531839,2.4226003027,0.994411471,1.2381988482,1.8434328459,2.3569713795,1.8619198034,1.6526565004,1.6996678953
fructose,0.7977068356,1.0095928444,0.8439058345,0.9119864846,1.0535871945,1.0984019306,1.0275768424,0.6333253698,1.1200205793,1.0114990052,0.6206369907,1.2015992049,0.8727453514,0.7612724926,1.059070904,1.1985640972,0.7437310858,1.2845992729,1.122604897,0.8705332235,1.2977204503,0.918271404,0.7345732806,0.7181542099,0.873632278,1.399752907,1.0975586322,0.7663680078,1.2105560102,0.8435520393,0.6970894265,0.9430351761,0.412047011,1.9266477264,1.0813233168,1.2842763125,1.2513538275,1.1974025285,0.9402704331,1.0896306377,0.7628953501,0.7426065242,1.1994119396,0.8987869661,0.9699568081,0.5257454409,0.707512173,1.3298842421,1.0134799209,1.3213863456,1.1005438343,1.0725946669,0.8362321613,1.6337721691,1.2824562932,1.089950448,1.6106792539,1.0636058333,1.2165199135,0.7822035424,0.6832360459,0.7155433774,1.2149059924,1.4753940692,1.3403617337,0.8811662563,1.0343876362
sucrose,2.937638592,2.568095814,2.7056032269,2.4020788267,2.8302902378,3.1268432527,2.5551766739,3.067698955,2.6334235891,2.8240508435,2.7346769997,3.7265691415,2.6397344861,2.4674861065,2.698816726,3.1133463379,2.6641691227,2.6854320282,2.6610200379,2.5021799611,2.6749403446,2.4814085602,2.3866011944,2.5949540996,2.3819413537,3.3715982855,3.0071926816,2.2504642509,2.3594569268,2.7135365861,2.3023570774,2.4915246991,2.536227975,2.7792452041,2.5023554462,2.5206611867,2.8914986322,2.40082871,2.7862879997,2.7059243771,2.3586228012,2.5911891916,2.8282299409,2.4469971437,2.6477281082,2.4324889257,2.6827854413,2.9952702042,2.4638278402,2.4212718837,3.385553403,2.4216675409,2.4544413083,2.4878412924,2.6438997196,2.4779334108,3.2024672479,2.8671600767,2.8860238056,3.2969066146,2.3734601164,2.1768161689,2.9937000087,2.6803888814,2.4387602042,2.4088420473,2.6454597714
xylose,1.0834245874,1.2557441073,1.2898667556,1.0779677476,1.4241585274,1.2251539381,1.0131964791,0.8571437459,0.7349462131,1.4729854772,0.9832104458,1.3142587195,1.187577011,0.8063179038,0.8123016023,1.2205280448,1.2048280051,1.1426722741,0.7236169601,1.4194348046,1.2931074839,0.9284867792,0.8160914926,1.2834140204,0.9889463157,1.1010281254,1.1280381556,1.186785946,1.5403736024,1.1557500082,1.2685209466,0.9836242164,0.8092911588,1.4234245056,1.1139232253,0.8602299659,1.6466963083,1.1585850514,1.0649427876,1.1647241684,0.8722456694,0.7777147301,0.8843188793,0.8298417019,1.0704678826,1.9003683034,0.8466695212,0.7900525147,0.8534945029,1.3873941534,0.7594423464,1.5781324793,1.5297698533,1.2084898359,2.2577611297,1.1605799168,1.0070058055,0.9806585399,1.2972573182,1.7711019336,1.1020400342,1.2020354106,1.4072073602,2.0076957854,0.9733182006,1.0943424227,1.1217004649
maltose,1.3612795656,1.1369265709,0.2158834123,0.6614214822,0.9680801179,1.4094403668,2.0541626482,1.0674093754,0.5381574316,1.6142432504,1.0572261683,1.8959828667,1.2705024927,0.3950231614,1.1490013752,1.2941151944,0.9804673504,0.7337270884,1.494537972,1.0259574129,1.3190496773,1.7947350228,0.7517074144,0.9826855502,0.8020260532,2.2658894587,0.5989629733,1.1167246201,0.3441546999,1.6655171458,0.7089782227,1.2227415004,0.2479830588,0.3694362237,0.992305939,0.8877235635,1.3016748147,1.155149747,0.2840443509,0.2764090601,1.1198396884,0.3627172199,1.4765788246,1.016803147,0.3570912653,0.7481031447,1.1765641152,0.289566983,0.9202012058,1.3398116711,1.5977431192,1.0241893479,1.1596235686,0.730470748,1.2352933834,1.1710491372,1.1621264336,0.9745317457,1.6063580592,0.548583289,0.6321346538,1.1102547486,0.3051056691,0.2265902944,0.5652774468,1.6918046437,1.2714410402
trehalose,0.1452957352,0.2538847583,0.7387413771,0.3187048042,0.4295066821,0.2609996412,0.2664019945,0.4701264894,0.2745620703,0.5908793347,0.3052387937,0.3450892834,0.6242264489,1.2437823878,0.2591275314,0.7412264576,0.215015844,0.1957803143,0.3489576948,0.4235136503,0.6272801705,0.401552773,0.8676831681,0.3410503184,0.4399068026,1.6222041156,0.2631316207,0.4260810929,0.2288601018,0.1752475478,0.1468936074,0.3171579396,0.2722397573,0.3732419898,0.2377226774,0.1913078711,0.4507987687,0.4797593077,0.4374058951,0.6942056576,0.1734624932,0.4294092121,0.1559035272,0.260692621,0.2989325652,0.4144164893,0.2601922786,0.4015053499,0.1641509225,0.1997161812,0.4088303753,0.3951122305,0.2447093102,0.3621668332,0.1585370972,0.3215240873,0.3846385018,0.4412243772,1.0851693314,0.287793771,1.0186766706,0.2362032995,0.2530820918,1.2851426717,0.2985273604,0.7237664414,0.9103739649
raffinose,0.585802353,2.1812339775,0.5988830296,1.1663599636,1.5090006136,3.0080089558,1.1666316053,2.1632541034,1.0437189712,0.8223466831,0.6287225141,1.3002538357,0.9778519817,2.4356053892,0.643007788,2.0543403095,0.788778777,0.4970064961,5.0300301008,0.4530301104,0.9696340694,0.9666325968,1.3002538357,0.5687436266,1.1250895607,1.3002538357,1.3002538357,0.8457529037,1.1391818518,0.3804812354,0.7002910676,1.1137008884,1.600822868,0.7105661601,0.4269685269,0.8406896165,0.8079808962,1.1297618941,0.8973096271,1.3002538357,1.4159850653,2.3782649749,1.6549575408,0.7269767012,0.4653019962,0.7141257449,0.5078135668,0.8496420985,1.3805952094,0.558494959,2.5103988099,1.4245602556,1.356186493,1.3002538357,0.2671303226,1.4306245805,3.9486697254,2.7310671113,1.9161781558,1.3002538357,2.1633665434,1.0895767707,1.3002538357,0.4393554903,1.1082890816,1.0541592045,1.3002538357
"inositol, myo",0.980103575,1.4187235515,1.3636495109,1.3174694141,2.1852910975,1.7488586831,1.4382167173,1.4193935707,1.5806097616,1.4445967117,1.0075432021,1.131668236,1.2499987845,1.255309505,1.5456724387,2.1300904578,1.416624465,1.738457055,2.8102049088,1.3916015051,2.0285425543,1.2237058329,1.7047231216,1.3494868896,1.4647258395,1.5683499432,1.7803622432,1.173110072,1.6227937778,2.9007837527,0.9817486135,1.3169826179,2.6291455241,2.3109986075,1.2980104655,1.1872836101,2.2379473692,1.4687047516,1.4484814015,1.5384482614,1.1145824904,2.1464790009,1.7692750576,1.74087021,1.6507256051,2.1854524753,1.5944623627,1.4506310946,1.8471215022,1.1758077074,1.5868469341,1.4252064942,1.3075217368,1.6609331656,1.0688549003,2.8762685479,2.3744869823,2.619123313,1.5944650358,1.5969912289,1.3124462723,1.511096751,2.3124439777,1.7790342717,2.2590793633,1.5244576217,1.7471197742
erythritol,1.0768480791,0.9143844708,1.4446127573,1.0660733134,1.0463183301,1.0777290872,0.9299949941,1.5245368708,1.0491337109,1.0737811338,1.3098120714,1.5868891197,0.9008103818,1.109045982,0.791220311,1.1316330794,0.9780947355,0.6952851849,1.434247206,1.2384455929,1.0804038148,0.8261691707,1.1552537222,1.1349981131,1.316815232,1.3510898641,1.2637018263,1.0764723322,0.9600064519,1.1063185932,0.9257242382,1.1473952601,0.8397749817,0.9340210675,1.043758269,0.8203223349,1.0678145717,0.9548484922,1.16269349,1.353617435,0.8868042467,0.8309329606,0.997375313,0.9491709049,1.0467561022,0.9634662113,0.8078296614,1.8801360715,1.0623119888,1.0398883744,0.9629041909,0.9197830601,0.8597490721,0.8604054179,1.001424426,1.020492926,1.18119174,1.1503170843,1.354131429,1.327462547,1.0037956292,0.8842077327,1.2428226422,1.4365890987,0.9392602913,1.1107826014,1.0734897493
aa,23.3553752183,30.2734710186,27.1666369021,22.2984285898,29.6068073601,30.315912454,25.5122328071,27.5084868489,29.6172216697,31.5837403384,27.5253654443,34.9679347125,32.7625439022,25.9104074825,31.1776501348,32.3572515551,26.4180497979,30.7065464045,21.9368173146,23.3218941952,29.4349768477,28.7966457447,28.3154264637,17.7939537553,20.5595747774,29.4802049881,25.0948600655,25.943778628,29.6811703153,30.3522163717,31.7117483719,24.444123051,32.9546283756,29.8720167898,25.5621125296,29.963759161,24.6551344805,26.7986631212,34.8850044487,25.4399793715,25.9315461818,22.4416763324,32.7630683679,32.1000075198,37.7286254774,25.6117572822,34.3673333128,26.9243154394,28.8821143837,30.3297869447,33.0829846058,25.6364869287,25.9235388117,35.701627494,28.3057174464,30.4597178625,30.0140269038,27.8463326133,27.9173697782,28.6764655997,22.551374128,18.094448787,30.3683242195,18.7841701078,31.023352756,23.7043259003,37.0202976887
alanine,1.1030396438,1.3524144819,0.9164558886,0.6530694512,0.9867701225,1.1658020262,0.7190265082,0.9701608304,1.1267784981,1.7193095594,1.5651977556,1.4215709562,1.052998104,0.8326630275,0.9260153711,2.1638841565,1.1830093098,1.5360515515,0.8714458584,1.1751066313,1.1487772967,0.9919441073,0.5243009368,1.2379960516,0.7858435213,0.7371728151,1.17102325,1.3206389651,1.1572371439,2.1709073444,0.9799927851,0.9421208137,1.5658004096,1.0926940675,0.8039079249,1.2305807629,1.5915726648,0.9174409347,1.4070325357,1.0699676962,0.9063042936,0.6808983981,1.4544770946,0.9912743972,0.9397131317,1.0764861903,1.255767843,1.7255107053,1.0215936893,1.3163461371,1.230309879,0.7110783329,0.9565678201,0.9195409094,0.8953611316,1.4303511632,1.4957501755,1.1668446265,2.0706707603,1.6159253164,0.9567015476,1.1038790764,1.2309624707,0.9577580708,1.2314201965,0.6319475979,1.7636767183
aspartic acid,2.8867017932,2.3903874592,1.7865632776,1.6911785198,2.635606503,3.6577079266,1.6680222734,2.4768440926,1.8932247853,6.1748645029,3.1847988742,2.6580984692,3.4121828507,3.9149111452,1.9333152066,2.3870638635,5.8650772755,3.0248830965,2.8913916151,3.3120202986,2.2486939995,1.7701714798,3.0404390236,2.4577428358,3.2602867299,1.7083343469,3.2838041397,2.575436848,3.0790831614,2.2407472505,3.0818675273,2.2157054392,2.6607902942,2.1366835529,2.0574472418,2.2212214962,2.5219708339,2.0917918736,2.4562403587,2.2286637026,3.0606480994,2.7746498695,2.0791390508,1.4815927694,3.2480028139,2.7087032179,2.6401644389,2.103243724,2.6869803094,2.4942950069,3.368545455,1.8360009961,2.8017369042,2.8930439898,2.3707997009,3.1870169436,3.244333749,2.0808256582,2.1907634059,4.2450166961,3.7414664719,2.7055199459,3.5778821965,2.4927236465,2.1488037578,1.1917478961,2.9601425538
glutamic acid,3.4225395956,3.5669020598,2.8215280619,3.092126497,3.2023679145,5.2549898236,3.9449245242,4.220035279,3.6263483741,6.7664758656,3.4233993421,5.5937178786,4.8160428691,4.5526273834,3.5029034948,2.8915083891,8.1983947073,3.3447988316,4.5458018584,5.0344638307,3.5985222945,4.2125392787,5.3028004548,4.9600648376,4.0383210367,2.2139741547,4.6534605916,4.5869801921,3.6680286032,2.9640209942,3.7398361307,4.2014700361,3.5596834804,3.1436053471,2.8513701032,2.9642694284,4.5222545516,3.7723606586,4.8206756565,3.4927993973,3.5217926318,3.5652006344,3.4826920944,3.4288871246,4.8489368807,4.2330695153,3.9762152243,3.7391854943,3.7712673281,3.6762448172,4.4211482757,2.6014478382,3.2569662241,3.9992904385,3.502612517,4.6722744469,4.2620971203,4.6015582626,2.7661170612,4.1264781094,4.9912406999,2.784498765,6.223487701,4.1975608705,4.0325387974,3.5832193171,2.9511550977
phenylalanine,1.7162325385,2.0436018501,1.4194111052,1.7255721623,2.0104973583,1.8172843928,1.8157740797,1.9527945424,1.5639590536,2.4885253115,2.2036465032,2.9818002989,1.3472886831,1.7436197157,1.937619894,1.9201981953,3.4242713493,2.0842073537,1.7518243943,2.1409968717,2.1366510534,1.816860213,1.1059631483,1.9260790045,1.6620974633,1.5548450275,2.1491419727,1.75395871,2.4973906993,2.0748553883,1.9642111156,1.9360017339,1.7958549953,2.3169197491,1.3189510045,0.8167585265,2.6456448101,2.2743359532,1.7142187899,1.7604244572,2.0806726553,2.4383333499,2.3127123436,1.42814795,2.4709579003,2.0385961055,1.7592439162,2.2188451665,1.867494431,1.9695670606,3.0629293703,1.8817468253,2.1255713867,2.6743710944,1.5510680497,2.0525403848,2.76943788,2.1704316853,2.9764265351,1.7430008542,1.7434271416,1.5670517034,2.8407782251,2.0413761554,2.2154740924,1.4183794341,1.4423744421
glycine,2.0112257338,6.503179754,2.185603213,0.8331524598,6.090786321,4.2718518647,1.5294381962,2.9965454517,4.3668738941,7.6517824558,2.4338933638,9.9863994941,12.9610918648,2.2660171998,4.4912167954,3.8064437651,7.0911711517,6.0134814548,1.2777022385,4.1528308458,8.5683619713,8.4900535427,2.427160029,2.5430299639,1.8213796805,6.593931496,3.5133771462,4.329788279,1.6620161241,9.4029406751,1.2628309003,2.3197174399,6.5648630893,7.4461173469,1.9414203811,8.3268206043,4.2535372216,2.5731606253,3.5911914831,6.0880946611,1.2647153522,1.2463681172,2.9163588401,4.1417843756,6.7064468249,1.1958375072,12.6030987907,1.7000592262,1.7841572333,2.0258838431,4.2676730391,4.842200421,1.63991425,5.88855669,4.1010133876,4.8168754237,3.354722576,2.1899499808,5.8694295596,7.1388805825,3.6950564768,1.9327709403,6.954934829,7.9642941257,3.4941218396,1.3537992031,10.1956072807
leucine,0.48186404,0.4904568888,0.7143307927,0.3660595678,0.6244075225,0.5457688737,0.4281608331,0.4745910227,0.5354471526,0.5469137561,0.533991204,0.6488309674,0.5583635811,0.3670658402,0.538390112,0.7589405649,0.4679747883,0.4898971838,0.6863512645,0.5180778527,0.4540964743,0.6889064735,0.3581554819,0.5105179595,0.648842792,1.153265475,0.4373258746,0.5994704969,0.4195174437,0.6271268431,0.5159277118,0.4345034737,0.5195027926,0.4932711829,0.465830408,0.4161693088,0.5686354464,0.6627967708,0.5658389541,0.7206769594,0.3728812682,0.3916217133,0.6880809882,0.5841175691,0.3915696272,0.5467057234,0.4813189205,0.6815678726,0.5429757557,0.7516514488,0.5134449593,0.4800849767,0.5607018512,0.3871839019,0.3700882628,0.4508385974,0.5382694155,0.7484620163,0.9432503494,0.6166644753,0.4051605892,0.5791303685,0.484836326,0.4625939944,0.5544020851,0.6576934895,0.8546286316
isoleucine,0.4763718406,0.4488301429,0.642843362,0.3688962339,0.7292512095,0.5649218173,0.4670162691,0.5425620522,0.5283725474,0.3975097747,0.5104812072,0.6643593358,0.5237231892,0.3870690153,0.6070975701,0.7299191197,0.4723547398,0.4285386257,0.5291156178,0.5410534226,0.5099055229,0.5545610931,0.4826648839,0.5693438533,0.5403727816,0.878526635,0.4401418186,0.5512528109,0.4844399956,0.81564346,0.5445790593,0.5195611885,0.5301839958,0.4930006178,0.4722337837,0.4890343722,0.6168813349,0.5316947996,0.5757597729,0.5250375801,0.4765589968,0.3535956305,0.4829009782,0.4022874288,0.4786512813,0.5613543729,0.5479182219,0.6347799956,0.5013105001,0.4941279991,0.48710392,0.5395770503,0.5070883176,0.4701677618,0.448856017,0.5022942953,0.5430760428,0.7396895426,1.071449325,0.727893239,0.3895728937,0.6047660224,0.5243788086,0.4936674975,0.5659875205,0.6874085564,0.9278751068
lysine,0.5237992912,0.4273945293,0.629208787,0.4948532554,0.633613093,0.5893838339,0.6827611724,0.5433190408,0.6328666566,0.5489334893,0.5658044506,0.5710999766,0.6146831683,0.5471590162,0.5465574735,0.6856131057,0.7172736858,0.4681714755,0.579761581,0.5282310892,0.5115533379,0.5165384554,0.7031013281,0.6931233404,0.520313235,0.5862999649,0.6522141498,0.6917312222,0.5347005017,0.51410269,0.4885002221,0.6780115285,0.7018613569,0.4598047924,0.4756498414,0.5113905909,0.6237543574,0.5710645187,0.5678396598,0.5023232835,0.5650856999,0.4146053471,0.6159008127,0.5253137101,0.5875636901,0.6035690727,0.4340936589,0.6162796348,0.5319139644,0.6833278316,0.6575397021,0.4541062691,0.43217136,0.5579746045,0.5612428542,0.6078700596,0.6305124639,0.6387429265,0.8514711509,1.0822274526,0.4797682058,0.5365123349,0.6719162992,0.5615387139,0.7010423362,0.5621814923,0.6638093487
methionine,0.804154,0.7822855586,0.5914655184,1.0435632208,1.1372152922,0.8771672422,1.1855646659,1.1723784088,0.9958202522,1.2561575405,0.7863023159,1.1275255524,1.2002840361,1.0307059635,0.7252167878,1.0702408759,0.8035141164,0.7048351079,0.9900584583,0.8576517681,0.777577309,1.5504967527,0.9909084728,1.4368095391,1.5820618675,1.7220097513,0.9128053841,0.9608869348,0.6384345816,0.6954021685,0.9435453879,1.204333124,0.9275116636,0.804149858,1.6643852026,0.6754536373,1.109386802,1.36206743,0.9615352737,0.9878673822,0.7922117416,0.9246155836,0.8088310792,0.715437443,1.6755204984,1.3949857439,0.7251190806,1.2649427594,0.9723822453,0.8645760766,0.7140738454,1.1935243114,0.8565900719,1.0107959809,1.1428973156,0.7863819772,0.8095045289,1.7710383518,1.8612051442,1.0445301894,1.1857595533,1.1741585432,1.4648631485,0.7558570565,1.1529552084,1.3104717757,0.9092454217
asparagine,3.0010850637,2.5121685754,3.0680077186,1.0187410564,1.7512098366,1.7212795865,3.9467577492,3.0935920479,3.242937785,2.3110202172,2.1885200935,3.1763774764,4.5378303074,3.5960438396,2.2705916925,2.9316970429,5.3969071582,1.6197281229,1.851412214,2.2879742278,1.8761669538,2.2094168927,5.5528637284,3.7839111558,1.6611348532,4.4700356582,4.3257135407,2.6217839692,1.6378067786,1.4009923479,2.4035224095,1.8370240878,3.630961835,2.2860388969,1.5917857488,3.8133382129,3.7394576004,1.6209735731,2.6012190049,2.3367941671,1.8768981335,2.090098199,3.5008732449,2.2153292201,1.2254249118,2.5168933891,3.0905222873,2.3599584375,2.8043369595,2.6390013294,3.3095399258,2.4273781426,1.4838471145,2.8233361106,3.1695226994,2.5271701686,6.7439095432,3.4645190321,2.4133708987,6.362511938,3.1861349653,1.0117975468,1.9437025542,1.0586375641,2.8784136656,2.3313346321,13.104745661
glutamine,2.1903085073,1.4752645576,2.1095631167,1.9457865981,1.3705326634,2.2720038461,1.4706171125,0.9782255494,1.6711519302,4.4110607913,2.369265543,7.2795142851,1.6877394192,1.6558938364,1.320097697,2.0865752632,5.314531101,2.9387565307,1.7461140304,2.0421530566,1.7513425068,2.1401635269,0.9605287983,2.8025322161,4.1992343365,1.6172581555,1.2954117028,1.8764558931,2.8034495233,1.7555904395,2.6350139856,2.0188301918,1.8389576034,1.9690657731,2.3836532087,1.7267580769,2.9782855755,1.7859009103,2.6039565498,1.2457642792,2.917901858,2.8360084172,3.7364815072,2.1539806619,2.4376726132,3.4139049286,1.6403203342,1.1686880358,1.4312712801,1.4597426854,2.9184215242,1.9200922789,2.0656479692,2.9317182947,3.1310432374,0.6054943749,1.0194214757,2.0238122541,3.8757512299,3.9188402825,2.4997175871,1.508844483,6.104345728,1.3642227167,3.0063545355,2.1596657736,12.7768788687
proline,5.3539957547,17.9038470186,7.3900350898,2.3762076003,8.5033785165,16.6896308242,5.2169323618,17.0294008786,7.4610405325,12.4150411148,7.8549967181,6.8594453974,6.9331034089,4.03505679,4.5493407072,6.9544143961,5.4475023029,17.3431344416,6.7420370316,4.3544494925,10.5033380842,7.5085176659,3.3062417293,8.6029029949,5.3585829928,7.9917555688,6.237470434,3.1001950033,13.5584710531,8.7115744576,9.3104717044,7.2402657363,12.9495529978,7.8104922537,2.9494176073,4.9417784708,13.3137073841,4.2471756318,17.2134153018,4.9292099952,6.2076731544,2.738717226,4.4109474878,2.5917598153,7.8300756131,6.7439689372,7.4345570492,11.5292597615,3.5839769967,4.0405480369,9.8148631777,2.1783090623,1.4275037519,2.5620445469,3.9259450114,10.57873421,4.8564927979,11.8932381832,4.6787627789,28.9243910515,7.6206408895,9.7521657275,12.0375922582,13.8927742518,5.331247794,5.9031145806,18.3522814271
arginine,3.5857747255,3.0668152728,8.8282894582,1.4807691445,3.2404700598,5.513018286,8.56708851,3.3971278268,4.617450035,6.9301249694,3.7312670464,5.6064190305,3.8324191818,3.6215396386,2.6171793856,7.8192592967,4.6383635962,2.9386820165,3.0087381614,4.7654238168,2.9042586904,5.200393493,11.553410587,5.6019812329,4.5864552901,4.7024506774,6.753666128,4.565075631,2.074690152,1.3271620766,7.6758846568,10.0386724798,3.7287199418,4.3796417334,4.6704816173,2.4638549034,4.0669474136,3.9653089285,6.7617405613,1.642346605,8.2288012441,2.1911953104,3.16180401,4.8213687097,4.5879860552,4.0830590873,2.0909865508,6.9623572339,3.109436434,2.9878681745,4.3517074198,2.6769101999,2.5767905605,3.9715067764,3.9401706775,3.9811825334,4.5975843649,0.8667730307,4.7707282802,10.0453303677,2.6784209597,1.8809769004,5.3016854877,3.2223558419,6.3931840314,2.142455092,9.0722009211
"serine, dl",1.9915477685,2.2729449379,4.399776016,2.2133023701,1.7279856652,2.4766962434,3.6021075307,3.4719399177,2.8073842421,2.8280896283,2.238735006,3.991196094,2.8875130423,2.2087136972,2.577796038,1.9181172087,1.4135559113,2.0206582617,2.337226369,3.0722586602,3.4943903736,4.4332399169,3.9132383639,4.8755669992,1.9423187935,1.085698601,3.4107620254,3.170773229,2.6236618026,2.0014489423,2.8284018921,2.8620491623,4.5264458929,2.3208945609,2.619603838,2.8389131891,1.9971682825,3.1524879193,3.8122951611,2.8996964623,2.0843687618,2.4808250834,1.8554923006,3.4496065813,2.8842906715,2.9591991835,3.528740661,2.2911772245,2.0299391996,2.0671160564,2.1131634543,3.1755091105,1.4027522727,3.0759014262,2.4898662008,3.483283716,2.1385512686,2.4374548261,3.7340109695,3.1607791635,2.3732901734,2.2241288002,1.4739817682,3.569234486,4.0293257,3.0978290383,3.7181197538
threonine,1.7049369256,1.521447242,1.6399354124,1.0327078667,1.8941465054,1.9064036047,1.2846363258,1.7803961671,1.7180868073,1.6424613683,1.7288154556,1.7161502355,1.3563196406,1.2430691912,1.6804740888,1.4892783387,0.8958978714,1.2783244089,1.446761503,1.7269092323,2.1593258148,1.766858302,1.9164541286,2.1234880365,1.335614615,1.3663743286,1.803195926,1.6236631426,1.8648383333,1.4546636105,1.8781621016,2.5936404104,1.8732648867,1.3954195247,1.2267360316,1.6876009619,1.6937946532,1.8296831588,2.1416104112,1.6138761816,2.0260495329,1.2550183935,1.4273651985,1.2640023051,2.8705824162,1.6903269157,1.7389522952,1.7362932045,1.2992641546,1.6975993555,1.7932171888,1.6105886697,0.7909859144,2.1923295822,1.3733273706,2.3927828497,1.5330809662,1.3376980816,1.8013552065,2.0041357864,1.2618813742,1.2905212517,1.2470424455,1.5977856915,2.8368211551,1.4059900925,2.4337895356
valine,0.9270947331,1.0602339864,0.9127721082,0.7573498358,1.0553774074,1.1497488387,0.8591225091,1.0608841853,0.862753585,1.1135868295,1.1138094645,1.1478310501,0.8313360057,0.7968206353,1.0369060885,0.9024154763,1.0651599975,0.9743855246,0.9643289842,0.9686089722,1.0481738214,1.2240194444,0.7971954666,1.1263387401,0.9178123474,1.0161980536,0.8523048408,0.8724327721,1.0344251681,1.4486714046,1.0253351653,0.984196441,1.1134242522,1.0165159044,0.9082718971,0.7766377878,1.3227303847,1.1545389002,1.1982964961,0.6986409975,0.8581446762,0.7197359437,1.050490843,0.9519831098,0.8773541291,1.0102929943,0.9344046983,1.3231481189,1.0354448354,1.2842421854,1.0249185945,0.942968873,1.0262290283,0.7985100138,0.8531231842,0.9386560726,1.064979844,1.1264798053,1.1454168434,1.1708332581,0.8777567931,0.9717673142,1.0406279934,0.9076939842,1.1225445397,0.9292523171,1.280076368
tryptophan,0.90735122,1.0555597944,0.8188723313,0.7386993928,1.3323114397,1.1577785468,1.210343575,1.2215440105,0.8263398713,2.0762025954,1.0886645452,0.9693265214,1.2421235296,1.0683073163,0.9759807473,1.1837626491,1.0585491985,0.9587333491,0.863849058,1.2004548841,1.2454578828,0.5434150045,1.0683073163,0.8913025043,0.774321897,1.292915962,0.6494467094,0.7792308227,0.6212365162,1.2240896422,0.8444880922,0.7400215649,2.3009439693,1.5647227353,1.3053237854,0.7620661771,1.4456996056,0.8314682573,0.9688423622,1.2680257449,0.5731639621,1.0175779071,0.9138802236,0.8662951306,1.1731882365,0.7843285171,0.886294051,0.9495963782,0.6648041928,1.6710698855,1.1729300944,1.0288128741,1.0979099525,0.7326605137,1.2548192595,0.9865476088,1.6631488662,0.7020846586,2.1413246464,1.0839927807,1.0599076401,0.9679214191,0.8390481399,1.3126903704,1.0692210322,0.6942531602,1.3412879288
tyrosine,0.6553054535,1.1745033129,1.721880061,0.489865762,1.7914999572,4.004067667,1.2954533296,1.6387385291,1.8954193157,1.6676570654,0.8911142476,4.5871150277,1.1039521558,0.785513015,1.0384801337,2.2322854984,11.5497934683,2.4951366935,4.8050167753,2.9738315682,1.0765235584,4.6245151312,1.0673273721,3.2453852172,6.6737358065,1.4614905394,2.7070579345,2.5950502562,0.5293142317,0.8412457556,3.9261718951,0.8230346967,4.6071183753,0.7118781806,3.4406110572,1.2962664229,0.8575632832,6.2332104371,1.4889015971,4.8496081211,5.1284852032,0.7652579758,0.9212799528,1.9212884931,8.1686930245,2.8062651338,1.3505400602,4.6717106359,3.646322185,0.5424765179,0.631342578,0.6317726522,1.04375757,0.8223282274,6.133047615,1.6196105113,4.8393128057,3.5280963959,2.1016991127,1.6202647221,0.6761009991,1.9558351852,6.6144908081,1.016336443,2.393897712,1.7935497229,1.5331368128
"alanine, beta",0.7616551104,0.7890174162,0.9376397052,0.5739771718,0.8820765367,0.9272445116,0.5216759114,0.7369541627,0.8691686087,0.745243864,0.4895743056,0.6967170958,0.6567513429,0.529138804,0.8642224721,0.8967974394,1.120914684,0.6076383449,0.721639833,0.7527821762,0.6511208486,0.9961997781,0.9721169851,0.9244134464,0.7191063883,1.1011014383,0.8018231824,0.6584003631,0.7541654129,1.1218385272,0.7225189848,0.9122714648,0.6344550316,0.7623679645,0.6651080131,0.5832870278,0.9882043099,1.1959056257,1.3065802642,0.6401502591,0.8084381647,0.6397974614,0.8401561649,0.7752022853,0.7152794106,0.6800521442,0.6266738874,0.7562235739,0.6528426207,0.7945495182,0.7467649117,0.8112647782,0.837126067,0.664270846,0.6538771641,0.7337204636,0.6955677114,1.2543278049,1.5397927865,1.0063220489,0.6091545935,0.7287673425,0.6507591583,0.8315143401,0.7725778206,0.7174024821,0.9608863759
putrescine,0.7553964745,0.6200297228,0.8562630232,0.460759938,0.9419369877,0.9116848912,0.7445148622,0.7348579394,0.7834986455,0.4717025656,0.8187416318,1.0917226195,0.7041850885,0.8850747121,0.7780525771,1.0407307237,0.6707453771,0.5921380899,0.5722687763,0.6451042583,0.8339218866,0.8764765417,1.3271216358,0.8485059093,0.5370562299,1.2812306354,0.5922468932,0.6679669384,0.5014628591,0.786863094,0.8386613496,0.7452452295,0.9175238732,0.8686901735,0.6662503035,0.6671193434,1.1098322741,0.5071585572,0.9860491763,0.7405013757,0.6465707964,0.7535178234,0.6885007478,0.7627248852,0.4492077325,0.7268888301,1.0189292858,0.8016368046,0.5910698885,0.9710213757,0.7354290258,0.7444555015,0.5622221491,0.6453776759,0.532360618,0.6407948338,0.6186149807,0.7947126279,1.1705909836,1.3341966407,0.7861037007,0.7336218348,0.4863060624,0.6881669745,0.6596864552,0.8069714082,1.5205535804
spermidine,0.9561533875,1.582202372,2.0973171749,1.2521342626,1.5763640994,0.8539599135,2.4761636541,1.4926186415,1.6482531571,0.3345737398,1.151493331,1.5205837812,1.0161922877,0.9426800253,1.709492676,1.3045234783,0.4072240906,2.0922345419,1.3360685666,1.0448596715,1.5026184873,1.8748945476,1.802509109,1.7774485247,0.8860547805,1.444873013,1.0510560629,1.5419625993,1.5608961413,1.4359070433,1.0969536766,1.5162440361,2.6929955132,1.2395437581,1.3726514508,1.5217901608,1.5190381813,1.129917036,1.8151817648,1.7930604955,1.2188610757,1.0264449149,1.6165802517,2.0260283422,1.2085272378,1.4344194064,2.0762468574,1.4449798422,1.2552559083,1.3184832797,1.3393319852,1.6024904301,0.9731764908,1.4235948131,1.3473833489,1.0096083102,1.1637601469,1.9901190638,1.0623375221,1.895216252,0.6792770817,1.1837326931,0.9421150206,1.5603515438,2.6039262488,1.3056927701,1.5165630993
ornithine,5.2235214578,3.057973559,5.1154157789,1.5092010121,3.0236667099,4.2853728649,12.3699256261,3.4967534575,4.7913109522,4.4153863752,3.4577110587,6.8631113146,2.6401412508,1.9168682542,2.1365369065,2.8860321628,4.9318599618,2.0685275897,1.7021556122,2.7751961024,2.9270253192,5.4852537258,9.9743904277,6.4772741145,3.0792367103,3.8349093841,4.9401823097,4.6057031382,1.4072869101,1.2673775158,7.8156434598,6.9414379525,3.3829826388,3.3642788912,4.1074910904,1.9032186415,3.092963353,2.7328593668,5.5497055509,1.07623344,6.2571368057,1.7220809529,5.9747489077,5.2618357989,4.4708482389,4.2876572301,1.6362382042,6.7822190458,4.4748843461,3.296036424,4.7934916403,2.8201270989,2.3131393999,4.2203475977,3.3603502486,2.1094425971,3.8455456674,1.16170558,4.6317757003,10.7260605528,1.7241978978,1.6423518265,5.3868605327,2.0842583878,5.9184612409,3.0386650208,10.7206338006
shikimic acid,1.8134745531,2.0245080854,1.2442286813,1.5492100832,2.0245080854,2.4476788482,2.0353890498,2.0964638718,1.4844056245,2.1637993347,2.0245080854,1.9094957028,2.0245080854,1.7426501285,1.9488134327,1.827305581,2.4424322034,2.0245080854,1.7236302815,2.4311217615,2.0245080854,2.0245080854,2.0245080854,2.3338424588,1.7925016786,1.96129948,2.1099701811,1.6484647106,1.8670518428,1.777002044,2.3886621571,2.0245080854,2.1026402634,2.7965578322,1.4855135628,1.6262036236,2.0245080854,2.0245080854,2.2175739481,2.2092138473,2.0245080854,2.0245080854,2.0245080854,2.0245080854,2.3422499903,2.2562322604,1.9510174374,2.5441413617,2.3767280542,2.0245080854,2.7008759017,2.0245080854,2.7702432568,1.2267984721,1.9506256637,2.0618908942,2.4213164107,2.0245080854,2.0245080854,2.2415353096,2.0245080854,1.5960771179,2.3797914089,1.8978682703,2.0245080854,2.0245080854,2.0245080854
"proline, 4-hydroxy",1.5905561581,2.7166925225,1.7923857919,0.9413267891,2.2714000741,2.5027145696,1.4545554819,2.7148918833,1.2447834656,2.2548205235,1.8937676705,1.4329778166,2.4220508429,1.8898158161,1.2154496646,2.0586551271,2.1023921721,1.7016929003,2.3039057817,1.7021078876,1.8377780425,1.5238959741,1.7788186805,1.8305685865,1.2244157891,2.1041736765,1.7572276598,1.2655729044,1.7183810466,2.0633955886,1.9338454354,1.7026793692,1.9891663499,1.2969225421,1.1395567942,1.4514091307,1.8892490711,1.8045585986,2.1811424721,1.3024244886,1.4866347528,1.4177944619,2.0307950836,1.0837924343,1.3176776218,1.3516662811,1.114566928,2.0288464756,1.1035952984,1.5908152102,1.4839027622,1.1146626915,1.0326190389,1.1362534566,1.5555213113,1.7246055548,1.3733281832,1.9944461814,2.3323439553,3.2717755719,2.4974878871,1.9346005391,1.8072608023,1.8419996911,1.8962682301,1.6447446628,2.9861859804
malate,4.6044587039,4.4002543005,3.1814875383,3.600935857,4.1062560294,5.3108734245,3.1703278448,4.5404040086,3.5889353863,8.498897893,5.2648967869,5.1492550145,5.6609761591,6.5844828389,4.4876843142,3.9206013505,4.3216402235,5.970249979,4.8105872965,3.9759967836,4.1861088273,2.6629595485,2.8022705467,3.167408467,5.9055481732,4.5793465973,4.2651443969,3.9107959823,4.3290431418,7.0820790211,3.5823108951,2.7452026107,3.9721314695,4.0255469074,4.4517705325,4.3915570325,6.5172689827,5.2392175231,3.7523111184,5.4809432277,4.296843533,4.5924484538,4.2276244076,2.3215667124,5.4041049675,4.3546857621,4.4978059162,3.9898975101,6.0773451373,3.6177506127,4.345245379,3.4364609143,5.3792433829,4.8041894497,4.3986463537,4.6119275829,5.4609350818,5.9123826913,3.882501794,6.3542857021,8.558755601,5.7674053397,6.7790803595,4.7379154802,4.0585798792,3.0774066512,4.9630531849
fumarate,4.0891810388,5.3731301296,3.9028442589,4.8596917997,6.6762529764,6.3317922481,3.9974139523,5.0540945931,3.5750613885,6.3543179181,3.2124469523,2.6693793204,5.3814029301,5.6043295879,5.9142398444,5.5394639929,4.9687283651,5.0904011577,4.9010471404,3.7225226275,5.2795081369,3.7075071754,3.6694703402,3.1885907912,3.306804724,6.0167542224,5.6242273929,6.0369178132,4.9878699064,5.529961948,3.2819894679,3.71612002,4.6659424547,6.8397036205,6.070573883,5.1640445633,5.785941404,7.2957829013,4.4696298587,6.8880606097,3.8925322634,4.916383706,5.19348545,4.0695008666,3.8076719494,5.2770708108,4.7006589107,5.4228682527,6.0874378855,3.0637653058,6.5402842184,6.6423102165,5.1097978785,6.0677660685,4.9867019201,4.7615632337,8.0116457287,5.8863681674,7.3784370085,6.1495313554,3.7203997969,6.9669173355,5.0627024045,4.8105298868,4.6120320843,4.5551089159,3.4528587986
succinate,0.558448139,0.7315953349,0.3797554415,0.4106742337,0.8061812811,0.6525601306,0.4620449353,0.8735964704,0.4283189708,0.9827936343,0.8971244575,0.6710073772,1.060810815,1.0052533919,0.4443992109,0.7545038029,0.6785942217,0.5953323591,0.8354534861,0.8124165512,0.7491589439,0.3279800681,0.473855126,0.4420398722,0.6239420953,1.1714581296,0.4128118015,0.5832693438,0.4125481805,0.9935899119,0.4356679178,0.4038658987,0.5933744258,0.4723147099,0.4980928864,0.5263146645,1.0523923939,1.0426445942,0.3940585375,0.8415269924,0.4214415324,0.7021867299,0.5161526257,0.3955345971,0.758813429,0.5207370062,0.4128977276,0.4762511002,0.6668810673,0.6239496338,0.7174652508,0.3813624999,0.7444876756,0.7059558879,0.4223970675,0.7012324682,0.6365057489,0.996666348,1.1844228885,0.7022731751,1.0962276996,0.7039715558,0.6866293772,0.6275972445,0.4711812808,0.7746418708,0.7749936941
glyceric acid,1.2757870352,0.6525425061,1.1235207722,0.5115814095,1.0733736627,0.8736961037,0.7049556379,1.2768643258,0.7525723722,2.5140487457,1.116389816,1.8034607918,0.9457463881,1.9090951857,1.0762653839,0.9611253688,0.5142640925,1.4843433285,1.0543715707,1.6541171803,0.9996250253,0.5489986106,0.9457608227,0.7296821839,0.881546532,1.5775909514,1.581622622,1.9008627038,1.0401845715,1.1159107196,0.7723557554,0.5469358965,1.0236342035,1.3142794017,0.667018446,0.686080432,1.6821294814,1.2472728263,0.4579310757,0.9107760146,0.5115724487,1.3116254435,0.8160847512,0.6083612352,0.854564625,0.794666815,1.5853462085,0.6830669517,0.7325713129,1.1451417992,0.8567558234,0.5487432286,1.0268752966,0.8216512711,1.2894360148,0.8862697458,1.0297069493,1.3790570041,1.508962335,1.4728879449,2.1799501658,0.8116000624,0.9094411038,0.7736139722,0.7806745749,1.7194888676,1.3844350178
no3,100.8099180387,102.5951136658,56.9309054197,87.9649131339,91.6336252937,94.6716570831,60.027471342,56.4768686222,115.4020230904,124.5160767848,134.7766446021,103.6093444004,95.0064087081,125.6226513337,99.7766932506,93.7234011573,91.8241741503,112.5253243465,96.0966563736,103.5324627858,123.807882858,75.8233668721,76.7454906301,129.2380547283,113.1560695328,89.8654677305,97.0769273178,127.0528564125,115.6999350609,134.9282413673,101.8217930902,74.3420403298,81.7932601239,112.4319640328,115.0983275015,102.1576294462,134.9247815268,110.0737563708,98.4579251902,103.2350102419,119.3843242024,106.7062936039,118.3628333864,69.4515119377,88.0450263802,101.7013483534,108.2823021277,101.3152602442,105.701133352,123.5856089645,133.2458343076,81.2634634048,95.1804841597,136.2616149754,101.3934992344,109.3004407187,110.2596962073,113.5016401044,91.8474526974,129.3648329841,117.7603811656,100.3538500585,127.1297638756,86.8523870131,97.076400389,105.9007980883,150.5691874587
urea,0.6700335337,0.4735225791,0.7445802305,0.4238124237,0.5735100713,0.8612531667,0.5605087143,0.7968428637,0.7205674328,1.0190348622,0.830782947,0.7575310965,0.493145033,1.1915600865,0.6238415805,0.7245627334,1.5469878524,0.7173409574,0.7079418257,0.9146788468,0.8444654988,0.8867007565,1.2138312543,0.9396591049,0.5006086544,0.6883139929,0.7488835259,1.0641342369,0.5256861458,0.7341617094,0.9477660232,0.7240478774,0.8319957759,0.6445368746,0.641572317,0.5378317243,1.0160509071,0.4125317806,0.7508093464,0.6668300059,0.8453067988,0.5511027749,0.7250011736,0.5935499989,0.5972194455,0.694186309,0.5465280755,0.7670221931,0.584152792,0.865701718,0.558242525,0.4411587128,0.5989513609,0.3923970662,0.4199715709,0.9374539274,0.4663258967,1.2285965066,1.3022264989,0.9691291774,1.1951382166,0.629266868,0.4749740818,0.8183303996,0.8835979268,0.7974086686,0.9076581977
4-amino-butyrate,0.3283711896,0.3637962589,0.3775188258,0.3660775456,0.3660407947,0.3642215322,0.3699760448,0.3151899554,0.327890951,0.4111771455,0.3563503048,0.3711498575,0.3746872447,0.3552682876,0.4086813886,0.7213278906,0.4145207917,0.3234448148,0.3493622662,0.3503768506,0.3500852447,0.4332856473,0.3528692383,0.4092452934,0.3745338648,1.2229508532,0.3142905554,0.3842774089,0.282292418,0.3449441712,0.3445917741,0.3739379534,0.3875442809,0.3231475929,0.3220007926,0.3222014867,0.4807398568,0.440311517,0.3218218482,0.2891136189,0.335544179,0.3024686745,0.3578535173,0.4154939166,0.2894894025,0.4354488903,0.309165423,0.3487299091,0.3456158997,0.3931107661,0.3785664096,0.3481201186,0.3414561162,0.3179945577,0.3167123147,0.3283197615,0.3635884565,0.3791522298,1.0426270997,0.5765767286,0.3896801615,0.3346707011,0.3575799018,0.3383184933,0.3984866075,0.6674686984,1.4861598031
benzoic acid,0.8393439968,0.9409801335,0.9705157386,0.9498411191,1.0198877697,1.0064020719,1.0710487902,0.9574389853,0.8969861508,1.1198595185,0.9818826613,1.0670340784,0.8362682746,0.8948318329,1.0115774131,1.1489583644,0.9836747182,1.0172651599,0.9395203768,1.0449616231,1.4060714931,0.919012888,0.91397778,1.0776886868,1.0420161959,1.0890829911,1.0280468877,1.1173619546,1.016143403,1.2333740931,0.9747083595,1.1129713061,1.3054704896,1.0633516954,1.0810325051,0.7428598847,1.4305720245,1.0537655595,1.1369311126,1.1025940803,1.066198344,0.9602898106,1.0428534642,0.8615700336,0.7992789518,0.9343440625,0.8612286024,1.1393407589,1.0905263485,1.1928808095,0.8354045345,0.814453453,0.8050295939,1.1421070765,1.0166251124,1.1219051803,1.3033630878,0.9951034036,1.4512802199,0.7522292032,0.8290411277,0.888996172,1.0287291324,0.8752893109,1.0811359402,1.1278042139,1.0254890448
nicotinic acid,0.5895229427,0.4714724381,0.9042135334,0.5205152153,0.5131439498,0.406416287,1.6180968406,0.5845261279,0.7761817234,0.65735135,0.4174094114,0.4734216613,0.633396118,0.7435558711,0.6521014745,0.5138599927,0.339729983,0.4185564385,0.3457818332,0.3436881184,0.6387930449,0.6457247716,0.7324949174,0.4728257283,0.2652130549,0.6135078004,1.1719957965,0.3309573646,0.4974397233,0.9635616171,0.6063568579,0.3302190293,0.8615911809,0.5092425651,0.5129553257,0.6720107987,0.4447729745,0.9215138782,0.9647219788,0.5780534165,0.3331277915,0.3588721958,0.5368290291,0.4443319059,0.3687661713,0.5219448445,0.2605044667,0.612691607,0.4879498057,0.4305325854,0.4653312961,1.1223394537,0.4911487726,0.5039971417,0.6650839602,0.4106292711,0.5732383472,0.4645376633,0.5337156105,0.5623184705,0.4581775854,0.3062851624,0.3265053851,0.6226654652,0.4503679085,0.4440066575,0.3813687182
dehydroascorbate,0.4970993429,0.4607129285,0.3338724019,0.4195254124,0.5143356457,1.0210110743,0.9093802644,0.5678071283,1.123086675,0.7632128634,0.9630523053,1.4091047171,0.5059432352,0.5296403988,1.0267450869,0.5154041474,0.7596790352,0.4236644852,0.9114600824,1.0296838784,0.6552106363,1.0985460872,0.5807055208,0.646091563,0.4759914265,0.8445922054,0.9785679735,0.7666136535,0.5602861612,0.854315214,0.5344375174,0.6705879342,1.1105617496,0.6863938998,0.6623997146,0.6471642759,0.5646782117,1.1588546582,0.9344568177,0.7838813571,0.5549843787,0.5815049664,1.0279265207,0.7553041363,0.7091036225,0.8377216193,0.5363644402,1.198129505,0.9335550379,0.609025578,0.9999621183,0.4787460137,1.1738997202,0.8833009027,0.6170300063,0.6085776008,0.336043461,1.8305581016,1.300082999,0.8439061283,0.8352405587,0.5024576565,1.1245776989,1.0485143587,1.1024174638,0.6173560243,0.7383998596
threonate,0.7271440034,2.4439608909,2.0255078661,1.7588197703,4.1306455358,0.7174692901,1.1213780116,2.0641928512,0.3706232416,2.0973109969,1.9251842932,0.8034426348,2.4458378439,3.4127043156,0.4939031575,1.5767771615,1.0418683328,2.5798833899,0.5953476004,0.849006187,2.2434609221,0.7610141723,2.2297818256,2.4019599653,0.6452828912,0.9902091028,2.1253006581,2.2535184694,2.8024593551,0.8992401835,2.3511924824,0.4962206093,0.4943137588,0.6279457811,2.0920624437,2.4482413304,4.4658519445,2.5222992985,0.386519255,0.5773703415,0.5902543075,1.06273438,0.3926613389,0.6595012443,2.7943240623,2.934224067,0.7334642508,0.5019686119,0.6378184873,1.1124005648,1.0463476369,2.3587039537,0.6720132921,2.2626661858,1.938758874,3.0137667596,4.4174617316,0.4455182278,1.3233939254,3.3629472077,0.9363146809,3.337743318,0.456432442,2.0272470367,0.3494200093,1.7145865364,2.325704865
nr_vmax,431.126,400.8225,321.082,416.052,399.54,465.044,270.276,405.614,418.056,425.6925,423.176,440.424,440.196,406.062,440.612,498.924,333.334,516.07,426.084,344.494,455.79,329.15,425.038,448.785,432.8675,378.958,338.66,451.736,440.4825,411.256,386.952,399.35,490.584,304.532,376.788,437.336,495.63,417.732,413.702,440.782,479.924,374.82,412.616,346.5825,418.63,446.116,463.966,447.446,440.588,403.966,699.228,168.388,402.782,294.272,321.636,383.206,480.136,488.114,363.1025,533.282,430.784,425.44,466.414,368.546,358.82,372.192,555.964
agpase,599.41,573.835,416.224,656.576,596.156,580.14,493.486,602.878,539.61,469.7925,414.144,483.622,527.188,487.384,556.579,623.472,469.71,657.82,506.826,451.736,432.8,564.878,616.07,608.3725,506.7725,593.158,599.304,550.28,528.59,540.054,457.308,674.7875,613.69,496.056,493.392,550.3875,552.455,565.16,551.846,512.062,529.18,531.776,451.262,527.8925,666.474,455.894,528.084,698.97,516.672,518.35,986.166,449.66,501.244,469.546,409.865,487.8,574.726,651.134,586.7525,596.836,391.556,434.93,581.578,674.1,552.768,530.2325,720.462
gs,1126.526,1113.0525,872.076,685.356,1092.036,1255.9,1043.256,987.682,1157.936,1170.24,970.15,1081.382,1090.606,1014.352,1132.473,1269.18,1131.594,1122.555,1119.278,861.338,962.796,1023.436,1031.534,1362.84,1040.49,1161.28,1017.636,1026.22,1049.9525,1019.406,1019.662,1241.5675,1239.006,952.312,1175.944,1204.544,1272.4425,1054.68,1091.934,1002.94,1045.222,1078.592,1296.154,1105.16,1051.816,1171.446,1031.894,1253.482,1049.248,1125.694,1478.05,887.234,941.156,825.766,716.476,1043.73,1124.86,1179.784,869.225,1155.712,1091.036,1021.2375,1177.976,1107.09,1139.804,955.082,1317.702
nadmdh,56024.6,58713.7375,53101.896,53537.594,61303.18,64801.32,58373.918,52860.528,60138.504,64461.835,57033.772,65926.522,55413.246,71905.474,52350.87,70382.528,61076.42,60027.16,61804.012,49786.93,55207.22,46441.204,60391.836,59226.02,53373.4725,51787.96,57671.154,62033.206,53176.9975,53651.132,55861.348,56235.34,59973.612,44351.634,67065.56,66287.634,53440.5325,54119.514,55885.01,52937.384,58829.62,55148.56,52992.658,60228.295,59703.396,59974.096,56032.098,62558.46,54442.73,59552.95,76081.61,48344.676,49634.388,48703.394,42353.714,55173.13,63676.514,56586.376,57545.43,67303.254,52046.204,62649.0725,64286.846,55085.432,51339.35,58730.308,67328.434
gogat,1210.8166666667,967.69,741.946,942.86,1081.948,1117.24,959.276,843.314,1034.39,1690.3633333333,852.612,750.932,964.006,1238.26,1034.69875,1025.978,782.0775,847.6475,1316.455,824.596,834.646,848.0975,1087.78,909.835,840.5225,869.6575,782.57,765.046,822.1625,1234.004,784.952,1268.815,1108.225,680.354,1090.09,1118.8075,940.9825,929.262,1234.412,1026.796,1016.5725,925.034,1295.3575,803.2025,1069.142,601.576,1061.834,1173.652,867.342,713.286,1348.5375,877.41,829.32,955.105,932.646,915.188,1245.114,850.346,915.805,945.314,874.375,887.79,898.214,1179.715,1473.605,1141.142,1320.844
pepcx,607.386,514.9025,414.002,562.902,525.192,574.244,426.034,524.07,602.374,532.8075,424.254,524.968,562.958,495.458,550.566,626.906,513.564,650.72,589.73,467.556,598.778,461.646,454.636,599.775,448.9925,574.01,546.972,493.694,556.135,548.63,475.27,443.8425,556.764,549.66,510.944,447.038,561.6425,494.806,567.082,502.418,595.69,526.092,547.578,494.955,592.762,615.47,638.382,678.56,636.45,551.732,771.926,479.356,417.492,494.118,463.042,522.13,754.178,504.726,488.245,587.742,515.07,459.465,603.284,492.582,486.432,415.55,811.512
nadgldh,349.08,323.4425,319.518,320.498,312.644,332.906,330.472,350.032,381.544,358.95,298.274,353.666,302.138,273.648,346.052,284.914,352.176,323.735,296.78,301.49,296.03,341.678,369.31,413.3675,268.245,409.34,298.518,320.442,302.1175,287.3,362.73,336.6075,305.194,327.024,288.904,287.376,310.66,310.634,343.724,271.112,291.522,287.488,409.154,233.97,256.918,301.93,376.058,346.348,334.31,319.164,444.874,330.652,245.06,281.278,337.752,281.442,320.874,325.316,408.99,348.896,287.076,293.49,302.38,305.256,277.632,351.418,377.518
fumarase,5112.2775,5566.775,6963.2233333333,4224.4375,3739.7066666667,4903.17,3817.404,5021.774,6124.3125,7154.79,3994.795,5269.5866666667,6905.2475,4052.4925,10478.2271428571,7828.6475,4993.626,4486.345,5822.83,4492.36,10726.09,6324.41,7509.71,4975.0233333333,4300.095,6680.0633333333,5206.4375,5342.9175,3930.185,6530.195,5620.095,5131.4933333333,5747.158,6188.168,7058.788,7415.895,4074.5233333333,6159.61,5538.546,3642.6625,3698.1525,4079.716,4783.4775,5320.6575,4994.1525,10586.86,8748.7525,5525.59,4631.8475,4605.45,11970.688,5781.6325,3073.258,5004.075,5406.7233333333,2203.48,3364.13,5597.445,4929.33,4296.646,5147.54,5012.4133333333,1434.166,8000.37,2597.53,6590.0225,4551.45
