88.7670347227213,84.034457082336,83.740853015329,81.3679957209856,86.3238048083188,80.1378686019934,80.3083255904479,87.1806384810421,87.450858701351,81.8782020904897,81.0780162532306,86.9667744517499,87.8074981713498,83.5429929112727,80.0646325973771,79.6708671415369,83.5994834642824,85.6132855547416,84.5332768671254,86.4135585165059,81.1990692001937,82.0843724607829,85.5951410041722,84.0708055337809,88.4145005117693,74.2206270213095,85.3583956078333,80.8539819237503,84.8274094556417,81.1997938826444,77.4379693141761,80.4963737683137,81.7152129037493,83.6679785158799,84.1801729372076,85.0409079138976,84.0871759724729,86.0671116839974,91.672144053837,86.8321442066742,81.73475027398,79.1500678265477,81.6294932088837,83.7703571090653,80.4958366975443,84.7442433362344,77.3562832063871,85.2894626487472,77.518348225147,83.3042270040922
84.2066723842073,92.5373590870586,91.6968694314974,81.5961740742685,93.5540207860991,95.1046051098684,86.1867343592841,81.575936381317,86.6044788903505,88.5310554529017,81.7444458888578,81.7848924131284,89.670346313566,86.222351917264,83.8975666896613,85.9845592203515,81.1644494972988,87.0177835081221,94.8118618167709,77.0204415133107,88.0138852557591,86.4060512430471,95.0089462808801,79.7925279213552,85.3967599526688,90.6521104852566,95.7099915807032,92.3934093067435,81.2780197447195,78.6988081739862,92.0081717446528,86.2320185881796,87.7743691963292,90.4498880004217,94.5024010361454,78.5993522281968,89.0247985510282,84.304261629711,84.3422943220517,96.1725481039178,93.1375786510421,83.7426434899577,93.0612311270402,82.1514947782657,93.9182117186874,80.9349118985307,84.8350952928317,81.5433948296646,84.2786045776235,80.6428201639665
83.6823065421694,83.1518186957549,85.3641010569828,86.2170689905022,88.5361063402477,84.5322276483629,85.8687877927704,83.0971328394703,88.9115052847986,86.1767363466691,81.4887382204569,84.1174022127157,83.4720463085939,89.4238829144219,89.7544048732184,84.8024504421599,85.7384477263904,83.2055507788689,83.1531483488456,87.421431349683,87.7769571467258,88.7210487579052,86.7518482029966,88.9061261238264,81.6005069808052,87.9558218912315,84.6753880202189,87.1457131335783,88.4015434388527,79.5349531584458,89.987902518062,90.4037494722686,89.7102034698,86.8372181626956,86.1299160258084,82.8944357497416,87.2884728426419,86.2812644841485,81.8009522250646,93.5571182958786,89.657100151495,89.2926947388088,87.355944148631,82.569370632107,87.9066381118738,84.8901775101484,87.5709391033672,85.7320260919795,81.2974595265003,81.6824334816434
83.0533211520721,88.0061226633883,87.204866322015,87.8316905111333,84.357921625723,87.5398312451236,88.6204664892882,88.2424984848754,91.1063267391436,87.9232941416167,86.8215258436584,90.5479419720081,89.8525551165287,86.3663352960207,85.4134862751828,86.0038642914449,89.123268102245,88.198510484667,83.1527556324092,91.4776568578719,86.0217443069384,86.520305854356,81.5397138532215,84.9335309177628,88.7108995326322,82.7173193404882,90.1002544796063,88.0621372131478,84.5802690684797,84.8601797420173,85.89316580551,94.702366427952,87.4601033469186,85.9270433986074,85.0200282885723,83.6301485909374,80.0161552273012,89.5657562310589,79.2423902898016,90.712811996241,85.507395048668,84.881026756553,87.4289211476702,84.5555049966284,88.2718204057626,87.6721268478237,87.0776190362159,83.4471576378718,84.2342359640647,84.6649825270101
85.6707429014564,86.2988922185159,89.2056504966282,85.7487894144125,84.1184422700955,86.927318890927,87.1839670150118,90.7558879162531,90.9820516586573,91.4084134559244,87.0898637278739,87.8689719612342,89.7601515638391,85.0156115792123,88.6589144146783,89.1535930226059,89.3372700173387,88.2817356671702,87.9030443188511,86.6114535680685,78.7439674442201,86.2894236054293,85.0561685051718,84.8865802058759,89.32598562351,88.4271822897104,85.1094170176194,80.4984279239791,88.7585425438166,87.0411934961401,82.2864415647956,86.0465139405678,86.5375226199272,85.9007929294477,88.350305598254,89.9471233183389,87.6485522610126,79.7762205218041,94.1861635671031,87.5781166173972,83.0427735881699,79.848421384492,85.1321211008459,85.1163277985085,82.1913997877193,84.5634982711651,90.1970714634953,89.1177983765722,85.4492517916692,91.5415022305474
85.4103055647782,82.2720004688094,78.9605325964371,90.0821773666573,84.7367156368013,74.8031137016311,83.2674047298136,74.652392146621,78.952597703999,80.4377645874285,82.5942097116493,78.3993274339566,71.8496421890234,78.2337793649398,80.8784854779943,83.4705587946484,83.2184103853762,83.6394808440286,83.1525439435512,77.3531829289808,82.4397861632606,83.2306616029977,78.4963787377941,81.8391386570183,82.8493722113234,80.8587253240004,84.636694747447,83.071254192553,79.5888734295704,87.0412316612397,85.4196270547139,82.8334713844093,81.7764396214523,78.2423908459338,78.9424133174911,79.6779212292793,81.7348570640573,82.1364520582142,82.3840646310805,80.4902622568739,84.2243143114951,78.7143123270113,81.6717467916102,83.3266719441017,84.6083954704577,80.6032646061572,82.7851768186821,80.2405536737603,83.7721035963457,81.4010079543247
93.019408659155,81.6132749394417,88.9848393529896,83.0921745976332,78.4371909485928,84.0639096652265,86.0630267443047,80.5688693797398,82.7820553610348,83.1626434608727,80.6133723199643,88.2436160151174,80.3065775728709,79.9265307771731,80.1254532123071,76.9634314724081,84.4755516685986,89.4166565698921,83.6515290494767,86.544821989234,82.2988573204338,84.5649212545731,85.6513146457198,83.5753815822422,83.2421221698341,92.0281186494871,81.4564366453706,86.7833493705859,82.6512163129344,78.1865795316951,91.5956671251847,92.3698056540028,83.1098179713526,92.3438200886239,79.6528585150917,84.2048864875789,85.5845944852328,83.5644850534893,76.9118391956899,76.086094330349,80.7411839726892,88.0703683844435,84.1178875289422,81.5301616467947,81.1335336262908,84.2727494332347,90.6725246582728,82.0983788073922,78.3103962377716,75.2493276560303
82.7004541424454,82.1566336597617,77.0473939978622,82.9561960896278,77.9456684950322,83.4054400441322,73.3951996765161,76.8746307204721,80.9088017394815,82.3134362138934,81.5331677271443,81.040288909068,74.5342200950107,74.5778764644861,81.7054607771672,81.2595754361071,81.8811274802411,77.9649324196221,83.1525234996993,82.8512120575994,80.746391439684,81.0375626164163,82.1231012884641,83.5498899215131,84.3120272768959,77.3975519787914,77.1001155528285,81.0939490653239,79.4388812823991,76.305523386853,79.4582610529662,77.700381341171,83.4839096498278,80.5784309528313,78.2465928768305,76.307380632082,82.5086311217481,75.4839129731538,72.2701147048716,82.8314844704656,79.8449670205616,84.4124079626907,84.2546304735506,78.5899351849964,79.078090736415,78.4795557035784,75.3913956199185,80.5222940003251,83.7028414970991,83.120941012614
83.1197531579507,84.2805853217655,79.4952476638283,77.1989686195983,82.0416658749938,85.0723906565561,83.8515940234252,80.5512094991219,89.5038624851928,83.9468357471296,90.2056129300288,87.320323080682,83.7602857316512,91.549394459225,85.1960792340231,78.1129982926425,80.0227138357119,86.4335954478065,79.4516405167098,83.8123585711703,78.6228926733542,87.018691005924,83.2151952356114,86.4584258434368,73.3848671139325,86.0381116830758,82.4909958781765,81.9088023525505,88.0633374489168,87.0411336896242,87.9617639452701,75.2503478280832,81.0679103813097,84.1536337419648,82.7006039711265,82.3783685547244,87.9295650571467,80.9027129394718,80.6608133134079,85.5673898064289,83.4014165719386,90.5158114294052,85.7436982879848,85.8668442053976,85.900022315349,85.6613214095084,79.0454640633758,81.0084772383341,84.9256900316237,85.572148595092
72.7235904190711,82.18284397555,86.2512312840711,72.6386049133214,77.7668346527741,75.4851539947656,79.5314860559774,73.8249301620527,76.487293855512,84.301888731975,82.764204465651,75.7197694574901,70.8729507258688,80.2677760517559,82.97335464559,76.0482261906484,74.7492238853257,80.8366125804094,81.2490360207644,75.002979312614,88.128323070049,74.8533982372394,76.837124905635,77.0566667812974,75.1622651772173,79.211281901596,79.093800977333,85.1169776745965,80.5473462901855,81.0240240945789,79.9817846781676,83.0226696634905,79.713579224663,77.9971134448186,73.8263922674412,82.6711607207584,84.3729429409228,80.7714426354223,78.8916665453866,77.3234165255874,77.0566844859494,79.0726042976244,83.8595869852658,83.408665099344,78.8991119874809,80.0899357925471,83.0176521449832,83.7226392749772,74.6891812326333,76.8449610456974
84.2447133985268,80.385808341336,82.8818126915928,78.6362129422041,76.981459116169,75.060225615614,73.8865527907635,76.5221099387573,78.063139302242,79.1090593523323,79.4294557977907,77.1840123136369,83.2371374453296,75.3798852608285,77.883594592526,79.7907715616078,75.2790383705233,76.5242088376065,77.1709304282104,80.7686853411447,79.7866635905673,77.93403273272,82.3516179002548,81.8997343861168,81.2360464017763,81.2322859273359,86.4592109517159,83.2704973417882,78.588144338122,79.2894488773191,85.6994963180627,78.6671218385033,78.3581624833324,81.8990016173389,82.4356965266551,82.644874574377,79.1832129137052,82.836230769605,71.4207177399581,79.6375745081555,77.8665961407838,79.1294000986255,80.8515782326074,79.1932950352236,79.3189642301081,78.836234042704,80.2475403724477,78.8697140411063,80.0558647548561,81.6720595537404
76.2757529203019,75.4131146802882,75.4211018845999,73.380148077678,81.7716556034362,73.3379715176854,82.4247737080555,73.5961774149785,75.4410635430291,73.9764890138737,72.7800580510232,74.6282722669131,68.9556213702215,73.20297514306,81.223653317654,75.1341190900124,75.4352826639336,75.0925686297242,83.1518051122719,78.632489670108,82.2157219877231,71.8513305541028,74.3760251703599,79.576474299976,75.5154644247417,71.4776684348492,73.4702851359622,79.3396679487949,78.8553595312425,87.0403218435577,73.0477888212828,72.7265743958175,73.8262182200129,80.3078416234052,76.7506444754749,73.2911185306715,74.5208705545828,77.6033720556605,69.8348230530337,70.327084857115,80.1192203892998,82.0784555878262,80.8881566089607,79.5441461325492,75.8381216049039,73.5706036468661,70.7653396416913,74.2363075902133,75.2497456456739,73.4381323345522
81.7504228125731,79.8392628454206,80.9102443565011,82.5775424144439,77.9593532206447,88.9235852471352,84.655901252814,81.2346216434429,79.4174119750857,81.0117202347398,77.4922583335321,78.9082866619559,81.8451465037839,78.91829494975,78.4878579747756,78.2982370827209,81.5421560386201,80.621900884139,79.4931679832791,82.7927015488336,82.1890594165775,79.6064615306326,81.3510687371012,82.625066177156,78.9004732304697,76.9995111669839,79.6884154541009,83.1997876635853,81.278436179201,77.7924807524578,82.5887645964462,80.1539437475887,81.8165014332274,81.3674514131153,77.7042814493835,81.5576237466739,80.0313754104012,78.3753615721471,85.728555274384,88.9794174811817,80.2336283250183,82.5388016471204,79.9390170262281,80.6470334752646,82.5100994059399,77.7332098440474,81.7251319845063,82.2647128856059,86.8586937836547,81.0069487514265
73.3663576900967,81.414195768415,82.4549367846578,86.7893967476712,75.549454310359,81.7186952686499,79.4096182613277,73.6889413749678,75.9641223978247,79.4664532959615,76.1205859445781,77.7927378272879,73.8515320713917,79.9141945798229,78.8310300854363,79.4481891555019,74.7711608424379,77.7844478279813,83.151873411776,79.1550479361166,76.9374369086553,82.0899769093981,76.9099039023047,78.3104157590711,79.8646012591038,74.3986537984723,78.7161633189321,77.9656981515633,77.4129202237192,87.0402648861884,77.1119201975762,76.5549696767232,79.8252213236599,77.2395928187655,75.4146218115418,79.6944934922614,80.7760119584741,79.9101915525836,83.5539440513812,74.4871823697298,77.1650905787554,79.6477743500807,76.6749100548933,77.2932396883747,82.3858682644995,76.8689793559475,78.2965805042749,77.0413897376765,78.6581036404706,79.7602286604634
80.4026986239079,91.7013524130451,85.7209258220016,85.7492556957208,77.6009165224221,83.6573643444966,86.1242197564248,86.2407826506795,83.5287223949558,85.2149016519974,84.8633923457169,84.0960901461285,87.5123881122756,82.1785672602047,90.0844919752588,88.6965271363981,86.7162668479115,84.4590643397679,91.7474877630746,86.4996127885562,84.7539406130601,85.8557333480725,81.9757732406451,84.2409195960328,88.9961611364925,80.2919896629886,81.1349915456867,83.819574261597,85.3418041547421,81.2606495004809,83.2393592225967,80.3619294261208,88.7956154624983,82.320637354312,84.5941568830154,88.2045822017463,83.7940408644061,87.8329258858974,80.4762368812575,84.5712856815634,84.4890043350382,77.8098084430683,85.6447763268373,87.5174731338219,83.9824439433104,81.3026207388498,85.0911693226527,85.5576081658205,86.2850487045888,82.4430192941451
87.1236683815196,84.7504725503835,90.1605212989079,84.6153381112325,79.9145910015722,86.7191175709012,83.6235221586954,85.7879976496596,80.1637118093894,82.5334723658062,83.055761285048,83.9085266032209,90.275601831307,83.1258501304421,90.2163618564689,82.5862095265896,81.9187872118084,85.4595020209348,80.1184811160771,88.918984228735,92.2068971686319,84.6626711349234,82.5869509583277,82.159375040427,88.2765748265359,84.5700204714785,90.1971992113457,82.3444736608713,85.054294440725,80.0741963968445,91.3002339193443,84.6517172993561,87.2580121809998,85.5919997433392,85.9078238418307,90.7808952638184,86.7074880663379,81.2630325790029,84.4293518694634,90.5595816942495,81.3363678151262,88.0650811992039,88.951897147749,80.6271494630642,84.9568505962987,87.0754826187287,86.825534884165,85.0200548566666,85.698158603627,91.4215809761376
76.6474100466604,84.2200644708705,80.7604727984568,92.1165680166721,83.1596741991262,87.4478281152276,84.2694564428145,75.365590297308,79.0534943615288,78.8887669676573,77.5122307689146,89.5613295086714,87.9537063980893,84.7627693285292,82.0340023297535,83.8426209117739,84.9009438006244,79.8412444916733,75.2313520571415,79.6311765122414,84.234772898389,82.2252091434641,73.04266884347,77.603245972884,72.4068531374678,77.8686231083283,73.3531497054731,77.8948314142351,77.0200596175411,78.2265760737933,78.5093749663577,82.4021869883932,81.9901123260885,77.1804861699585,80.7962404074168,80.6182884679206,75.1710661361595,73.8581718869246,77.5677058652299,88.0458755634683,80.2984183376098,81.7819254221561,81.3553262234502,76.9147817802451,76.5806087024422,78.6776964468532,79.3050152266939,79.8136396832165,87.3114508701499,83.0199702288792
86.1312967713832,87.6627159181507,87.995858375309,83.9883185271701,87.6611345857916,85.9067994963428,86.6407345707037,85.0090634244973,87.602995051978,83.782037205193,91.2988102966899,88.2364292369656,93.0499309205226,83.2901045471879,88.5904956286977,85.1041122361416,89.5165257209671,87.1702486566766,83.1533255190566,88.8392944787762,86.2722009585831,87.6732483199135,86.053008885917,86.8864268141447,80.9276714329009,90.391116170351,84.1345220053768,86.5128884044203,85.7652595926691,82.8008889790173,90.4652401869619,84.5434534664859,87.0007979007978,87.5051802418392,84.7287216349886,85.0057083437163,86.2058489811128,85.5302437232464,82.8873329929491,83.6885718770642,86.0666127498917,85.2974497874758,85.1007450018006,85.410488084385,88.0550265093969,87.6881439305509,90.085790054385,89.4739663550541,87.8562465171586,84.8262462430834
95.9172895758866,88.908516347262,83.3401285768092,93.6491166501183,92.5841344682788,84.8496323742603,87.1082062916188,95.7611535207212,92.965556033762,92.2257454375555,92.1425871736623,89.1712248258756,92.3964754572595,82.4134311826303,82.8302698160923,85.5102849708833,88.0973062336496,92.698444997837,83.1530699784049,87.3593689177006,92.6444650869864,85.7906333578737,89.1520474815907,87.143757753128,92.9938154083825,87.9011200106138,85.7347068276395,83.9281356841,87.3645209312524,87.0416478248471,91.0867920434351,86.2436417286277,88.4749179721134,87.541253419982,80.3329253269329,91.0764536893408,86.9142419495949,89.7923520394626,99.8309196443297,78.1122604933366,87.1735396347566,90.9086412049598,87.2707989876863,91.6983095959531,82.6022958822322,86.4925841044553,91.5545246538173,86.6040079837769,88.2745387861674,87.5604848319408
89.1415048450546,78.1383834813058,79.5877550423691,84.116417037994,83.2789861848035,79.681278065597,82.6464691940332,74.7265084212649,79.954545599309,82.7083794883354,78.896564406941,79.0507651960951,89.9095477902581,78.30832215317,81.9398698903067,81.187829226318,85.5257254600799,78.2751145789847,83.1525953403749,73.7554589672652,83.426358067784,76.8143236561127,77.7442292794686,80.0481642910752,77.395144463387,79.2977506218403,79.8112507810605,78.937318254031,80.082509334214,74.5313043722745,84.4860919881004,75.5021455718165,80.6294704173031,84.7116852211689,84.7409146367762,77.0161376223295,76.2449758656191,84.6894523522882,81.9083133498969,87.7488865789447,80.9688559620149,81.205901779191,83.7289967506759,78.8403633301529,81.2946725393046,78.3507381986399,80.7126160235862,80.6350487863626,76.8334445365546,82.2841541876255
81.842655640329,85.3115768584825,76.8329203539173,84.5457553661054,81.0117151370551,81.4361633122223,79.9644716583797,81.7053481851986,82.5673045245491,80.0126018131604,79.5636137079936,80.8438417600325,80.0997812069065,78.179914220586,80.6808716069361,79.1172883722176,81.3062999782877,81.8895013102593,83.1520476506815,81.1082784114326,81.4508004948466,81.4340060059175,81.4826286284544,84.8293084346843,77.2407131976807,78.1119081743096,79.3452337609543,80.7882380029074,80.2139752609913,81.070088060443,78.7159836522913,78.8014005880564,80.5200542222431,79.1633909876185,81.3363665640473,80.4288508391661,80.2693898489019,81.8863435005673,80.0608043997869,78.4464133418544,80.8485838211296,79.2864671153342,80.8764160906979,81.6682978619999,80.622179995772,80.4609762911462,80.1955258563755,78.3722473973105,84.4516889105496,80.0687648677088
91.9106961329609,89.1610035359132,88.8960598626949,83.404450150824,86.5721640654432,86.4906146934233,88.7910272715013,90.870993793685,87.2191342812865,89.0310013924443,89.3227144505814,86.4288353875896,89.6847435738047,85.1994227507024,85.8194777357267,91.0519030095276,86.4761583378504,84.7329042704613,86.5533302369545,92.5303487387594,85.8230997780534,89.1617544256016,91.3092906369146,87.1791686813628,80.550550980221,86.7141080109197,88.1440545922849,86.2306135595626,88.2701946321122,82.6391503092623,83.9610059830894,92.7547702890334,88.6744136389314,89.1081402130586,86.3050641123595,86.7710395618794,83.7293706938612,87.883954836517,83.1365398621675,89.4672762384542,90.967007042968,86.6896364587341,87.6522393273295,85.7249266810617,90.5407966975563,88.4473168820374,92.2282157875227,86.7164898259776,85.7552271366,90.3217355676726
85.6637997985939,89.8626494477198,82.7759751352566,86.525440624364,79.9820788429166,87.34833739035,82.5127910270281,83.3148398785379,84.4553059297604,88.5726663031189,91.4734729297102,80.1453855931382,78.5105274956632,83.0552706714805,88.6303380158332,81.3742612046173,83.8423865708375,87.0455373590961,80.9203143367065,86.2419885016152,84.4709984637798,80.7754478297199,80.9040713298464,81.4554406061226,82.1108656545272,88.5595587657745,80.2417662533168,78.9603675071772,83.8367714782302,81.5397451544098,83.4612661286163,80.4535227788414,86.2258852697279,78.4370916038453,80.140559253172,89.0977697255636,83.06473458219,79.8763531709132,78.976786770603,87.9325032856358,79.5306972705747,88.5711501206282,82.696155946716,87.0541475407699,78.9727743048633,79.4061370382308,82.3845126068128,84.3438759813912,84.8202027547173,81.505059764349
83.6881853453609,82.4379654181038,89.136196189911,84.812629403999,84.5236549630247,85.3738992316,86.0687539069003,84.042618774742,83.4071185568083,89.7395326576631,82.5441754087687,84.7125073924125,80.7734146308377,87.8052103874651,83.6430930963552,83.6788105088053,85.6810151530209,84.1995661583205,83.1527108777845,83.3668767076676,80.8827922118872,85.1316355773705,87.8339092264731,87.8247928224125,79.8943390902491,83.4642193585929,88.2323216954484,89.0052631782178,85.7308467552387,82.7888213999927,85.6131037143096,88.2280295640725,86.6201675701099,86.5709007217393,82.2876821717437,85.1555780630508,86.5315673230888,89.5665705951839,83.5765949882359,83.9969413200959,89.9333707798363,81.8544735330484,82.9455672904861,82.3161655145998,87.3300911808909,93.4276718420619,87.5568724477631,82.3758104313688,88.380689784928,92.2339032347927
72.2713324743381,80.4774878797643,71.8272929975092,83.0728067371223,78.2716726451539,88.21562654308,74.6067112443327,75.8779868063427,79.9157124742764,81.3716802565869,81.3076669146676,83.6071288555805,84.0434808136725,77.4088351521405,81.0631002390635,80.4239760608504,77.6993342880181,82.254478190418,83.1519396678301,80.852143358974,80.4902097766913,78.3074316305364,77.8333769730648,80.4327910728343,86.7803569282046,80.3822306759553,90.0445361826659,80.0695462917071,82.2830973658449,78.7349982451303,79.7835435010577,76.890508938565,86.3022315250848,74.1334344738736,77.0429116532683,81.564610446928,82.7228781506661,85.7805476492744,87.5845019551912,81.647419135916,75.1158573529498,83.0215733904923,75.8357822760905,82.3728779416331,79.5684043532307,80.0372311094767,76.9912444844775,81.8180529369254,82.1740986024318,78.8321763900453
74.9048241153078,84.5406901826094,80.2432060510893,90.5116016077285,83.0114607159489,81.218900171211,81.7402403385454,81.1096779985173,86.1828580093662,82.6823847453452,81.5852332189627,92.8100421888298,72.0583393081851,80.3772926330529,82.7088947871293,82.6525206320985,74.7457025733048,86.6477331907953,83.1534028054306,76.7620542908687,75.4974766339551,78.5032911464808,83.5893926569882,77.1699154351143,78.9374369746447,79.2853655660671,83.5133653195135,85.067721618,83.1494282939129,87.041637191915,80.736673942628,85.8988276686813,86.2640170790272,80.6621845508699,75.0264977325303,83.8034141921391,78.974096923307,82.5376650824204,78.9903344514849,92.6134999804773,90.0873537928852,77.3062275062298,82.393656597384,80.9404877185329,79.5185122653736,84.5781915719963,79.5890669328319,85.5541428848795,78.9519080501873,83.9804871894002
91.1004755002056,89.7487338965833,87.7532648740739,89.0187241792831,87.1240641571033,91.0011673168461,89.9329048904179,84.5232425809089,86.3509795394243,91.5934909695653,86.7456256266456,87.239827792221,88.9892080157923,90.7646873939141,88.2720821722949,87.8818915573199,87.612640866098,83.2975542904765,83.1538368631367,89.2200108945657,87.5571276055314,89.1777336229909,87.0879382295543,84.5725274609609,90.5058086145806,85.2100411221368,85.311455442845,88.9457891252308,90.5974212955009,81.5509218579785,84.0924991716198,83.6526817916975,87.2576923617911,86.7794291648309,89.8192899783051,88.2597654010736,86.3353023889392,88.3515977602505,86.8125841402303,84.0595485862146,88.0738911025988,90.4171567570296,84.6080525026153,89.0788085705342,88.7407360706712,86.4599606130675,91.704210035931,86.4267137755841,89.2447591893679,85.5576731140815
96.5993236896778,91.8537757950898,92.1812178618217,87.4384366617796,89.0132874089733,88.2913555036888,92.9521789072871,93.0664944822345,87.3747062496888,90.2184225384614,90.4489897198298,94.9309360824386,92.6034538817107,86.2071332844027,92.6358456260586,88.6379397229664,84.2388712312448,85.993664492416,90.83212675479,84.8394024859912,83.2761512993541,89.6881991368634,89.7166604041761,91.8892810804683,89.4843196498663,89.3720092963328,89.6666532454833,91.2128693432785,86.0447706387147,84.342265579339,87.8224131499718,89.0627556754513,86.6890318598901,90.535526692201,95.2530697082703,88.5698779814237,83.3140199514164,92.5826014778778,91.7138367994874,85.7808086811728,92.5915645029606,89.493814155502,92.8581632304351,85.2354713887697,89.0694982732679,90.6479252461689,92.8133430414285,90.9768162269121,94.113598523081,87.7693579737365
84.6753929509457,79.7380724672196,80.4263216735954,82.9396432729932,84.3959182962279,80.1717391789953,84.3383459995926,82.1409866572959,83.3170990630526,79.2612556796814,80.5097215443911,87.2375822661894,78.4237196406041,86.1714069595606,86.8061884575537,80.4191619000721,83.7069299196229,83.5675118021081,89.9832636733124,79.6492097782777,81.0239599380656,83.1005952606724,81.274933796717,80.2810260387533,83.6529029429143,81.3272847513655,81.9707206968312,82.5171522155875,83.3173873279651,80.5792685883642,84.8752292885326,81.9987650350459,86.1333731167782,81.0538073467487,85.2189958602595,82.3565685612183,86.0075122827976,87.3947193608721,82.0571601217032,79.8401853723155,81.6875534075194,85.0756662547687,80.0702237545649,81.4854775227789,79.8196240072508,79.9316709863285,84.2751316223961,86.6340272703126,78.6800212026921,89.2492976875789
89.9358144489621,90.9103863076122,88.1778131211454,92.7675371987787,88.271229851162,86.8516267464446,90.2865195969302,95.2125402555719,87.6945912304622,91.3731791016234,82.136010172137,85.5676114175351,90.3106301164733,95.120855064428,92.8296312361358,92.2503556986618,87.9352292061082,87.9159067889008,90.8601054548152,85.6956717875397,83.5265088819793,92.7965627203597,90.2340273120169,87.1562975326682,96.9418126803073,89.5156804011827,89.5424379130996,85.8930422415819,93.5547885521698,79.3178570794742,92.4352699769593,91.5787759559611,89.3123450761546,90.3396957939706,87.9444794943772,90.0433703919892,89.4813422929825,87.9875942582601,97.9622622853988,93.8763213545601,90.5156039709829,86.4121759067672,89.498587854293,91.6159706793898,93.0754024301453,83.7477209747828,88.2546552118283,89.6732541949364,91.0822142346544,91.2182783712248
75.2296947015473,73.6885962275861,78.916800809982,73.5170205712336,74.410277655908,73.7180284508687,78.3136084541395,73.3410211897574,74.1979325580572,76.223788704568,79.2158368137941,83.0308467581003,82.8118247891574,76.2016610614917,77.5891513375921,75.055941025673,69.5584297661066,75.9128808295875,79.0570922048386,76.9672601460075,74.4802878709919,81.218561997013,77.9471973673298,78.4684453135612,77.5975122448617,72.9425992778886,82.7757696123592,77.2341549637973,72.4519925535937,87.0405421599405,76.4415155417842,78.3918842070881,78.6347700109822,81.2093003547411,79.4600849942143,80.0696913651392,79.7273562998932,76.7914707193956,80.7859277297124,73.5453713575548,72.6840961246111,77.0140485592316,78.6569831257615,81.734531100333,75.9364621472453,76.645795317562,77.6300397256338,78.6393217269979,70.4161747856478,78.8371592343816
83.5651964406551,87.7756530002454,86.1581122513957,89.2484988069386,86.2477607111014,86.1409355299897,88.478884364588,85.2123386716106,89.9127496569963,85.419015663923,89.2637431286827,85.0161627619397,82.2770516284454,87.1790343358449,89.1912541163811,81.7130668317161,88.3119685981746,87.1475773844984,85.6929994526822,84.2046485841464,88.2760986074374,86.3378137721802,88.7649386622808,88.3034788048949,80.997466775266,85.3968580153535,88.048821895474,90.4901830520258,88.2490913293683,83.7696259666265,89.4901564945484,83.2699378149365,88.2335756217913,87.8001526364598,91.9398036053768,88.0485574322552,84.2489673625807,88.1197326580507,93.7201025800828,87.7086078161982,87.3599730871507,88.7096073359581,87.589180679347,89.3819682633478,88.4647661385664,88.3436142126927,81.5546214233745,85.8128797903181,90.5008271330786,89.0867988986657
87.6390240877855,84.8099330804558,82.0639854415346,79.9603347531,85.520814883554,84.6387438950879,84.4877993685636,81.8838239568579,84.0045090139626,83.9891242336979,83.0933222550338,84.1485966576551,86.5720923739114,87.041510971902,81.1882368028448,82.5879413527809,84.3698229888511,80.2834759615707,82.6471661971135,85.839889554919,87.7292301042666,84.710594067831,88.6897156073852,83.7158688068559,87.9516904670341,90.237759315444,81.5018357911589,80.7490878764661,89.4305768533534,87.0415598155739,86.9125423690529,82.8045167436579,85.6865994451451,85.9862696942336,81.3200871519526,86.8867735174019,84.9434125113546,86.747892626774,79.5253202626098,90.0497234784458,87.2084284568997,88.0381512307826,85.5268538673146,84.0696898420105,83.5304850855867,83.0297802536382,81.0241163632639,88.5646253432774,82.614729777423,75.6612221945765
81.8069380706686,76.1318360229454,78.1354792087738,82.7038454839128,89.591342988423,78.1194579466385,76.9133536364845,77.2470831235097,76.4071641926013,76.1539507530152,76.631503235401,77.9950300142257,78.5225335394467,77.4869054184725,78.0450436315194,76.8180032738924,75.6011291586796,77.4578834859201,76.3035750714125,78.7756111213229,75.417781874422,75.4571065077836,79.7302155728737,79.1983700192934,77.5852781795593,75.4146989062775,77.5869296259929,75.6579305378372,79.4696029270596,87.0395471013247,75.0600882678608,76.2120906460075,78.3879561360196,75.369551551386,76.6040961053248,76.6331491691671,79.2553142542756,78.5611953911769,76.5757245537568,74.8565425851496,79.4007335111171,77.6334433780173,75.0521394110638,80.9888548672034,75.2379576107327,82.3386692789455,73.9541942016002,76.1780842803213,79.9298665330832,78.2770434194883
85.0151709792074,86.4501109920354,87.2242819718567,80.4349706167494,80.7450244870469,86.7900954980525,84.9355704841036,82.6072448554701,84.6663339650498,82.5082366242806,83.2198505690126,85.4902635443326,82.7706410042859,83.6585741930741,82.0311775688092,85.4647601140375,85.0529149889574,85.0154918971324,82.6330829222022,85.542617457653,85.8454498633945,86.7939725417513,85.2859603845833,84.8804346122612,87.4645486054272,81.346768985057,84.9947663324924,85.0833948005126,83.5259578642475,86.1914626902621,81.7167646202077,83.7553848571478,87.636529739334,85.9984596910919,85.5825474116841,85.4133272104326,86.4086695455717,85.6525870576658,84.1703603233394,86.4731667870365,86.7558862171231,82.1251652597667,84.6340336085184,84.3943262271984,83.0708322067489,89.4862945291061,87.5820351116039,84.6948864301735,84.259365165095,77.4288108416074
82.903815931896,81.3476956142931,82.1607254324998,79.4253621804035,81.1497308383043,86.3098934372108,85.913176620536,80.4599601042154,84.5923852948805,89.1972913695264,81.3105877804432,81.1179784450551,85.8888437462581,82.2945179547107,80.6004927695867,78.6790477455797,84.979610898106,80.8516285156946,83.3411532773128,84.3304640045547,81.8419235128186,90.1979198066362,83.7387173485904,87.9794261669005,93.7108191023513,82.9202371606342,86.8744879462474,82.1271890322727,83.728054304707,80.0373144748067,83.38431855761,83.0060361636516,85.8934863104582,86.3212597079389,89.5775783106773,85.4153393434475,86.6776410542654,89.6398697168015,78.4274945397624,77.4245455005518,88.3046103463047,81.5925686512985,87.4995945991612,90.0524071397994,82.0533785615274,84.7416495299908,89.4579773581114,88.6804423954433,84.511921290105,75.3494642748142
85.2709980958743,89.2169773882414,84.6253425386477,85.109582584219,81.9279693470033,83.9409097582866,83.9775400565299,85.249915235144,82.3462988136568,82.9155474833833,87.2045597975304,81.4105786465654,86.7013690896766,83.9079557906815,85.5203052402255,83.5100955576657,86.8511724806528,83.8328972339356,89.316615603416,85.8814884234633,82.3211919885916,84.7239575880757,80.631758585119,82.916231388806,86.0161807621205,87.7450599799623,85.8755226953652,81.3508788456706,81.5565826111467,82.3000865121617,82.4592480900509,80.8579649541424,83.7860222709412,83.8294658709386,85.4322531138351,82.0006835847531,85.1184283144162,86.5573840494306,88.2063858519289,82.5630367388043,83.6359076363891,86.7441356705599,82.0511761776981,82.8723954904051,80.6192847107299,87.3873992959656,85.1368549464433,88.2083883291706,79.8753262126084,84.9564732168355
88.1026690987502,82.8796808622632,85.683604867575,85.7191302088671,91.916359366407,84.1303356584128,86.2691978026799,82.338090939925,80.7414189921549,81.154139981942,85.7771592566383,83.4907356195808,86.8187642068353,85.3821614370487,83.417197181034,83.8226467285845,81.3112961380685,87.5110451682766,82.3331594687292,80.3886286818026,87.0520414970892,81.8829327559451,85.7077765499751,83.2797943482861,81.9112596939655,82.3105453874071,83.103361896141,83.5674034969906,84.3487873745546,83.7534414036673,87.2297674949999,81.932905020971,81.6459673504626,83.1904388485822,80.8888192300075,81.8731428878785,86.1059879981784,79.774217659221,87.7869246104202,86.2875236412081,81.4790331097349,85.3885796354213,83.6070729942174,82.5230558619937,82.1081712276033,80.3076715453634,77.2612621657588,86.213269998329,82.0925650323256,80.4130413706566
89.330810151839,88.1361037606966,92.4102055408018,93.1893650620029,91.3585356824394,92.2570403383678,89.9765293956904,86.8182641400604,88.0017699842091,91.0036814397114,91.3941084599288,86.3365544762971,87.2979337080343,90.4568504175239,86.518243852374,88.5267896396915,90.7759226343053,86.1437849008125,83.1525031631246,90.5005544440592,86.1863904562656,88.3809812868444,83.459894496203,88.6672408201031,92.9567190451429,82.1600096831388,87.8337772799523,86.690636656545,82.3661529858113,87.0405174627779,83.4958615587462,88.7067386004072,87.110675988754,86.9164655519892,89.2026138426937,82.9388237565646,79.2461889960437,91.6562931407899,80.6631955669173,85.547510130765,83.9013179483161,85.7566412771438,92.455157760294,88.5669760357619,89.0198108312713,88.8574703123216,86.3320644728972,86.0066387938237,84.559076298754,85.9987023926925
82.5668455914473,83.2909789203033,82.7758442027415,84.9939114383401,90.7585027402431,83.5564774599529,85.4714788140138,82.4283131443428,79.1501838402741,83.4407572012627,78.855122014395,80.7136969266122,79.0836332514062,82.6356088877649,82.8858918491988,81.6326853087735,81.9945500294112,81.0978878447361,81.5850670501772,80.5359984877279,76.5303367348626,79.8122020752748,82.0302231939347,82.8930863527428,82.0194236115173,78.4935571833519,81.6681099604261,81.9724360092052,84.5282447280054,87.0406689081473,77.2860816370271,86.5064207546914,83.2885906986146,84.9734614460042,82.0368121470743,82.0861591889694,83.4300755305656,82.4390564379887,87.0004506104371,85.2541729453305,83.6834016268107,84.0700543673389,78.6243871296463,81.4270690335522,87.2598119727639,86.9271695728121,84.2351998074414,81.4239364112819,87.0721091804514,80.196503780679
60.881677805227,66.3913340220135,60.8951597025837,80.8662840642129,65.3394120516546,65.5942724901906,65.2149560539813,63.9369987739733,64.9274579621609,63.0911214270765,62.505673692091,79.2333931086927,61.3512214498014,83.2478872892371,81.9340408883902,65.6615926054055,63.6570232911958,84.2851947474467,83.1501463277939,73.1283990553914,86.5189149902461,84.3789101558353,64.8357829011011,64.6550362235018,81.0533714245504,66.2605896576771,68.2203184680169,63.6408891128796,67.7918569056815,87.0382475529047,66.2099402483623,62.5371251677108,63.5211419215035,62.1886222849423,64.8668066795658,65.0008766722523,64.5007015075908,64.8835769805678,63.5197696656843,61.6465642440191,63.5967701163908,61.9302736364944,63.1188333002828,79.5770851179734,64.8872853746228,66.3144572482233,82.8689757685011,77.4769274361308,83.4743562312567,65.2620927351469
88.8736750861885,89.0657037681644,88.521595203518,92.5666767233235,94.6370434543446,90.6292850237538,88.8361105767027,84.3850528630717,87.7953811850918,85.1226790984243,92.5661707571886,91.6383711625261,87.6259339107341,93.8816960959353,83.7621596939406,92.3840802038668,87.6010153000135,93.3234800104667,86.1436206222612,90.7034333253266,91.5793049647938,91.986288980739,89.0186183239166,87.7157764661052,96.0613651882214,91.3805110970587,87.6340471773479,84.7086230396336,87.993079573975,81.6236670871645,90.3104175908529,87.0343593465024,83.943470041001,87.6358666589962,81.8065661846106,85.1747942916095,88.513593843075,90.8642808759076,98.0137026627321,88.3420258508017,89.4107734858955,89.8910896111577,89.2948926834967,84.7205642920858,84.4903693475291,93.7372659443621,91.422805316381,90.1738243775484,89.8879344477343,95.9872426551415
90.5868820281422,87.5432042757951,87.6775025526822,85.9696481733021,95.5574287731191,98.0208545046514,86.624700522274,89.0430145964944,86.3869051370791,86.0266293159774,89.0899276646293,83.5883390917965,80.213863148509,85.5412722972638,88.4445384944421,86.7817456391702,83.3748131422672,84.4559945480663,90.4210777512633,89.8349141170804,82.1309960636536,90.8612088933792,91.9852390997982,93.085389643858,90.2581648947739,87.7284231266767,89.4292133944743,93.3116550644414,83.6430663429062,82.2616340668736,89.4386996200769,90.2209613409838,86.2857477356038,91.9847439096379,82.9142258305783,90.1536775507928,82.8238228628371,90.7341847910987,91.1605440985477,88.0286665921989,88.6532785469069,87.8698795124,89.0350034537383,95.0233301966315,89.2468117954132,88.0464744881189,85.6158281979513,88.1541216072282,91.3181772326924,90.2412126357011
84.4292544575393,87.0161540187739,88.6755392287547,84.216832938508,86.4425787934162,90.8457209121195,89.1121024855055,85.2800954468559,87.4358666362582,86.8186174497117,93.5432270493597,89.8480112872274,83.8279564377715,90.6393472912422,88.5322300213576,89.0246404293147,88.9198270485934,88.6832288106605,87.0455895683133,90.3503479195703,83.9971836067451,89.0207877089105,87.0647440197661,88.5379893778252,85.6107117519375,87.0868232326688,85.5698631536821,86.7495966206229,92.6403102251294,86.4958837566673,90.0533218374103,87.4037371708135,87.6707741413393,86.874792958682,88.5090807432824,90.9197334519349,86.7661040253369,88.5807058785702,86.7206972770551,88.8515081699367,87.5034364002996,91.9739777898322,87.1577444831472,86.038681481807,88.6101088806961,91.3707006069546,84.5544384919575,89.3771647835276,85.4285821217326,88.937907621423
86.4040396942826,86.2606557619851,85.5242068345618,86.3568618596367,90.4405520749996,88.24768717881,89.8621532671919,89.0958375266114,89.9690058379197,85.8970012000476,87.308223982743,86.4146556044021,92.0064643219148,86.6880392310006,90.7576059394338,87.8770506755446,88.4020371917187,87.1814573197288,87.6716248481821,91.9166510870942,85.1851547315694,88.9880749042935,88.4236832466385,85.6309264154249,91.3737297592793,89.4568312144133,85.3862173802535,88.9175241628626,85.5789432564081,85.1968648404294,83.5886934964943,87.4196967032469,89.8756737555801,86.5566604717481,84.5174342704649,88.5019668686937,89.975812940224,87.1176705844931,83.3160937389795,87.0496305818609,87.0894148727537,87.088851842063,89.25308788105,85.550000349795,87.4983635614614,88.5028175310015,82.9988656860374,86.9788370929712,85.4462140525895,84.2403581648231
90.3308017037273,86.8691011276663,88.6529344225835,83.7363421671397,90.822062139771,86.8410553670632,85.448294271851,86.6684448896371,90.5563727913956,87.6235533588935,89.2653006314297,89.2157898119539,89.0012269199419,92.1141838459568,89.4492454805401,85.1436521983251,84.5058899879227,91.3551515552407,87.179044258221,89.8186141249282,86.8983148352476,89.5260376739712,83.2356819590775,86.0860661530419,93.6260768584096,78.2843816192701,85.532988829251,86.0200889958112,89.9058725513939,87.0417244365567,90.1244162238236,88.9436848498565,87.7523388984586,86.0051698995983,89.2292273216876,84.4235223705417,85.1494982869005,88.3427336211808,92.967675455046,91.8541988148181,87.9243538416438,89.3553168570327,86.4632569497885,90.738134027461,90.5606094261918,90.2791110349492,88.2749619789588,89.2128684649595,85.6583792264268,91.8587859513367
85.2715828957166,90.5094450067905,85.6540888398787,87.0316130641845,82.1028188006938,86.7441852127748,83.2648515603873,81.3527447320092,84.5096611833794,87.2824953232672,89.8065942753645,85.0320677507962,83.1006181261431,82.6659901105531,87.3504030969962,85.6220888734244,83.3727335225982,79.973608827613,87.4331076418594,86.0960526559998,78.7239713053077,83.6089734067868,84.9422327790429,84.574669164164,78.7763715161876,86.0916887573907,85.7661207295327,84.8628508877141,82.6502318482319,77.3661643688073,80.6780280803676,82.9231418085272,84.5103384891674,83.9118399433965,85.3179342055453,86.4214347342126,84.124326229165,85.5203274976316,79.5000471535395,88.3430190222526,86.1423546941574,89.288462270649,83.8627021533306,87.624292815797,82.5964357704768,88.9758732417866,82.7387097035651,85.2431589547515,85.3122099581866,89.1429591193553
93.3415628017384,94.113552928411,91.5760966831454,94.3463110097432,89.5381272907204,93.8158963699301,91.4416060468364,92.6145321813821,90.6981514310915,91.3131720389765,90.198482384293,91.0239610975693,95.8830224701803,91.5070726561909,90.0335862599544,95.5167743956535,87.9368525261562,89.2016951551788,92.1706053855377,95.3359474317154,92.834075781693,91.1079861651438,91.9278123981591,92.6520371338046,94.7276309213982,86.9297890421093,92.040694031223,92.1291849667154,89.9589328474991,90.4313827881165,88.8571535875716,94.1563422415147,90.7503501621262,91.3762405449821,94.3198894037973,90.5583034132092,91.7258984126017,92.3216377255261,98.0744255033405,86.1742783101253,92.0565364542998,95.9312556380694,92.396572054632,90.9706417997597,89.3958866689478,92.586343913112,97.8596811465645,92.6125862854866,90.3129221848678,93.8796795726171
83.6191438819908,93.0102452260949,90.2232589384746,84.213216686538,80.1804110175173,87.5010423682761,85.1960741632214,92.8980409790422,91.7515861371475,91.7885532689946,83.0098977619421,82.7437763844283,84.8883373784556,82.2092960288086,86.0458557851703,87.4124210227951,85.0989899086617,90.8955141422931,94.8244927991504,85.6179967683614,89.6176144627407,90.5051343038296,84.3299986667631,85.6338160835021,94.1180606609766,89.8085815215338,89.8118879171555,84.7435967652417,81.5230781491571,79.7621089518037,87.8833717761661,83.9411321039522,89.0510485429702,83.7441083949538,88.1825671967904,86.6360878685639,86.2837100102336,86.7061177169387,81.9017924877208,76.4369261519378,82.1336255145281,81.9375016721055,82.8557824716397,81.2976845078668,81.9707415286466,85.2991103582201,82.3048454193377,83.050398896313,85.8839663926875,92.1868517694369
91.7488619481543,82.8941171763397,88.9466312446409,96.8725991067032,83.2270603760156,88.0851253186512,87.1339445827591,78.1587997383177,89.0869579433311,83.8665124369287,83.9184597777108,81.1365025596114,77.6884983277461,85.7981262336143,88.0499358379004,85.9386687773653,86.7899800244843,77.1260115130964,86.0116362823662,87.2480496763174,89.455677595808,93.0438021295026,87.5895388016741,90.4866374342368,84.4957538098243,84.6127534163553,80.7143550985942,87.7748706538583,78.9098961082763,89.3313775013373,82.9173514729435,82.4882895784104,85.5624038877177,88.4486089366399,75.287188703302,87.4981876505385,88.2031597107394,87.5103704830028,79.912937223642,82.9691105355074,83.0642575896169,85.9345758924757,86.368235614029,82.4587009451989,82.8832195320473,81.8472904532953,87.9203605945199,85.2345676894182,86.8179230663333,84.2566060253139
87.8129433700777,79.2657179716067,82.2618275105815,82.8218022139672,83.3319557440829,76.3516622337791,77.3114079439757,83.5778963736507,82.0039903144375,82.7306583024467,79.3362887099436,87.0344956697638,84.2770028270857,83.7588349854605,85.6795933741647,83.7908494525392,82.522647985455,84.2113254735809,83.1530478495208,86.071598496434,85.3633272456949,80.0981100396567,83.0327630974437,88.0546157972378,84.9323246185329,85.2247156473174,81.2961083185239,83.8832891828353,81.7118637152121,87.0412321128973,91.8938789543473,86.8336507656003,85.4733166970487,84.1002704741674,80.8335615267965,86.806154601552,82.5956234478143,85.0480804215056,83.5122178418289,93.452444471714,88.2977315541624,84.335259143,85.6241502707765,87.6046880225375,81.0290341103196,83.0644066539915,84.1569402615962,86.4843652374619,85.7287110037862,84.0340537969216
79.6803059244433,82.7883433281638,81.6668556470041,81.6834751264158,78.6852734104206,79.3283394096105,80.199580832251,79.6849851102771,83.3513640791042,82.0484178432579,77.8424800511783,79.5833528485867,84.3029609926883,81.9053531366092,79.9246135250171,81.8599553685719,79.8758140344549,79.7626915523909,81.6585419203375,80.3087331358631,83.9079699557538,78.0965844366673,81.1192715687579,84.022055279588,81.9937543006845,84.4938807271698,80.6225290923128,81.2943057513382,82.8778042347742,87.0404420496467,82.7277789075254,78.5958724399192,80.0987214008287,79.6512765850488,84.1031876686088,80.80614140336,83.5965757954018,81.0626415585406,79.8704621012598,83.3854150426596,79.7423588607181,81.1897573403195,81.0376460598248,81.0989851637794,86.9530112948182,81.1334110493429,84.2980028920717,83.5349178813819,85.7346758588269,79.1464555174994
95.1609697034412,85.0093817483242,83.3577004869129,81.566438995425,83.3108257799741,88.2205174948314,86.0821013145866,88.8771517045884,87.5793779567382,89.3312621096595,87.1528458239099,78.7734674205141,81.2204644325207,80.0430028086272,84.9766085266415,84.9821669326461,85.3089586902576,79.755917975626,83.1531059181514,87.494543580278,83.2582637393928,80.413350147343,89.0684522920426,85.9590697197021,90.5572143368869,79.5018944654862,85.4211233627503,85.6121537689222,86.9582439258349,78.9446627807982,91.6134832099276,93.1882412990922,82.1958268524245,82.2846891196141,85.5946298146911,90.137198868418,86.7903814385882,83.4436448813234,84.5052966286245,76.6591952409469,81.1222866397098,80.443843357859,87.0387843973397,83.1701633838774,82.9054236878626,84.1188508930745,90.9350951632566,84.0996264620642,77.9242537343122,74.593043508842
81.8209273235816,82.8757423591645,80.4971159294188,82.5075436289376,91.3322617434885,78.8022736320021,82.8060269597075,78.7053910060805,82.1816234157236,82.2758742435958,77.6078670447718,80.775800528247,77.9539862402185,84.6544126846051,82.2752023011148,83.3954019163006,82.6896338678752,84.7007986654782,83.152471007492,77.9074122963454,81.6210082752203,81.4119310558682,82.3322326200681,80.5528074260917,80.4105461226852,76.8891909853854,81.6048438714829,83.0732951654914,87.9113890736792,80.9456938124579,80.6821447517316,83.9596656464302,82.6684595290537,86.292502061952,77.7066700867889,82.4127686967158,80.951509754708,79.4585952864099,85.5432173473411,74.0608278921462,84.2840418220748,86.6313452805732,75.2237409653823,81.497237845299,87.5131383916637,83.5929333748938,74.9069381299516,87.5561085545984,80.5390809989367,81.1245928189733
77.6376652319781,82.9135717515735,80.3887087559916,82.6692589573823,90.1590969845361,80.1766804997002,82.6116479654101,79.4789287070055,82.4975350985542,81.3658097209522,80.5616851331515,81.0421908070624,79.2150080178409,85.1939212754041,78.9442925295012,84.3328130538364,77.9000201745935,82.9885378874452,83.1527524604976,77.9858671961784,77.4981069777386,77.8626762657784,85.5270461747206,85.2026061127516,77.9243343607048,84.5729148981536,80.0028415346327,85.8114596871306,89.0514771455532,80.5885202596637,76.2569942400649,77.7392636957334,85.7208833017907,86.0374480286703,78.6286676735074,77.6525577152959,79.3792620075024,86.4723592932615,77.0211077795496,83.8543835355593,79.4874010133162,87.1337294720924,83.247767089787,81.4185981971628,87.5502648323143,81.2036596105605,82.9250757806706,86.922120678097,79.8415110797341,79.6583265187065
74.207059347176,85.6298843890728,79.0261907317298,100.309933959163,79.8357507618881,77.4595513443093,78.9722225011529,76.4088222526255,85.5675047207603,81.0752990649095,80.246856122392,105.492026788167,91.7397847213588,78.7913066758411,77.6212644232663,76.6859218177437,101.914963891959,81.1282302760114,101.237641873101,82.7329520590854,101.6441219209,78.4829243786958,77.0630602507742,86.0328161689072,79.0158197613712,79.0776009148027,101.944657056809,97.2577625485229,76.8669309254043,87.043359609201,79.4389667213055,79.9826451573134,91.1389695373247,95.4411500520648,75.1059117067845,103.113904493521,76.0513180250871,80.9745289385841,81.1247470641081,103.770801749075,97.0552552051051,80.2433790364637,95.9742292240649,81.8038202882843,88.523357082219,81.7483242398082,81.3828959544255,78.46772398087,85.8501081896986,97.2239279044897
80.4545187387839,88.7946397381084,87.2516136602849,85.7029802234619,87.3898795600825,87.8778005870503,82.904527008076,82.4508163760643,84.0336610567697,82.1469405355817,80.9757816213727,81.3566042112253,86.3908927825773,80.891326942886,85.4537712816158,84.7825183902287,79.7125295583032,85.5495593905561,88.1319788014771,86.4153305251726,87.1702574256549,82.2139953505892,87.1448984401309,85.1268783773121,87.7998347436098,84.6220004070426,87.5997635644169,83.7928168359041,83.6279697454309,81.3211718446936,86.2951424879359,83.2968630239825,84.5361527062729,86.7998035227015,85.1264192341542,85.0260089675889,86.3688563519919,82.1647062990561,85.2800251046858,86.128181396138,82.6106510747501,85.7452624274921,84.6210979603909,88.9346263226293,81.1600004950161,84.0304855048928,82.5483638374883,83.5443470774186,82.3305706291936,90.2183675898376
81.2689227411082,85.8602807421425,85.8929309666643,90.855696031811,82.7871883864904,87.9012115453606,85.715097051291,93.4274026583769,93.7475616539662,90.1153572157454,91.610750110481,78.2640160313547,79.7041025264699,81.9838123435533,91.7037610292842,77.7825561077609,84.5220119435677,77.0899507925867,88.1221351736507,83.4295224646366,88.215877885427,79.6540140732865,83.6187293866278,87.3958254754122,88.1850926528109,79.4071870852918,82.0223267027175,84.1084224331926,93.0422791055691,87.0418269015068,87.9804364730001,91.5098898843933,85.7501055722136,88.6936418846743,80.2287512894296,83.6285238006313,86.3870500177073,84.96042636555,97.2650382609083,85.4850930762925,87.5599601963831,86.7272388676862,87.9116622657109,86.4993916768126,81.1850646276525,81.6205622050338,88.3686103701856,82.8003099987303,78.1016110737231,73.3454639416701
84.5151827861634,86.516382358957,84.0982869078054,90.4002052702257,86.8206319967145,92.2910362852118,89.8417488139145,86.2422273619589,84.5233928825121,81.7902962259445,85.4550451839177,89.7710725169654,92.3392487477792,90.1745215761687,80.5900786978866,88.9947224147115,87.8778106901364,85.9034941901555,81.4783027223629,87.8202344237258,86.2895436260317,86.4580939462574,80.5684022593896,89.672079840925,88.6106947127781,87.2984730526872,82.8255981364175,88.5389542960588,84.9101480173153,87.0418861005189,85.2065437008024,87.6293514752603,86.4212834888677,89.5017465920283,91.7785131502031,84.8783345757273,84.8793298163767,86.7144201466633,80.5737834276842,91.1473143383894,88.7241658887728,86.0347711793002,84.8829128224594,83.1071242748771,88.6306082688897,85.3576923647795,84.1265053316705,85.0125624960512,93.0416068202189,83.8220336544625
85.4988769929301,81.9515745456829,84.7964188984286,84.3317341692523,85.2890038374442,83.2581126858221,88.2459113043661,85.0468127824691,82.6545465572059,85.4182462467351,80.3191099188528,84.8775460436848,85.0772793001814,84.130625278471,81.035276255905,81.3988128577872,84.5419165814417,82.9971427309592,86.0215604488328,79.552157364339,85.3739922005696,85.2026201417253,86.8861245462038,83.3927747169048,84.42443036823,88.1299633095173,86.797716980898,82.6033084095946,81.390710259363,81.5350326602859,85.3682626096815,87.5470123616959,84.3212463538517,82.9298076643874,81.4066628170738,85.1808980379388,85.3416433025265,84.3628287674533,80.5399792751811,89.1809457968988,87.069867293491,85.2297280512907,85.1818724730994,87.8658339210666,83.740305125948,84.2005353453463,80.4743331209662,83.2160629151033,79.9511274805219,87.1164143754926
84.7702617653363,78.1471025167793,69.4572706807785,70.5920539175934,69.6344555320779,72.3890405240879,81.2144599995279,68.7377961350698,71.0008930035624,69.8820751139879,69.1986017758574,76.7946792639501,72.8998610601312,69.3812943504275,78.6043689437223,70.5205331466581,68.7241898061165,80.464439958976,83.152137394946,74.6388876102967,70.7381325215356,80.4253702714675,72.154137376476,77.9446979837235,69.2288671626701,68.3300971185771,70.3689670049312,80.8257178682098,72.1363958287699,87.0410556948065,84.4289513916841,70.9781770106365,70.2248315642994,76.1295275390262,73.6183334466372,75.527815019968,72.7037434070344,67.8304038279049,74.504558074073,79.3114587114132,76.0677115756926,76.5171507229637,78.5876824375063,81.4937604351115,81.8527898547692,71.1220294900435,80.1459704610645,75.1440792421806,67.3608401493932,79.6507726569385
88.808768142257,83.1242631234189,80.0103181284329,90.3966342270569,81.4736130220717,89.0729355108928,83.8545408122065,82.9846770088116,86.8467781251823,84.4204412513925,91.6858969403682,86.4482974233346,88.1945092709744,82.5290852623604,86.7653507458386,84.1350879643504,86.577329423131,83.7712120037185,83.1524748799953,88.1585649033551,87.3489397753302,83.0561749471591,85.4393146913149,85.5578430624948,90.0816382762434,80.7644614745039,83.5610251386234,83.354423409647,83.8808211524875,79.7453731414954,87.0511858570981,85.9062970517541,85.0566751029127,81.5571989385651,87.035262099582,86.3581219445531,87.4222379387633,88.0442314724195,81.4406695608334,91.5601010207179,82.0338275668074,87.7347836064058,84.0372870981841,85.526206335725,81.6523274417613,82.9482155550404,88.4860898774401,88.0372420338942,83.5494320444476,82.440443563645
82.9888628927121,87.6221425435059,85.6250564216423,87.2947260996524,81.6932382548048,95.9726629515404,93.1034566920612,79.671651975246,86.5379476659865,83.2190634791703,83.6296014956424,75.8215732953069,96.9536839990637,94.2885744702511,81.5117345443591,75.5653838169049,87.7345689726019,83.9521154810123,80.8980464321311,91.3149736057967,87.6699941507328,87.1019335794575,84.0559503257242,90.7438266937698,85.3516776874363,79.1107068292818,81.9120716498623,86.3787775876022,80.9543562017011,80.7894393019809,85.6548125209156,83.4853000532401,88.7909891855822,91.7213283800816,72.873856328982,83.7647491148532,83.2622075806049,85.0320310938105,78.869137643408,97.6873628009599,84.5517638378393,82.6968767011024,83.2824377444161,82.3349811342598,87.2922108846666,81.3829482875846,86.2859523495963,82.8989768355939,96.4535988258846,87.6621796428644
87.4660131791307,80.2811103647865,82.1326707089246,86.2765627632447,81.4113724829726,79.1390829189749,82.9860836574669,78.9794118993971,80.902289621032,78.6652008292366,78.1729344842279,85.6809246755607,81.3329785635109,81.8801591802957,80.1909295873136,78.4788448137473,80.4514004196305,80.6452207022416,83.1519973426852,82.5810930527616,80.0239739299543,81.7085617067533,76.545587589608,82.2620114595821,78.0400138936773,82.7200250132606,79.6706706362736,80.7985485985305,78.4698359435331,87.0404383309901,86.91151301,84.7272136379188,81.9447838778489,82.6355049857709,77.578952331194,84.5093197377657,77.7942071890656,85.3486279848199,82.4663156489546,86.2862292693553,82.9053860276292,80.6309544308743,82.4524303698112,79.1636594909293,81.8088510871126,79.2916443143043,73.1554396353719,80.5989500559805,75.0287414341454,79.4382778481919
91.0240292449763,85.9180401333225,87.0257889677998,81.2373169608161,89.9876067748566,87.6637768330189,90.2621774200887,85.2694130021023,89.549501748546,85.9023937364811,89.93312606568,86.5332225782055,89.1979080146368,87.1744897308059,86.1736159142566,85.0474288909833,86.9686057861754,87.0494736724711,85.9376362432324,85.4520948419295,84.2603395855453,85.5016865835595,87.8709673140601,86.303175050348,90.5013188745719,84.8533563707201,84.9219530418773,86.3295951167301,87.8237306223487,87.0409972883211,86.5100396692431,91.3597746233577,86.7503757778289,86.3419800829788,86.3524341088115,86.0356085832528,82.6513831486295,86.3813296406966,83.9552709494626,86.5852317216519,84.1908768541483,82.0881946030285,86.5942940252818,85.7338128342221,84.7736426462583,85.6345533969165,88.6268091769809,87.457013037328,84.4495876340373,89.8267514858218
79.5078688022033,84.2130775086051,85.7750932665003,83.0590232047284,85.1292678056811,81.122348256239,81.2946284860189,82.3265067802337,82.1186118455376,84.5987932768259,83.3970008748555,84.8440392400505,81.59905228412,78.9442223296605,82.7540411591536,81.9342563565916,84.8319564678312,83.2616763098187,82.0362646982548,81.5825867815137,85.1440892242619,83.0099461365159,84.2328143426494,82.6175751113429,78.8282408563315,80.0856570554192,83.3229227594654,86.1229733079476,81.6459547238224,81.6966504598993,82.4347082847425,78.7828471790033,87.2617296153099,83.6036345234662,81.844491019287,82.7705049403093,86.1122381822275,82.6515560713385,79.4038766220229,78.5195368636014,89.2090276832056,87.2659887602362,85.1595316931235,88.4321661580843,84.3291886260912,85.09965033075,78.1175008998099,84.9555602416212,79.8129987286589,81.2949533398756
90.9357143369275,73.0442009127441,72.8121029353457,72.0683450473653,73.433592257813,85.5430596838482,84.5233204545599,78.0336946185448,86.1600744928797,81.5364944652269,81.9797788639499,75.0388807609064,75.9268287919136,74.5910421331491,86.4023724650237,83.6912462814555,74.0894793927936,69.8531548921667,85.4320298608323,85.4431004068528,71.7836894371347,73.7836693884838,86.1599620458429,71.9930766540909,82.5597433506938,84.0832669574922,71.6514585951492,71.1622448477921,72.6353960032558,71.5208645089722,81.7089076831265,70.2486662815391,84.2494963588786,72.7811051099111,71.6941453881968,85.1716254300646,87.6048387959666,74.3982440441664,78.3802406888287,72.5151659471982,76.8539002210475,85.3495951858022,84.4765977250944,78.2978035264829,73.1662983278977,71.6763510863269,86.6673238649657,82.8580963972521,72.1723884751064,72.1587618576598
