81.720475991451,81.7999027245066,80.2504375869948,81.2504103340846,80.6804428649782,79.2360579962185,75.2527343858383,83.5146503244866,82.556623393913,78.3255883148957,80.9445176954747,79.7720836919562,83.9589651492782,80.0692490918933,79.5749657107233,79.1664152127275,79.4299676407573,80.4524003044576,81.402186057738,82.6063826420061,82.4471626700638,82.3330629406318,81.8737781937492,82.2963720474111,81.7627777021238,71.0525295538852,81.5516023772994,80.0042907631642,80.8946663401431,80.7288211684884,78.6394431181755,76.9238685388736,79.2227627762809,81.417866952478,81.2273737702693,81.4889134382135,81.5433854012269,80.6996450208584,86.6649757541815,84.2564292320242,80.5915314238433,78.3422596815753,79.2748322552226,79.8285271473357,77.9251023752815,83.4547490306823,77.2185453643143,82.9794524499372,78.2309525591892,81.0846287224843
88.5887844737016,91.1141043299666,92.2131082901356,86.5267117580113,91.6244722988391,93.6365284390454,81.3230916220134,93.7453796503138,92.8562639489812,91.7479547917028,83.4440429549658,83.8772581542527,83.9601878298754,83.6865834664974,85.9608988760818,79.1681457227446,79.4316211058256,85.7444233997519,93.0762247084615,78.4123982658929,86.433911018766,84.4136658716823,93.2851494794817,79.6006580058085,89.0431817934486,89.7945751898344,94.1841347810264,82.5475366527637,80.8970178629915,80.730592791099,92.0841753140272,84.3020167740725,93.0300426940076,90.9895244177418,93.2010259477969,88.8929900649498,81.2954258220053,94.6691067894065,94.7176851214623,94.8966422271282,83.5767531545439,88.1264082957798,89.4226521444925,81.9018265367244,92.548716758955,83.4559562113478,84.9043293509453,85.707291532026,83.2629033343525,87.5567066002629
82.9205735803677,79.4385233247352,81.3463044546602,82.1677414916088,88.0439626912715,79.237549031354,83.4293656330973,79.472362526964,82.5575604739086,82.6105159415263,79.5766669178969,82.5888071367992,79.3538210853104,83.2225202723925,87.4992483088921,79.1676832785707,83.211499161989,81.0852277082688,82.7953892805617,82.8155883453809,80.9422339268064,81.2001388803186,83.7829346238768,82.2969203572315,78.7331165493031,81.029133133013,81.5521337871395,82.5457129337221,84.7370554929602,79.3117826371822,86.8681155963236,84.3006922436227,81.2562979785632,84.8387310708947,80.2041068710171,81.4885737412397,83.1589805656916,81.7648697360703,79.2744463119253,90.0084713678673,83.5753156581081,83.4558589404129,83.154851362942,79.9570788395786,82.95141206601,81.5016986918705,83.7469224677063,83.7150939524388,78.2319856847196,78.6207400961632
78.823488787567,86.7738468567634,81.5177250640054,84.0478080261913,79.8480441442206,79.2374691235992,81.3217017837749,82.0945373621342,82.5571913884998,82.5287160014833,83.9698569285322,86.5499922347974,83.9596532067115,83.9509643801308,82.5109542481708,79.1674239467022,84.6480009878555,80.4532604994451,80.8955497807637,86.4477365413413,80.9415774380277,81.1893094499386,80.1689880050958,82.2970160240986,81.7632326096782,81.0283889548627,81.5523617566707,84.8867796446732,80.8952199260307,79.7767031318505,82.8451213600328,84.3010591879568,81.255676233124,81.4186202837759,80.2039228850897,80.2993575758658,80.2825610051678,87.0289756848927,77.8330092508235,89.3784376310547,83.5749928918966,83.4550427660336,79.7475995359461,79.8296729196994,87.5373522236467,79.6369826936239,84.5117086688278,82.9798704459558,82.009868973824,82.737812646426
78.8232756504498,81.8004515136996,81.517609701309,82.5250530629188,82.0126751977687,79.2370968608122,81.3207523081925,84.5754098649834,82.5572682703751,82.528373761031,80.9454585200869,81.2749753673825,83.9593839372666,81.0132858388728,82.8862526025062,82.7848566804177,84.3396008163639,80.4528068937472,81.2772983367708,78.4126679248326,77.2756809482302,80.8900402162629,82.1169120211806,79.598686473422,81.7623311215753,81.0290050644711,82.3877888801232,80.0042244172995,79.056311333975,82.8896197087931,78.6402320393793,81.5552058810581,81.2553457723881,83.4161196813364,85.0298633684243,81.3751807721225,80.564179801946,80.5382214908859,88.2204398280237,85.5304645939278,80.5920000678784,78.3424612783645,79.7468144673896,79.8289708572405,80.060857672896,81.5013933128623,83.7855557489352,84.1865197280525,80.6583042471414,84.595457839887
82.9217022392072,81.8000864916892,81.5171322576364,81.9785063813053,82.677415696595,79.2366281614843,81.3210938950401,80.4562039622892,82.5561179352869,82.5280002718343,80.6357093701011,79.7705838465059,74.4251074260139,83.2207762298396,79.5755063360128,82.4502665567873,83.2341744743171,82.6217524447875,80.8084002768368,78.4118170119689,80.8334092047995,82.3342156664838,81.8735310282619,82.4045372237748,85.4672585493407,83.2572331929005,82.7437170136085,82.5455210841168,80.8951428859445,84.9353249750748,83.9943665802435,84.2999002779116,82.7051123873324,77.2762703238818,78.8215106607619,81.488403137693,82.7971096223441,80.5383962954063,80.6926360095254,81.5897665367149,83.5748103479422,78.3423216375598,83.1540147043635,83.1639818531335,83.0024751148484,81.5015464245895,81.3840539185402,83.2520142138883,85.1628842116922,81.2634344391058
84.7178165907821,75.9959909877344,86.7247611127055,81.1742962739622,79.8457192481587,79.2377703304086,81.0376635524594,78.5500740111901,79.9178371681935,78.1641867695139,78.9574181312822,85.2359609328477,78.6896330379434,76.994110366074,79.5751772647904,75.9221055837052,82.7543437539239,80.4532257985104,81.2763993844316,80.3521389679205,78.7530473298222,82.3340651435076,81.8744444762071,79.5992696876912,79.5464231293823,81.0298230916416,81.551564311051,82.5405000796017,80.895657453395,79.2420747528726,87.2941195917345,84.300674937738,80.179601614368,89.3449221550065,79.6788030897794,82.7327344900052,80.564225494186,80.3948890867719,74.3048399510464,75.4756418927709,80.5910276327757,83.4635037724723,79.7473176753002,78.6937273295416,77.7514063228428,79.6353347929058,83.7860906462652,78.096293436661,78.2314127128277,78.6194537964057
80.7400412904005,81.7999768058612,75.385389459932,81.2157479550623,79.8466331482652,80.5241035342756,76.9442121506651,80.4564146496703,80.4786516339971,82.527907098902,83.4430735595699,79.7715788661023,75.1788905835924,74.7079770110872,83.6082436499367,79.4314945659247,82.1662034801642,80.1322600297037,79.9387473959386,82.4251107786611,82.3328558281185,77.7916966338932,81.8735823107717,82.2960558453287,83.9704935189299,74.8004178704499,81.5507610847934,80.0037714858615,80.894871092019,80.7284437949599,77.1242867613267,75.5176036310164,82.9612755621204,78.3578408309723,77.5073810862774,76.4945817468989,80.3204449326531,79.00027086685,77.2303720476144,81.5898688927419,79.1650248088478,81.3991500945067,81.6952386125279,78.5277377193827,81.0247310962082,83.4545386153665,77.2182094051115,79.5744185441533,85.162561004278,80.3864571213231
82.921076560904,79.6896076945101,78.2572905714476,82.166693004497,79.8470154438884,79.2366704515241,77.7955485808146,78.8132711876147,82.5568057588565,81.4593350632787,83.4432599456301,79.7718750232332,81.4038931828579,83.2218301813156,82.1691744711371,79.1662037907426,77.902734793568,81.4095075094726,78.2477528640693,82.6061960666948,77.8218269474563,82.3339661290296,81.9557962352381,79.5986181440162,76.8437253442114,81.0283516877547,81.202732468267,82.5452378252834,80.927393803323,85.5564674145535,82.0194040140746,80.0861415826556,79.805070818032,81.4179387585147,78.9404862056597,81.4887594613059,83.4286835113509,80.5385454787842,80.0154221823841,81.5898375192363,77.912078795361,83.2460339737137,82.3577875112683,79.8289431699278,82.2814285773538,81.5016440886742,77.2188114660385,79.5666869173046,81.3804622771224,83.2352130991557
78.8220548896336,79.1259136016377,83.7920248485642,78.8948305492334,84.7054047925981,80.6235922616629,81.3206373287628,80.4570459036369,79.9171147007294,78.163893187425,83.4428846333858,79.7704914162666,73.8828159225052,80.1412625976636,79.5767255134596,79.1661369489123,79.4288841262552,82.8292600728372,81.2773575816242,78.4118674898689,83.1396047043726,80.1204986628615,81.8751631435726,79.5988926846092,81.7613973260888,82.9116962092778,79.7387302950983,80.0040622912227,80.3747077406496,79.4082579444238,81.2415695343017,84.3002591214271,81.2542720335862,81.4171420195187,80.201525667419,81.48882746042,80.5966359251398,80.5379963711276,77.8360703518331,75.4754007739923,78.8976539634637,78.3424542750651,79.7475903747636,84.7711527585372,78.9573568178529,83.454980858555,86.2157179772446,80.481438441504,78.2310458306924,83.7320938693641
82.921134218279,81.7998682465516,81.3054754428167,79.5902393140715,79.8465857998129,79.2364038923526,74.6853912230231,80.4566548496113,79.9171586385161,78.591991269919,83.4426861127891,79.7711239206615,82.3893129131868,75.8636050545138,79.6472415060533,79.4701533141542,79.429789525225,80.2274859244694,81.2760998928691,80.8855445658367,82.3376872142325,80.4436150697849,79.8823466292936,82.2957143900932,82.4905737712365,83.280116723531,83.7970936115285,82.5453783610697,80.9576052776401,79.2437898302323,84.7907419269563,80.0866334581941,76.612246830733,81.4180998113664,80.0879533001767,81.4887633765799,80.0012594648377,80.538474606422,77.1534233709559,81.5897472069029,78.1598963446117,78.3422794548455,79.683147390275,79.2113314125341,80.2593504637697,83.4544445601803,83.7852844541334,79.4847005238836,79.2397926215211,81.1490719037325
78.8219803624432,77.1933093116702,74.237024359883,74.8991594097891,78.8839413060417,78.5832491199643,82.476848515868,73.1511184292208,74.6761488004173,73.1501898739072,80.943966784406,74.9375217828848,70.4466469845406,83.2194701702754,81.8063309778823,74.6888377963701,81.392539096993,80.4510918041391,74.6833633028224,79.3232821242517,82.5822452497224,79.7396886845113,76.8499488267828,79.5982136535684,76.2988269751871,69.3795605390255,79.4656670975515,80.0032515473212,80.8949896836465,76.8691090094684,78.6383454820788,71.0487308930852,71.356974113823,75.1762729322033,74.0079953907875,74.4329266430003,79.5252444707741,80.5373355026822,77.0426428852246,75.4741769208529,80.5911762227368,83.4548744203354,79.746388679943,79.3544946863797,73.0644401328643,81.5002786797545,77.2176046100214,71.3015094367587,75.2740693471063,74.3347125641786
80.7122456911795,81.7996574028266,78.518327739455,82.0331338978401,79.8466620705848,86.0633193830476,83.5781861467095,78.6499780028223,78.3807792617035,79.1847165598465,80.9446872856028,78.2843880031933,83.9580904436757,83.2205544106238,79.5753502362426,79.1667466009719,82.9145500229943,79.1961678329361,81.2766722134262,82.6067308175026,80.3081551451514,77.152936689444,81.8740683971511,82.6766478757955,81.7616440021787,75.0484302620184,81.5509552569938,81.9650332015816,80.8953375706243,79.2151103315706,81.331623956735,80.087107496171,81.917632379275,81.4178673028805,80.2023708681331,81.4885654091893,81.4733520433896,81.0912001930354,83.7871285692708,86.9322050946518,78.4579241132243,83.4547678445117,83.15381685675,79.9304948101346,82.5119339598926,81.5007551742698,81.3148352315436,82.9797207937871,85.1639303862947,79.6637757212385
78.8215308083592,78.1348096686549,81.225443139888,79.0272788533556,79.8465755539149,78.9001122513257,80.4798186941002,80.4562707792194,79.9168781855775,82.5272637606474,80.9441206141953,77.0288334377768,73.3662590554904,83.2203025511774,81.6545339452161,76.2997949076202,79.4291838817787,80.4516982700182,76.4261229517383,82.6055508540202,80.939950875619,78.9039222408486,77.6220861920445,81.8127703004897,81.3901970241311,71.6951401595112,81.5506879145647,78.0480854588129,80.9576860446824,78.2193651006611,77.3410666520364,80.0864305085751,77.9136751675289,74.5233955267167,80.201847154925,81.4884531555001,81.4010708872277,78.2527541725962,82.5521084583338,75.4749782274271,77.0956062210082,83.454061818617,79.7456477069181,77.9467035356595,79.5096106827744,83.4540621332814,83.7848987939298,79.2099494143415,78.4801836907961,78.9081851776407
82.9204569838153,89.3238771774241,83.8776887475339,82.2901235359218,76.1397280530018,81.9741172791584,83.6309235690795,85.0460235919936,79.9184471800076,82.5082171197956,80.9457421825466,83.0632867077509,83.9593955821434,81.1812004825678,82.8537960191949,85.3885879063522,83.9799195673706,82.3472997361054,81.2787379643141,82.6066942133837,83.021320991018,83.1232170991794,80.0080694837699,82.2968119678571,81.7632762778272,77.9493543829565,79.6668470921037,80.0052140166802,81.802480215674,79.5745399490254,83.7318280366893,80.0868983493878,85.7764476217847,80.2022609753299,82.3674671547956,82.7339720440615,80.5646482401961,81.3923584783289,79.2203726933316,75.4773742599063,80.5928594596751,78.3425883643799,83.154856186536,84.4547751657583,83.1948335712261,81.5011839996686,83.7846015209314,82.979630591234,85.1634258268058,78.6217151280635
83.0816271175598,81.8003518091311,81.5176361580165,81.907263720808,79.8465031738516,81.0528924549714,82.7372333004391,80.1870458859954,79.9174830927803,78.1639332021222,80.5984035291021,82.139320506923,83.9595106135435,79.8370360369785,89.3460762760324,79.3139466502302,82.4096819302453,80.4528075324311,81.2763012782741,82.6074079036078,80.9422528528812,81.0086379020982,81.8740536041599,79.5990569844432,83.3028556931421,83.2137308412258,86.3816493378229,80.9197843242847,80.958043443637,79.2759917960766,81.6809153549004,80.0873848295823,83.0609146842875,83.5122889637051,80.2042441830024,82.7330996290481,80.5642361061761,80.5382837905788,81.6392244130927,81.5908007566116,80.591294147411,83.4557517781639,83.1551542106232,78.9534096388966,80.2870048016581,79.6363008339967,83.7855595236378,80.4570929223296,85.1636928618299,85.5002538608119
78.8219509146112,78.9549660019334,81.5175650914135,80.9146099795085,76.9021068919209,84.5213211797452,83.4888097388947,80.4568852929188,82.5568339069445,82.5277706865667,83.4423203264316,83.1329602356444,85.6734164671441,83.2638516301696,81.7787466845377,82.6592338340012,80.5971629318967,81.233126565443,81.2763906301665,82.6065249828378,82.5608665262262,82.3347284379457,81.8738795110453,79.5977426667236,81.7609350696606,82.8497872286573,81.5508402266762,80.0025730999625,80.8950902472197,80.729212581691,82.7856895404365,80.0875938741566,81.2543617491042,81.4172907012692,80.3035965941479,81.4882680203644,80.5633804520776,81.0487941004354,82.5548617975144,85.7677369148362,80.5911047041137,83.4546133693443,79.746449696546,77.9834214031725,75.9766306667916,83.4544221793842,83.7857962404858,82.9796949736668,85.1639216967473,78.6211060913134
78.8240790457611,81.8006453563276,81.5175345656362,82.1670479046438,84.959311373609,79.2372478965558,84.0437326788524,80.4664011772842,79.9187698833251,78.1642452328844,83.4441501005512,85.4695095872881,83.9600721958571,81.1806465853182,87.2477170063624,79.1674778025288,84.320773005126,80.452948510932,85.5754717834119,82.6072076813563,84.5067667128071,81.4014402306975,81.5125050753765,79.5996608838478,78.8465602537123,83.6809225192755,79.7371827366827,83.1024493087512,80.9590519031072,79.6283858273276,86.7904632064681,80.0875278363474,85.3272965500926,85.726370170602,81.4229952563961,81.7920895805484,80.8594365728747,80.53915378774,78.0025439210509,75.4768919846779,83.460223646242,78.3435012816867,79.747115263972,79.8295832151155,85.8237996278094,81.5021468036515,83.7856879843735,82.9804828377448,84.1752223935453,78.6216965668888
84.7254050908919,81.8006802867313,81.1522441020555,85.9943084882282,87.7826596314915,79.2371911807567,81.6548885901617,87.8612943697409,82.5579598417459,82.5286509803646,83.4439935956334,82.5598407043236,83.9597279501071,78.9205085997696,79.5753770340599,79.167549018133,79.4312061334036,82.6589320628074,81.5558467533057,82.1384837659453,80.9425161255329,82.3338769242999,81.874088628007,82.5688282419521,83.0653384442304,83.3336376374764,81.5518464366141,80.0048726065667,80.895791019394,85.1415953520363,86.1379812018765,82.1845844986645,82.8280946241558,85.5549005602046,78.2472439691259,81.4307542546095,81.0274845131029,83.4558162473951,92.9172881475304,75.4760615930879,81.0475814642845,83.4556485011291,81.95436338047,85.3445813395822,78.331229501194,81.501393225084,83.8044730680334,81.4917003804184,82.8791124249602,83.7222494752054
82.92222883275,81.7997007039421,77.564754873165,82.7081253657917,81.6977385348903,81.0289055674916,82.9471813689116,80.4565652659695,79.9179167324526,83.1818582535479,79.1188651407475,80.3869261514893,87.6424806982777,79.3867993824277,81.6118368853444,81.8826664601226,83.5529702027728,80.4522403472932,80.3847946864566,78.4115619641736,81.9028337236767,80.2961572789147,81.8734983069215,82.3296668374083,81.7616624416037,77.9427119262951,79.7071616180843,79.8647584388482,80.71670483465,80.7286211818807,84.3209525816142,73.9652686457971,80.888476760203,82.4450679174518,82.9831835922802,78.389463028456,80.5633534596411,80.5389749787892,82.527438510427,86.7268644343407,80.5918066313409,81.8216828767428,82.5441182349266,79.4828774904237,79.9184738258012,81.5015073227023,81.6803336670348,79.9769656335153,78.231279183148,82.9137374806522
82.9209215769357,82.8259920410887,74.9801897306199,80.106949660469,80.2004400214615,80.7528268578486,81.5640560586778,80.7613912345131,82.5560397004607,78.1634667173298,79.3096444035114,79.7713990766237,80.8439155185933,78.5472424625056,79.5754895580292,79.6636454286157,79.4298619668241,81.5811686468219,79.3155135239836,78.412002610584,82.6884712093279,80.457803843243,80.9665584041099,82.2964022731893,77.5387274704206,75.9414903780455,79.6420863332678,80.0043714015707,80.9582425838364,79.4578626528355,78.6397815066957,80.0866003729024,80.211037755396,78.7144533586913,80.758452034825,81.4885639231486,80.3082026874282,80.5386088161049,79.809873844953,75.476342852248,80.5916095345933,78.3423798723813,83.1542420201148,83.2103962932345,79.9881333260103,79.6351413698382,77.2189052045081,79.6667550701655,85.1631286541644,80.2021710294771
82.9228130318332,86.8939676048242,85.1888368483112,85.2126794506698,84.6694609721391,79.2371560880826,81.3215481689332,85.9586323361579,79.9189766201756,82.5285174157969,84.9761779418269,79.7719438641818,83.9594045143031,82.6506574320081,79.5762175319161,86.542606419082,79.430014104591,83.3232626926687,84.0865860010133,86.9052749315799,80.9412236010107,82.3349257988249,81.8749036242245,79.6003842084897,78.7530366222283,81.0290563515278,86.2561851650021,80.0053573491052,80.8953563476176,80.7295312449861,78.6406617663608,84.3006121603605,86.6790248125723,81.419006234329,80.2036733448499,81.9776105187221,80.5727403011521,80.5398553134504,78.178667136164,81.591308407207,87.7575507041999,78.3441324789333,79.7478569472526,79.8297485124791,89.2458478339278,81.5028271434437,83.7861171588355,86.3010304303716,78.232505340681,88.3607855985839
78.8232767937721,87.5799255368344,81.5164933208044,81.8092519519827,77.2403989755218,86.202060437768,78.7920412438652,83.8936485679477,82.555903019482,82.5284386568507,83.4436586361049,78.2304611943548,77.8404740316356,83.221345340028,82.4567956306797,79.6240723911494,81.6049287900629,82.1305332140125,78.0983819304243,82.6065982818812,82.8844636034777,82.3331291336648,78.9389611359859,79.5984449375399,81.7628387932153,83.5680957938908,79.6140297624911,78.8317824209134,81.8539932672179,80.7295333681512,82.0845688249942,80.0867826713639,83.4796160250824,76.2020346876871,77.4511112450003,82.7337387536331,83.0086431963462,80.5381441911325,77.4737180342835,86.3845678985454,77.2739226442424,83.4831552876371,80.4015861547559,84.1443661749017,75.9694495993693,81.5008674206879,77.2195556067923,81.9142912511655,85.1631544433528,78.6213067142833
82.920843868177,81.7999331971716,85.8165655426956,82.282786529258,81.2488204161386,82.5670626592001,83.7608946457686,80.0256378874991,81.5092817831425,82.5287717668388,80.2208115543221,79.7724307786511,79.6375118216215,83.588978021976,79.5759764985399,79.1673798227847,83.280549364469,80.452312921204,80.7353797578297,78.4130954903848,79.2902117136865,82.3343621272512,81.8748633413798,83.0442730978204,78.5142186156242,81.0286014596134,85.2640147513377,82.5460595057664,80.9589230210979,79.6338066516947,78.6408457276323,84.3002789910859,81.2557910272209,81.4186199356203,79.6829683740697,81.4892104521964,80.5647551277299,83.1311042306849,81.3140398930185,81.5902839422185,83.5753175580543,78.3430171467434,79.7468568073022,81.3103946884234,86.0279134870231,83.4563509081609,85.0947903245695,80.2193660624399,85.1639639794525,87.0741100829009
78.8212478911519,80.9379548370389,70.8723906218933,82.2431856683804,76.4161886832786,86.3863873049751,74.8054043060323,80.4555817496881,82.556016254855,82.5281123572896,80.9453029682141,82.0830537734886,82.7469496641297,77.4568675337826,81.8565151244761,78.7721516012,76.6969840863489,80.4524931814388,77.4979037359531,82.6058561633248,82.3597372378525,82.3339674876058,78.485594880141,82.2960759092353,86.3796460828997,83.2078872633788,87.741434853123,80.003852461457,80.8957837325343,79.3211465094746,78.6397821977132,74.9323592959738,86.7432614345885,73.6473470035768,76.9397525687387,81.7998015855624,82.9374985747672,87.5272244955064,90.6744703112244,81.589960939232,72.5596691949821,83.4550477010752,79.7453956901277,83.0201224773982,81.1227378997176,79.6355726181116,77.2188381733376,83.3608780359206,85.1625385497429,78.5687197601823
78.8226354271896,85.3275289235731,81.5176557676118,85.2393541239397,79.8484296454049,79.2376543858855,85.9680099073714,82.966431958814,88.7259871380971,78.163968433169,83.4428603491114,85.2203601483479,74.1099099829204,83.220465040373,83.6040874384416,83.5493734790406,79.4285295659023,86.3029610242137,85.3281284846618,78.4119171750206,80.940766265656,80.5457567657888,82.7620806117206,79.5989402827531,81.7621195715883,83.0792801002303,81.5519846991425,82.5459642832866,81.9793786670454,87.3873094737216,86.3442959947528,80.0883035657599,88.6098233255189,81.4176708916197,80.2019591417822,87.5650204074032,80.5642241263304,83.3254540777087,77.9921542026541,92.5003163182803,83.5759812614746,78.3426251403024,83.1545054753475,79.8297856802628,80.178194346423,79.6372507056148,77.2200379320754,82.9807171395656,78.2316543371026,85.3618856221707
82.9226551333167,87.7930097342793,86.6309707793323,83.6630195498535,85.6223184422719,83.9409329168975,86.1433813125892,80.4577396318883,79.9188265067999,88.9864857805803,83.7494408702232,84.3749083358752,86.8391007561114,86.4896179282252,82.8643737548425,85.0479189061702,86.2442722303058,82.8591048545228,86.8050418591433,82.6074353126921,83.4409957369101,87.1229675197478,82.881186314035,79.6000021556326,81.7635527289215,81.0287124371814,79.8271886296577,82.5463748630226,87.3540971701268,80.729551529657,78.6407806635517,80.0877100071462,81.2556059009533,81.4187233147622,88.3895125805174,81.4900099698007,80.5647459357386,85.1590195882845,85.7253739123447,75.4772540048533,85.2026670159419,85.3978618759559,79.7474830371217,84.869574693954,87.2580376882056,81.5025294017354,87.5487733066953,85.8755148110799,85.164152926957,78.62227818776
82.9236389852476,90.6371085990767,90.8938210217026,90.7394089960185,79.849061788157,79.2382599907903,88.2996302467019,84.346612994807,82.5572931018101,78.1653802708078,83.4442736188738,85.9222627655144,83.9602511272851,83.2209706743482,79.5777871072003,79.1681708978095,79.4301422153409,80.4528078736849,89.4953791448869,78.4136384856448,80.941318022886,87.3387650250022,81.8757979761688,83.9145913312607,81.7638270352821,83.6533851520056,81.5523884761945,80.0059131987709,80.8958921229173,80.7300478307212,78.6411284421326,80.0887520567094,81.255500339806,81.4194894295341,94.1386965056899,82.7334526508139,80.5646336864062,80.5404485304719,90.4631561375444,75.4771986496611,83.5762529313237,86.4313638242021,88.6780488333369,79.8306423214164,83.026858453641,79.6380773739668,83.7870909154926,82.9812907699164,85.1651684723465,78.6226438516585
83.7143171400555,79.5405571739335,78.940104037938,81.1675505989935,83.7348182385327,79.2365973452982,82.9174643865668,79.4816435278782,82.5263976397921,78.1636171982507,79.4298303593973,83.3900374437948,79.0222261377445,83.395199379771,82.4756555844212,80.1881063740934,83.0632178600936,80.4526128157331,81.2782280233455,78.4127954813708,80.9416282119886,80.2592299845133,79.6653099798176,79.5988204893033,84.3813731830226,78.8958395091522,79.6778712583595,80.9708828461229,82.6146780351992,79.5065749244378,82.9635698008315,81.7177427224761,83.937984271522,79.2159652751469,82.6976530285714,78.683856097517,83.7599683920048,82.1391993457866,80.3531109014134,75.4764720422741,78.9838587251114,83.4552488635118,79.7465150104236,80.1850715301108,77.7455433706015,79.6355737132448,83.7849092086791,82.9799670891857,78.2322400215574,86.2522718761424
83.4446555838169,86.9732160019146,85.9649242868248,85.8378556331347,83.1408155507683,83.5743135611575,84.7334034829385,86.7995056515543,80.4740022624053,84.6763391858129,79.5497825210304,83.1619635136323,79.8216537489025,83.2227381200967,88.6657813027353,86.8658191989182,83.2199376605503,80.4531160677201,87.0835713812528,79.8054603601891,79.5118030941886,81.4127740519837,85.1846311588271,82.420287746041,81.7630843890163,81.0293079454068,79.7801794160792,82.1264958812052,87.1907195106309,79.2861684912534,88.4952525593936,84.3007850615732,83.701666136721,86.9728425697058,84.4234473416484,81.8290364360074,82.4327504146227,80.5392210792983,92.0701069818377,88.9564595015366,85.537902037643,82.7654724416856,82.5125885256507,84.7516899682209,83.473168925733,79.6353380834237,83.7859992052113,80.8993142935203,85.1641294844425,87.2141373965752
77.8912232738734,77.0936510015884,81.5169353377921,75.3608012965321,79.8462185737466,78.1741842048051,81.320221891996,80.4562948787648,79.9165476125204,78.1625201621916,78.2691777260733,82.2354866238804,82.7136641590725,83.2204311194929,79.5748861740907,75.7699542684044,79.4289041871894,80.4516223927113,76.6052962479455,79.8401814143456,80.939921313742,82.3342231786072,81.873298709848,82.2953379430074,81.6047687796453,70.6517445947208,80.8837236242837,77.891530428514,75.0787235809803,79.7445473646881,77.977155994539,80.0867145124832,81.2542695705955,77.2838774427422,77.7038902198785,82.7315963053731,81.7756650392752,77.9409850713778,78.4687300858581,75.4746022596161,73.6140269296928,79.0895490399736,83.1534109340211,82.3690589324679,80.8346701232489,81.5007898183042,83.7851501592974,82.9792250575282,78.2302492948921,78.6208080180456
78.8237057719212,81.8009865379945,81.5177597016555,84.5840588779462,79.8483986341207,79.2372816121934,84.5804319304937,80.4580595122772,88.6023447322363,78.1647185843904,85.5320837754243,79.7719828669586,79.7944043190956,83.2211404740348,87.0780082159005,79.166859581947,87.1940792326555,80.4530398763577,83.8680461435103,78.4131573327506,87.4524844450578,81.2591106879631,86.9510241699715,83.3548828264937,79.2182524235832,81.0291697404984,86.7679757577167,86.4413803448438,80.9601153883407,80.7300758269988,85.680334554524,80.0877627587302,86.8985010246671,87.0483287818839,90.540620654042,81.4900273851152,80.7991065030887,83.0548683068483,89.1781931828497,81.5914976734015,83.5753621733082,83.4558377305019,79.7480010107235,86.0361341249612,87.7571963398092,79.637286713646,77.2198775738422,80.8925426527575,85.1645383030587,86.8171731098207
83.8226662677252,79.4939965632298,77.6857509325838,76.9231691695834,81.9757765419499,81.5157286274445,81.3207731229968,78.9564035481142,79.6974456334214,78.1640785894064,80.9452183962267,82.3802114052185,83.1895427841571,83.2215897106936,79.5756135271119,79.2513430279332,79.430860449635,78.2602540665094,81.277057422511,80.618537198469,83.1501640965768,81.7950448003892,85.1291938374637,82.2959467099055,81.7621323370083,81.0300231983966,81.5512699269714,80.0039185399198,84.2982299354223,85.0154885265906,83.3579952006408,78.6557335318529,82.1107183601457,83.0324055207107,78.8301816958452,83.9294952010993,81.4738290785688,84.113598738309,76.7426598121556,87.4366373053681,83.574816703272,83.8761542854124,81.042208160187,79.8289158725387,80.7086409864311,81.5010436121635,77.2190533372879,81.1437919315348,78.5094850542095,78.6196074196672
77.7974148579118,75.8496497371577,77.9285916945893,75.9973064004066,77.340517771795,77.3820274048879,79.5651627514973,78.1247904764356,76.1444809006986,78.1628629164685,77.8412731283377,80.6781620834529,83.9570089925322,78.1139512675151,81.7010244834684,75.9040188786309,75.1160701895545,80.4501863432375,76.0926410695266,82.6059170210738,74.9933175978181,80.3039626923783,81.8728796891933,79.5978783926384,78.4508282840789,82.4288732425149,77.5795436022858,80.0021382294296,76.2829701801056,77.7077749970634,78.6382509574767,80.0862166157868,77.9827555182782,75.3371488066748,75.5295804679088,82.7301958673943,80.5624396604821,80.3003770801973,77.843181078241,75.4751561681927,80.5910478522994,83.4529093437722,75.4355731569843,79.8282248500913,75.869168497914,83.4541821788901,77.2178387382882,82.9773086754821,78.2304486451814,77.3990002315302
78.8239652258967,83.0471960584298,81.5174218626141,77.4871525540289,79.8467152648904,83.4612309936045,81.3206783303985,79.6367342009532,79.9179634397733,78.1639391745738,80.9452281842516,79.7726248083927,78.5486655370483,80.440627082022,79.5757306843765,79.1678317679508,81.3444514379371,80.4524552311064,81.2769539326817,81.8503794936184,80.9414741605061,82.3344986564576,81.9881018890563,79.5992161284918,81.7623548376051,78.1765575372201,79.7447479998212,82.5453752824239,80.8954592286711,80.7297869231475,78.6397977789675,80.2565214242771,81.25568704131,81.4183393458246,80.2034492003722,81.4889095108322,81.0222700732606,81.1160531137466,77.9842305154227,81.5907674386805,83.0817044239423,78.3427863808589,83.1542834965274,79.8288843043171,79.6961769812726,83.4555985762871,84.1525063638327,80.7242796086135,79.7340737548297,78.620082312402
82.9202755314333,77.9388951758686,78.1974422496951,76.5548416347951,79.8463379592326,83.8029564904682,81.6105436098954,78.706213040999,78.5461892772114,82.5282075085107,79.6304007479997,81.8078972774832,79.6112783694493,79.185406658574,79.575233375758,77.556522936258,81.840083342597,77.9499160161107,81.2765820907144,79.8981638245778,79.0544306111537,81.310075781746,79.5566334761177,82.7127471344917,81.7625076933273,79.3876566346235,79.7584916107158,80.0042520433818,80.9579342184079,79.3146029881659,78.6400217931601,78.10592734646,81.0060537564914,81.4182655390842,80.2039758190224,81.4888224873532,81.7775189366047,82.1256869391252,76.0651966703298,75.4758135177809,83.6044583067831,78.3426463677746,83.1547296967999,84.459899588859,78.6174554299706,79.6358438325974,83.7811505288672,82.9798689307869,79.6712370014267,78.6196955662969
81.3951645911838,87.9817375080838,82.6471338673375,82.092658299507,79.8476533116,83.1568180384356,83.1516137816741,85.8236715678483,80.6262294740775,81.4993594095596,83.4431754783084,79.7716134863006,83.9592440355917,83.2208251044554,82.4589400126581,81.5127808175738,84.0050816259159,80.4524214881109,81.278081783109,83.2470289667783,80.9410464821694,82.8633811222092,79.1035071348895,82.5805137804887,82.9167201461979,83.6141684378036,81.5519975691095,80.2586087466729,80.9587595072171,80.7295634054352,81.8778541124263,79.1939737382351,81.7992880821951,81.5916699453194,83.3925090374951,81.4889841015837,83.1928384667878,81.3487520546985,83.6733321371466,75.4769277972546,80.5925865262443,82.4787738679763,80.6957360794841,79.8287149042185,81.2264677368237,83.4554046709126,83.2859011136864,86.2496182463088,78.6513206401198,81.7211942252821
80.8545759249316,81.1628567454255,81.5171259947049,81.9959931875578,84.2326254292231,79.2372657041273,80.7040510498233,83.7325325919398,79.6111458214374,78.1636338150479,83.4432344574585,79.7729069557189,84.2660719763476,81.2263219196954,81.9957032766351,80.2700989763461,79.3297102756721,83.0333916504804,80.7187158250006,78.4129065191186,83.2246144035229,80.3518107803015,81.8738930864286,82.2956318101327,79.3364699390766,82.8507528884448,79.7467559411242,82.5453043018435,80.958368291208,80.7297700856235,81.7087967952556,81.362752532915,79.7316844156962,81.4183201013444,78.2429524450892,83.0534772226259,80.5632961291856,80.5378323667303,83.8836979745143,81.5907329481149,80.591482386141,81.6869359011744,83.1542915451006,82.7205719389066,78.4770487200773,81.5005225384055,77.2185548327623,80.9693452225879,78.2312573438839,78.6202721126135
82.9219541532883,81.9936817207466,89.734902635236,84.4736553141921,83.8981207843633,83.2540101612598,85.2148456588953,80.4575325225772,79.9188271591527,87.9099021753159,80.9464578258073,83.9789843106944,84.2602635532279,85.4883055258126,79.5760924819701,83.7335269541202,79.4303929528716,85.6446732557557,81.4180842515484,82.6071654431266,85.0045680826997,82.3342743174843,80.7201004380115,83.0578666569911,87.6963068006969,81.0279586871808,79.7733609663141,82.5458361558118,80.8945525326854,85.2365094811295,81.6478939531589,86.3481503485046,83.0411907631672,86.2937901680387,87.693425540067,78.7946955677833,80.0701344345261,82.3521074566336,77.8485544871679,75.4775657775218,83.5745843824489,83.4550252244226,86.5669444231866,84.709907969145,82.3949816166172,81.5021920291642,84.2430725456692,82.9800198882116,82.431766610748,83.3903475543177
78.8237776357894,81.7624882907548,81.7119199274727,80.1316767675808,78.9455320976011,81.5116606403223,77.1250578932425,80.4572393526977,75.6914275901759,82.6702346606193,78.1747060444914,79.3686496340169,76.023468507385,80.5344524538082,81.9477182137108,76.392811078106,79.4303614300179,80.1147603256662,81.2773229373662,78.4124176411005,75.2406783653127,80.5084224610446,81.8737886920146,79.5984746727491,81.7613487394926,77.0358249710034,81.550527618179,81.411967919994,78.5180440326935,81.1381271389452,78.6389168125345,84.2994489102955,81.2547956991816,81.9833714651219,80.2025571995804,82.7585027033561,80.5631676318813,81.2343308559171,81.8577808142515,81.5908703469982,83.5742420341975,80.9843024908223,76.8158131902765,82.0925880650569,83.6477911247069,83.4548163386956,83.7856722659011,82.9785922571033,85.1641931135246,79.1215362628417
78.8196771046319,81.798132692315,60.9756569685774,65.5364323291321,62.0263036435703,79.2348963900749,62.6838638038966,80.4541647414199,79.9152284425427,78.1615893909957,71.4079194270441,83.3697223105041,65.7051202756752,82.33263506607,83.6185995143783,64.1348589754259,64.7080678211317,83.197104415753,66.7233659396425,78.4119183140299,85.3716344788039,82.4997909933216,74.0869421402806,82.2943273093707,85.3809918529084,82.5945816098947,81.5491244191154,70.5157753487461,67.3293763023585,66.4894824395052,69.5936957793456,61.6325421388055,64.1403985581335,62.6528259285624,70.7524367918829,82.7307052652734,80.5614106605389,80.5368520439133,64.9178221231217,75.4737604161868,63.8814064208623,78.3402986309058,79.7438522275038,79.8198150752846,65.0551018439871,81.4997509041625,83.3567506418431,83.1963768979184,83.4928398727565,64.8503392965783
78.8240005963321,81.8009202087655,85.843766535698,85.0242680644234,88.8013651540019,81.7269606445125,81.3207349730176,79.7417323645735,80.7605548888849,78.1642723156699,83.444208164492,79.7731336434369,79.3246897284386,83.2221793985072,79.5756291672685,85.3775688451853,79.4309195473411,83.4090603088353,81.2768514450801,82.6075626829709,80.9421721227882,81.3840378690724,85.2379581419751,79.5994001477393,81.7630239838933,81.0295863860709,79.7527402040774,80.0047897986086,80.8957723052001,79.4085905164658,81.5239609390835,81.816951786259,81.0118182700425,81.4183389536597,79.1761470199017,82.7327369700664,82.3921724489308,82.065685831861,91.3357016283376,81.5906570401098,84.6210529606047,83.0866890934988,83.1549291446583,80.6473827028638,80.5738116931969,83.4557667229647,83.7858547819535,82.9801539853268,85.1640794023823,85.9394947863072
89.8994324844609,81.8013794438369,81.518526575717,84.9527037638014,92.7020216286151,95.5139960300711,81.3221464458921,90.7452795319277,82.5575192934706,82.5294264408279,80.9476317486842,79.7724460868187,80.7265138014147,83.2212214581927,89.7464279063525,91.0124724955095,79.4298657207714,80.4532946087065,81.2791072608743,82.60830316767,80.9413827179183,88.4187766216683,90.666006716655,82.2979392829593,81.9243185599111,81.0304858239862,81.5524161592984,82.5472962993764,80.8961438896256,80.7305057223012,78.6413181614692,84.3013704400956,81.2554821984137,91.987594839389,80.2037872485941,82.7335793205202,80.5650248360506,93.5082413504523,92.7397961518901,75.4772056504809,80.5943429074498,87.8804818387187,83.1558047234175,85.9140733640621,83.3952048957513,83.4563611583072,77.2208744159619,92.98714393507,87.9603637679828,78.6230756006645
78.8235955312625,81.8008183479604,84.69842886349,86.473390973783,79.8482895662146,88.6992315565517,81.3215813407405,80.457722691317,79.91879887798,82.5284658233422,83.4437648918742,85.8977383699814,79.1276145007697,83.2212049379286,82.8287190905008,85.3914898328499,87.437088268562,83.9570362028584,84.7652554486217,82.6077151976563,80.9412247506346,86.3637987763046,82.4993060301539,79.6002952535777,80.325169793117,81.0292259248663,79.8285723162061,80.0053858771725,87.9943560128083,80.730021818426,86.4341984595095,84.2454177948322,81.2555551747498,85.1780378947869,83.5844886418838,81.4902432817606,80.5647002317858,85.9127912304229,85.200958271972,81.591444726581,83.575111200236,86.1602107159766,83.6618103251657,79.8297837998112,82.5087067016656,83.4557083211655,77.2203330281649,81.2533135357181,78.232420805276,87.7373770239589
82.9218213594103,81.8008208850357,81.5174035812461,83.6587053245691,85.4653807944272,82.4931432999598,85.8404945091878,81.9486541532514,82.557290016738,78.1646065042493,82.88556696003,83.8885630769134,87.0300333053496,83.3546300637052,85.1820633653513,83.5852355845436,84.5931207191303,80.4529229792399,84.4971217414066,85.6182824752914,80.9414349628333,82.3348856444145,85.7800735461396,82.8658760304253,87.9797569199839,81.0294318471349,79.7848973568376,85.1102219582987,80.9590903396171,79.7462855957831,78.6404277660379,83.7798181446513,87.0245318181583,83.7574378322904,80.2034444074416,81.4896531940953,84.7023036225667,80.5394189763604,78.051200338181,81.5910827303598,83.574915179563,83.4555012001507,79.7479768960886,79.8295871042619,85.0194863136664,79.6366942171007,77.2196349781747,82.9802967302729,78.2321173049101,78.6217116141835
82.5358973314601,83.59498230622,81.5174623640223,80.9913024338252,87.6713644462251,81.3596614009297,81.2644729004473,80.4571853725016,82.5575189911858,81.9090062778106,83.4439238235681,79.7729914074543,83.9592568305118,83.2224301258553,85.7118142756463,79.1676438780949,82.4707331015337,83.044864623982,83.6872887323732,82.6074327324382,82.9285116792865,81.2696894138312,79.1667389910358,82.2965008679301,81.7629083220227,73.9300284335537,82.24642724768,82.5454320085877,84.5715415053706,85.8739305517809,86.2698526761724,84.3003547479093,81.255882380983,83.178750638836,80.2040498563312,81.4886143722236,80.8661175018772,81.4931830356008,89.0859309421991,87.7162713499114,83.5749040104902,83.4555660840726,83.1545250908275,84.5636183166563,83.2078125894824,83.4557314913559,82.6738237810714,82.980078223852,80.8325984701482,84.3405803296318
78.823666883416,87.6044287604057,82.9076375599679,82.7690025965359,79.847516649322,84.4081291944902,82.329930318478,79.1097882546223,79.9182716978609,82.5282649070598,83.4437811632584,82.9859707066683,81.2197262291941,80.1273378784322,82.3898753809305,82.1352560626858,80.9924461333767,78.9305204597038,81.2778025497604,82.606740667399,76.9845160200443,81.0297982068099,81.8742314312771,82.6698433044154,77.8951602045384,83.470142795889,83.0459006555579,82.5454591209481,80.958401640256,79.3413955187669,78.6401905651625,80.0872259842127,81.8489313821309,81.4182500291546,80.2040031558835,82.7333484922888,80.5643694332302,80.9683984380941,77.6542699659325,86.3414515537193,83.5747593266505,84.0014750417536,83.1544682243513,84.3632419256152,81.5722867919524,83.4558429110391,77.2195700645805,82.9796531893609,85.163368917687,83.505738795412
86.664863630022,85.5962021406897,86.7985816304107,84.6720447059508,86.374420425301,90.5686226879409,84.0005240064478,82.6978465849371,82.5577938954787,87.8475511179915,80.9466170106316,87.2111161196363,89.292645701284,83.2214247135547,79.5768729931835,89.3909192275847,85.5881132076238,88.3189381514393,81.2781759792486,88.2188812749769,83.6365210960787,81.3821004721629,81.8754691552289,79.6002148352143,88.7546366028392,85.0068317783659,81.5523920036619,87.3030580083446,80.9597461292256,80.7301451025288,78.6410428650556,84.3007922273222,87.8010675464474,88.8621486685975,90.7037525087675,81.4899922802702,85.4092925007396,83.3153792587072,90.4621900484747,75.4771124084572,86.7973858133146,85.6977179087643,79.7485611222264,84.9120068234237,86.9276109059205,79.6371196702624,83.7866569822237,81.4303552746736,84.561566024501,87.5254993438866
78.8242021471066,88.8073674939537,81.5179744685491,81.7882839768128,79.846312881853,84.7036320131215,81.3209510089468,90.5815862921994,82.5582416470757,87.6519968893851,80.3523967128671,81.9924296245316,80.0956576083885,79.8949089900391,82.0294980235618,79.168157919676,82.9499397582309,83.5432528865802,91.3445320484054,81.3739248041741,80.9424258580039,81.4004268189779,79.8740870282566,82.4405824506138,81.7634094054479,81.0297699655207,86.7180346025264,81.8326739533442,80.9575895834791,79.3075476222477,82.0334589275559,80.6273692550915,81.2564318129344,80.5909598810927,85.3338798749905,81.4891744945165,81.0751650363053,80.5390850501114,77.7761757126924,75.4756380196852,80.5914863778518,78.3425999664399,79.7470832084566,79.481859526055,79.2022519881908,81.5014960492753,77.2196605872558,80.9322724058554,81.7072693855144,89.8675774711155
82.9225443590889,81.8010837011522,86.5607491978955,86.7425921987959,79.848646150247,82.396599624592,81.3216429552973,80.4564885224622,88.6785282040364,78.1641377347604,80.9457683887922,86.1020615199719,75.8480047129734,85.5874530065004,85.1576845712617,82.2932755672331,85.2427171984063,82.7292672017514,83.3100301188207,82.6070317215237,87.0634606640114,90.658147793742,85.9711837430711,82.2975159356056,79.363221112764,83.3509272882046,81.5527087999271,80.0049921654594,87.0379888465483,79.8991392360887,78.6403459321695,84.3010399479275,81.2551356294559,87.2319784695321,80.2035975140389,82.7332939851645,85.059144107351,80.5396471126621,77.7286847946055,81.5911922362385,86.1332838594271,83.4550043862137,83.1547218226602,85.7525095899901,85.4981904758855,79.6370412343969,85.6093412821961,80.2825772704118,86.4688706333274,85.9289245074187
82.9216341344458,79.4799826524959,81.5170796519221,81.2542922345248,82.7625585794863,79.2365721412168,79.1429272318745,83.7204277120088,79.9178302821559,82.5282625813542,80.9450962666587,83.1557844235856,82.5003676541252,83.2213572947511,85.6677869877742,82.2872392534571,80.0965405763606,80.4525693406227,83.2804504920025,83.6893843281466,82.8321293750662,82.3339745312163,80.2822008507615,82.2967415348884,83.6711170142122,83.4656030877683,79.6554851426334,80.0044743641339,80.9581316325401,84.9454161053012,89.0437873767586,84.300845139434,81.2555730647991,81.4183459981236,79.3320594655611,82.732913924317,82.6733408179402,80.5389177497196,80.9863526156473,90.6523563693335,83.5751860193117,83.4551330246137,82.4962438542366,83.8473339392735,81.5000463373791,83.4550386592735,83.7852138227571,82.9802815938913,85.1631166423881,82.6860419230911
82.9199395817743,82.3463209378115,80.8573573319362,75.2331208756712,79.8467270384634,80.713347361555,81.3202870463239,79.864417913827,82.557198705248,81.6462099563457,78.1511191631844,79.7721781441302,83.234908343671,80.3068110241668,81.7909581970554,79.1679629813212,79.4301026373592,79.4586563008213,81.2771580562406,82.6064066770484,83.0719065873237,80.4088358844549,80.3612153672768,82.9383255422084,81.4700832108034,81.0300959452231,79.7408413001876,82.5450611687037,80.958342716419,80.4240090792317,82.2673712700911,78.0103473681153,80.1582172527816,81.4175732957548,83.1305361957245,82.739218091856,81.2438832979228,80.7865162120339,79.0162753388112,81.5906899619443,80.5911236356551,78.3431372503195,83.1538058602966,79.8282858232092,83.7634239530108,79.6361882053065,83.7855831293178,80.9661346335699,85.1640957423449,78.3370196243843
83.8595487517679,77.7258398737014,78.6160231545844,80.4271810569442,79.814894588852,80.9608040354232,81.3205866232553,80.4571906369745,80.1647372037138,82.311064596815,80.9451552249277,81.4748180853102,79.1051078919659,77.6204880728615,81.7052782731315,79.1675511303819,79.4310495175293,77.3025692265383,81.1120571875551,80.880855711045,80.4173958341577,77.5428991108713,85.5480509317488,82.388851545453,81.3610292383479,75.653525020441,83.0399196810019,82.545465236536,80.8956084046701,79.2544553375206,86.1441430183663,84.3006357173803,79.6836991142872,78.6700213706333,83.0828601714478,80.3941763830346,80.5638706855912,80.538728122747,77.6633644113417,75.4757410433694,80.591134053308,78.3423772524638,81.5472089753137,77.9104977225115,78.0609987149938,79.6353043114593,83.3015312521098,78.1083965169766,78.2310449367388,78.6195506840278
77.9649913476347,85.5724358289163,81.0551531377925,81.8367152840255,78.2062047259063,78.0016795390218,81.3210227003325,78.3130632970164,79.9180096718521,82.5276798626414,78.1598497847033,82.0652771526028,83.9569174941569,83.9007356695855,79.5761404613258,81.9200751576819,83.1528583500632,84.745389214137,84.6304038804272,78.4129284453918,80.9406987749822,82.3342203706953,81.6071716647817,79.5979442497618,81.7613331711396,82.4643126237264,79.7658409852737,83.1383112506451,80.9588738707256,80.7296297585311,83.8283198083897,84.2995085050017,81.2549976972418,85.5956164204158,75.836454900716,81.4883035780596,80.6485570079766,80.5528982302528,84.8457824384584,75.4750474706183,83.5742658936458,78.3439070734744,75.3279821357846,79.8282688844861,84.3930004061641,83.4543304702861,77.2179335673434,81.8404470582502,80.1859519745875,83.8596819882469
78.8242291836818,85.2527122752344,81.5171712038091,82.7214941714723,78.462848908376,81.7855780155375,81.3210328603733,80.4576777082604,79.9181838469015,82.5277752592873,80.9448875477152,79.7728617575988,83.9572617342484,84.200667213428,81.7214199978166,79.1685657234528,76.7512870728124,83.0531303728569,85.8266982121233,78.4130473048328,76.830246637951,80.4605526646127,84.5680927564236,82.2951052307278,78.3494012353135,81.0304671417702,81.550607479523,82.5455551688781,80.9590228241109,80.7296536118375,78.6384270077711,80.0864875725913,84.8047284749441,85.1707818181785,80.2028329568479,82.7304023297684,80.5625130069937,80.5381689621181,77.8467641061696,81.5911644115969,80.5909928645167,78.3439407483641,83.1541493623595,79.8283116754053,84.1471677900474,79.6366967170357,83.7857823304564,81.6188098694246,78.2306297876708,78.7931688457815
78.8254243539334,82.8833463278083,77.2137506414607,88.2254615402813,100.245458601111,79.2390414750626,99.1159258918818,80.4589107926042,79.9202242485226,78.163644601128,83.445549869119,86.3717617494433,83.961379970556,83.2233342895012,99.6901614301064,99.8833346691397,99.1444719025428,85.5756035153742,98.4478235064099,78.4120028203868,99.3629379435512,82.3359172604211,81.8761907721144,82.2966329477147,78.1084777535654,76.9989969118155,98.6369868189273,82.547783469226,80.8972388604402,101.163310485726,78.6399877857701,80.0868258482304,81.2576596503665,96.2544309543618,80.2057578811101,82.7353737388326,80.5664548197546,100.457039703681,101.144763793187,101.413344905084,83.5772458999195,78.342485570923,92.0490318543209,79.8313995202986,84.4986726100138,79.6352479663763,77.2191097395254,99.7703909564027,85.1634484328442,78.6239681039249
78.8245811119586,85.9104772145403,81.5175974081832,82.8026044087978,84.2852705441376,85.0331447722307,83.8671881970728,79.2394419930918,82.5583110089591,82.5284031100844,80.9456698145533,84.2003723222476,83.9588144483949,83.2219045384124,85.4799574663054,79.1686066978315,79.431353728938,83.7404652888628,85.4796001077054,82.6073577598535,80.9416075286121,82.3348220230966,84.5797725610476,82.9778575279432,80.9822049500741,81.0304128854467,84.8323134444938,80.0043709105189,80.9580085214547,80.7304080002049,81.5825567680269,80.087406731434,81.5775076615202,84.1678426208031,80.2035505155735,82.7321983623142,80.5640164535717,84.4014121530168,87.8433533132984,81.5907459820469,82.8892650768839,83.455137972176,83.1545603937207,84.1942077430196,77.1572348331086,79.6359838449643,83.8870621651916,82.9798476970893,80.9609922712108,85.5746905714332
82.9199216595785,81.8005614431421,84.3566665704046,85.8035008350628,79.1281672351531,81.4380536011856,81.320381130801,85.1419611292232,82.5579999918946,82.5282950435581,83.4444071705632,81.2938421745816,78.3281711156001,78.8554623962359,88.0695866439919,76.7518496120429,79.4308526964918,74.26602767896,85.5358079507584,78.4131455875514,83.0872073676872,76.3790050573359,79.0994180080499,82.29680522425,79.7889470140949,75.1048438277645,81.5514488835334,80.0048730976127,86.6221979245548,85.7051758170213,80.7100620284034,84.3004298571036,80.722237405799,86.2218055693114,79.1796692372294,82.7326578304627,81.1124675920727,79.8956907758753,91.7876409901309,81.5902264251853,83.0918811817394,82.4938200200343,83.1547163222791,79.8288648237526,78.2270587122905,79.6348748309084,83.7856164060073,76.2970225801437,78.2311775528871,78.6192408077213
85.3279413097745,85.3067764323131,81.8939803486542,85.9792140753503,81.9473662650783,90.3579590274529,86.7340728454695,82.1903383916737,85.3245219993583,78.1635562244554,83.4428841778002,84.1510020002786,88.5052297868628,87.7907157711687,79.5759256708363,85.3990360117857,85.5232117271444,82.7703393476922,81.2773374348397,85.1574980451085,83.0505653500163,84.5916533306631,81.874476700829,83.7933796499857,81.6618027014992,81.0307590367645,79.7404218548408,87.2271685551748,78.3702349097911,86.67045257494,86.7913859309553,84.2997313198775,88.7151632559044,88.0020459661254,88.8961984717241,87.902553101137,80.8983668427612,86.1931540024095,77.9846840468005,90.7815418572988,83.5755681575174,84.8682803599185,79.7479333719601,82.7226228733136,83.9527808372783,83.4548490678185,82.8880707356972,80.6318898587792,85.1652576420006,83.8649441164316
82.9210152641094,81.8003097372089,81.5171543767035,82.2828350017793,80.7428336841152,79.2370758464607,84.8372899854848,81.4986343586732,79.9176331094068,83.0896566026981,80.9451944225538,82.9243631327789,83.9587310764458,81.1970500328755,79.5757502733736,79.1669864821845,83.3519240512733,80.7360559086441,82.0781311082098,78.4125147012055,82.8968557610627,82.334476696471,82.8986785996743,82.2960088698315,79.4516584846126,81.0294734134562,83.1754402817532,80.0040544295985,80.8955027538176,79.3927286055473,83.0790199363716,84.2999825067495,82.8826077699943,81.4180874283909,80.2029735684259,82.7324200119143,80.5641172296922,81.5816592223401,77.7243920628775,86.5803786822251,83.5748598996798,83.4552446395319,79.7473335932759,83.7278919523218,79.8363877777483,79.6361074485474,77.2190222260516,79.1920248984814,78.2312458802241,84.1053237314999
82.9212953423828,81.7993956011311,67.5617262665571,73.8432695946432,79.8454127325646,77.9309186030718,81.3206934364054,70.5291648947096,70.3378584315378,70.4567331956418,80.9432503797913,79.7703751306765,83.9567430885292,71.5921982261778,79.5752282377916,70.2517095285164,79.4283876489922,79.0297782924978,77.9972459997575,78.411249419215,80.9391507924975,82.3339560517114,70.2424578289767,81.8857895392708,74.45173535691,65.5611368915993,79.374744278828,82.5449889664524,80.9565891685659,83.1454132204962,84.2808636025887,80.0853741328443,67.7716018326378,73.9728183317772,71.2629765527353,82.7309680444892,79.1625718694484,76.6769789744487,75.1599238010769,81.5893120352266,80.589749405896,78.3418329153209,83.1532891604649,82.2544322063429,79.1670908398305,83.4529939160515,79.575510271573,82.9787974942384,78.2297748982738,79.5034205045241
82.0109939530971,78.7754696472653,77.4568363107745,83.1568563824174,77.9153244286404,81.3942427703504,81.6746367581381,79.2269343652543,82.556450158602,80.1382254819734,83.4434555335411,79.7718459036207,83.9589739835472,78.195190793485,81.9731901847642,79.9084865211108,79.4301448045121,81.8576759089932,79.6161370617034,84.4174635428169,80.9414826005136,78.961343924626,79.79704271953,79.5984382775619,81.7630708603682,77.2438105837686,79.7007990465581,79.6876876795699,80.8948794539761,79.3647869365376,79.5218666429699,81.5263421436022,80.5206864171732,78.9182100544399,80.2040594213507,82.7330692393037,80.5638861431303,81.3597017441702,78.5140588473569,88.4249560081906,80.5915324444988,83.4552720130024,79.746391887199,79.828497454398,78.0561954974503,79.6350909149729,83.7847833747819,82.9798537109047,78.2319140417627,78.6209250046007
88.6336867059226,88.5556704879877,85.7622737104572,88.1367793879447,79.8482829204901,95.284264620903,89.0784003123646,84.5784458519516,92.6112211234398,82.5292023735039,83.4429774312032,79.7702076039238,93.0053745254894,92.4819166287514,84.9047417022725,79.1660618862632,87.5115621748422,82.8391634942204,81.2773033618609,89.6947157782574,88.5274893704214,82.3362488530104,82.8447811867786,84.1239525709181,88.3852985370852,82.8724574213957,81.5520045955563,82.546262304253,79.2370625723572,80.7303971550464,90.1303013604092,84.2999458123602,94.0933835583385,91.7926968420508,80.2012144030682,91.369519425459,80.5369946249359,91.1351729662817,77.9205474878573,97.7981728212369,80.593144205822,87.4275731774795,79.7474671055291,83.5990082643066,83.6823239671026,83.4549547562306,83.786779988531,80.3103517693194,85.1657580178423,78.6228579622545
82.921665092064,81.7996735606349,81.5131053920529,79.77559139928,79.0337928540713,80.2792640678364,81.3214262779509,79.2554520438534,79.6941756474812,78.1631540372227,83.4424043058796,82.7521801010777,83.9581053180144,80.8584422558727,79.5752875942017,79.1663533422713,81.871438431309,78.9512742691796,77.729172924824,82.8730470946344,82.3565071212291,78.4705969821049,77.9991053648071,82.2959224503607,81.7619064444069,83.4143562944974,81.5508146288291,82.5451970192758,79.5071197399728,80.5192805874686,85.6875421416193,84.3006467687501,81.255019096451,81.4181221161611,77.4838760418498,82.7325270750347,79.8181327034046,80.5389604207052,82.6321926898773,83.869472371521,83.5745166489262,83.4544329443947,81.2409716271602,79.8281990440656,79.1881824095826,81.5009728623841,77.2178784861467,82.9793283437893,78.2312240664541,78.6211070742402
84.1528360395822,81.8005813466194,81.5173897561932,80.6727779964741,82.9522590270976,79.2371223452444,82.7189990801187,80.4576354615651,82.5570552581909,82.5282003526448,80.9463964747586,79.7723440178158,85.5586702504513,83.2613731936123,82.4917112906567,82.4748649536519,84.1321779887007,82.9951221430883,82.940609885628,78.4129479703998,80.9411603815035,82.6759977717776,81.8745268029732,82.2969586168566,86.2293403581241,82.1891145067299,79.7825604312958,83.048948992653,80.9594399337138,82.4912385202818,78.6408447844115,84.3005166045959,83.840982049168,83.6003794713423,80.2036861214609,82.7331422942783,80.5582931178124,81.4389952074571,81.5653810839009,81.5910565038147,80.5926825416127,78.3433145773898,82.5908187788934,82.5735350870425,82.2180497933175,81.5020170103303,84.4247132169598,83.436676310277,78.2320470846697,84.6397504907193
78.8226675606141,81.7680564070693,81.5171576578212,81.5293245010757,82.6225531818434,79.2369505940596,79.7267422124451,80.4568412243388,79.9175917039289,81.9502453248209,80.9454466295683,82.1604345983194,77.9778285703923,77.3524440409678,79.5758020512444,79.1669467212151,82.0041909463721,81.3782226002501,81.2765500994927,78.4127226566831,82.8124456728222,82.3341342359054,80.2895623064103,82.3354359822862,77.8816001400526,78.0005391179626,79.6884966086288,82.5457833476238,80.9580576312873,80.7290772120652,78.6400019524203,80.0866288204018,81.2556890055278,81.0360432742372,79.039044233105,78.6008880542383,83.5520972975007,80.4807388996954,77.5513121366725,75.4759568480652,83.5752266774014,83.4553271098202,81.9198517147738,84.2842376465593,81.9372389540492,83.4551618408535,77.2187486970415,80.9919169183646,78.2316203798861,78.6209987930419
82.9224010806896,74.8990542950921,72.5134788029492,78.1560418957871,68.3363926837005,81.8716761782414,81.3212356446351,80.4564558409981,85.7505315636126,78.1638287446686,80.9455026827234,81.5355369122598,74.541199855088,83.2190376205178,82.499594133038,79.7581009122996,81.369963169297,69.3780564630418,82.6739617392493,82.6066553300047,81.9503814468367,82.3325875875987,84.3214630309697,81.344608731854,78.7485066433424,83.3258552186593,70.9405935628698,74.9502766010018,80.893394652992,80.7278972763229,78.6400857867663,68.5678201991303,81.2549147299178,81.4163780976076,73.5650723266783,82.7329516171671,84.9317566946173,70.5798788700222,77.6306920773627,72.3275373209865,80.5909087727141,83.4548888475334,83.1543768863168,79.827766939463,79.859030765708,81.5001944182031,84.5252326576988,80.0482223590604,78.2301598563135,73.0331505670392
