73.2217377286004,78.1281140340466,73.5203432239035,74.8650387058976,78.0812907843306,83.2414083828818,82.4069358980283,76.7072642029911,76.9781056576959,74.324750167989,78.9073304767317,74.4663678690471,79.2389231446334,75.6885636180893,77.3357501181466,73.1209876032286,77.5205146263057,80.0894852639287,75.7980656969222,74.0453126347388,77.5989734522429,80.2915011367431,77.0677548349598,77.1403292589089,77.3589767588376,77.5731554315604,81.4757533888569,80.5721979948562,74.492775769627,75.8751575606342,80.1979874328389,79.4890062970239,79.6756080456799,74.4661485543841,76.4964379863547,73.0356098624142,78.5167537335197,76.288795476154,77.9501711897197,75.6318858626977,76.4685917728431,76.6690566813727,78.6842998033655,81.3155998244311,81.979337288712,73.3132684881256,77.8072764751304,75.1114583246616,79.6666373847428,77.9797934725494
54.1745595886762,53.3953295204437,54.2068519939595,49.7622110217965,52.3461036360176,53.0733234119495,54.7575155676894,53.2861353607456,54.368190172495,54.110953887907,54.4159259422206,50.8479534912113,49.5584871891079,49.1015020545031,48.4687642282793,54.8373283144881,55.1871850141539,49.781235193494,54.1674681305093,49.0532659737766,47.7346922313533,50.2749245290243,54.6996748753647,50.5738286694433,52.4358938321165,53.8509381968431,55.03606146019,54.7965274732746,54.9315695649458,47.45405184542,54.5802479356817,54.1178634475152,53.9745646826968,48.695236249298,53.3767246613563,53.7206497112111,54.7059840001746,55.178721686354,49.4666829602119,51.8493065220466,54.5388020014283,52.9075589377022,49.2112171671448,48.3474352057031,51.2710712856387,55.4430814305296,49.3221613324664,49.9571355503965,50.8714019848502,54.2367183773304
96.0155687437811,100.979572435483,92.7559790940023,91.9921647463235,96.7995373673422,103.196990907225,102.162554526853,102.027027094028,99.8598012110543,93.5753055104866,94.774644512637,92.1537385390034,96.0252029524337,97.0867927533962,94.4600749353144,93.2724977921896,95.7957415205073,97.5261745531247,93.9913308521746,97.7280076270865,98.3714760984466,89.6829695194847,96.403159849374,95.3576628324378,93.8055002966768,100.652218250072,101.008889128674,92.0890677390586,99.1430781505747,94.7247598532471,94.8591662685381,95.2716654476872,96.4738334791244,100.527651538653,97.2233104474804,94.0016818779764,100.613015510119,98.1906681014841,100.260310676309,96.585049522532,93.0911465296143,98.4734276032336,96.6740926349852,94.0069770390635,96.183617487026,98.5550528981748,96.8901098644111,99.129617079968,101.090037430132,102.714820906215
89.9667593434104,90.5649538429754,93.7790196554055,88.6270626727753,94.3458271466233,95.1635154970078,93.6414883886218,94.0842523296499,95.5283526373931,90.7011403027797,87.3963818929965,92.9470036158536,90.5879487177613,88.6150254884747,93.0686401872519,90.958351330225,93.331057996562,91.5600368037048,86.6738026906271,93.3863939215958,96.2262497207544,88.4306044793676,91.8106803076116,95.1391378323674,88.758411328108,92.8168819032749,93.1452035212758,90.8000917453875,91.1136490918507,92.8125022552698,87.6474122937607,93.9795325301059,92.3595777390147,93.2369390760427,95.1726191525573,87.5030579566294,92.5994460320496,96.85556627996,91.5664599156159,88.7425916684731,91.6354786618986,92.4975643804006,91.8279078786467,92.9620884029806,93.7202666178784,92.5135154463285,87.729947402796,91.0875804190217,92.9891876912457,93.136288527386
67.1590591763232,67.2168250311776,65.2758602505206,64.6885664969072,62.6186841168024,71.0391595500612,64.892229162349,63.5072561564092,66.7865574462599,67.7072523035033,66.3954751429041,69.3848063332951,67.6228679990674,65.3802533064291,64.6977042874376,65.3820423511175,65.9565284559841,68.3494119425828,69.1591505023579,66.9358206929515,64.8155618797667,63.14746469614,63.689980457517,69.0102194427043,65.5157948393308,69.287388018946,63.1297897227094,68.7611587394645,65.1874220255382,69.6240665717041,68.4418955251725,67.8716359258578,65.7540669309972,66.44537067686,61.6302527186391,63.0487796934444,64.4711054172548,62.0331320138218,66.592540777143,64.3418303318568,65.2586687194646,64.8138967995488,65.6728766211911,69.3955171226442,69.9621126297492,64.6646712208736,68.6702389426115,65.2477250351706,69.4153724052174,64.5500410204445
36.5721958706958,38.0359982695622,36.4437972484218,34.4209863039216,35.0292141483466,38.9399991570511,39.1730017464626,36.0711247335796,36.4409621970321,37.1136337738779,35.761877457429,37.401882107526,35.9235576053225,36.1989413915378,38.766382023029,38.0602952751187,35.9958271199587,36.9241418610457,35.4663158367355,36.6908723761462,35.7279150170457,37.5599488866154,36.0380491064789,35.983867739791,36.217242780905,35.1753026725931,37.4259218921956,37.8496853028142,35.0853321753392,38.1647322740753,37.3618425053613,35.7857310547755,35.0200850145574,36.2874861457295,37.5300914911518,35.8520667116912,36.4856248613211,35.6631311389359,37.8316326742311,38.4089986398738,36.1951393755482,37.9850859299221,37.7807701741458,37.6628976256149,38.3494201877997,36.0816972532072,36.1885097578464,35.2377073807574,34.4585215970893,37.0789660350784
106.518655045329,115.819675629788,121.087381183166,104.06945704544,107.948176325255,118.363799383827,117.176978072593,117.02198395472,112.191667236246,112.674868579003,108.703320941146,115.608543167879,112.54037821182,112.354975916147,117.599007296503,115.691822329018,107.255099212534,113.882769164221,117.972386800227,108.864459784492,109.872092399726,114.169075511622,110.504218773268,114.983454502769,108.712984361684,115.444259880388,115.854210271601,109.001642299074,111.368804501751,101.426994313703,106.679309398602,106.621719434604,113.292755186222,113.694332078944,114.080443806304,115.786865653598,107.420684419641,120.131751372648,114.995320434779,106.492203659914,108.732116823296,117.54308640392,109.374631825526,105.858902390649,101.561556021743,115.066352191689,116.154458253723,114.023855942941,116.763039797769,116.458964912228
67.9324769558893,65.941208340991,64.7230663490579,64.694594876293,71.5205305983326,63.0476169683014,67.0056719029726,62.6969886757553,68.8458806586972,64.5094821384299,69.0587096371246,69.7408331919114,67.5272666192546,64.2712028477304,63.0595973069384,66.1555135968668,66.1929541279549,68.1897883208607,61.6455889252706,70.5312313774507,70.1012031448269,67.4433642120661,62.920709937652,69.8763866177857,69.8017751655042,65.3547109634941,66.2484472026336,65.5132817196307,69.3232789449352,61.693894898102,66.3549552557634,64.6621539844216,64.2045998526704,67.9234151037125,65.2338551112531,64.1915884132638,68.6116795404691,68.9717164818828,69.0317316213522,66.7605783378034,72.3351679066754,63.7039075216499,63.978315503945,63.5686128659497,69.3723562194585,70.9527462361414,63.855564850779,63.5968331559598,65.635115635146,65.8033282287366
91.5271869783957,100.807105782599,97.8130609811781,88.4439317495545,88.686124397476,103.02119648456,101.988116333489,101.852533984143,95.8779683703071,91.7328381844849,88.8881219278868,90.2508671034673,93.0236209732593,87.3726081231782,91.4300206053411,90.2673756885747,93.0850111281044,92.6887587667506,90.4527214150651,88.2605533126652,94.2047466000574,99.369709678608,90.1896742490371,100.078902981247,88.2468503257034,100.480658408179,92.4628079362476,88.7007810173093,97.9826892423135,100.968684839839,90.216605442536,87.9140758947148,98.6074747377506,89.1429443746858,99.2917887891126,86.7404196425596,90.8228156149657,91.9467863558323,100.088852735067,101.614573246056,93.4939380879695,90.0003756482875,97.3807427797735,100.637519283539,88.0605202407993,95.224275502887,96.0371591256791,96.8002037830582,100.66642736726,93.8728099031024
89.1458191760066,88.8358269863331,93.2320753052132,90.1315358451376,88.4503334792719,90.1178452652414,95.6737366514841,87.3480660166285,89.6035694022603,95.624863500095,89.4109079212646,92.8240880466375,94.4789368741376,91.7805827854655,96.9783822622035,93.0240972266986,95.2829108496746,89.0852395223803,94.7699795088367,88.8489278177496,89.392295659381,90.6452745146124,87.8982936679033,91.6010089364666,87.7967016632907,88.4578730019721,89.9788685691055,91.2715800191304,92.22819122944,93.7130153248716,91.6980705775488,95.6223714065209,92.251667997648,90.3688452892935,96.2315903832074,90.0953676762412,93.6684172802348,89.7199755956911,94.9296502371087,93.2052840632614,94.7451536436618,92.6953539868117,87.5191922854795,85.1986441993246,88.2382316545366,91.6931621563185,93.1467081167921,88.6026120267286,89.9019780022422,95.827803196347
84.104612327128,87.1315046383055,87.1585303036575,85.4491740482565,92.3638060020378,87.9140258453465,87.0330023669509,81.4366204274079,84.8738000821426,85.3255701632526,84.9282110913755,87.4927308970643,82.3787124290291,82.6671521898804,83.3947856643685,85.9282689337611,93.3206609146303,83.5099534191525,87.3470644467344,89.7364511419505,84.5610072991724,82.9582730495051,88.0173088555121,89.5494769398407,90.5822145634454,84.1531081126499,87.6423578797149,86.8922473968348,87.0010198640391,86.7055081267793,85.9327580622566,87.4117059712837,84.1483353898078,84.7117585709186,86.4777212128598,85.0926898648568,87.1138586111546,81.91990491183,86.4559322191145,86.71478303792,92.5871832405723,86.2380846866189,83.101212203182,81.7729100798536,82.4446181435796,86.7688378783903,89.1608072927645,82.6057861742317,85.9055474267043,84.8443256409556
53.3407510859098,55.2107726289339,61.7102944585066,53.9315325774467,52.9244557402367,60.8833256178599,50.440404598661,61.4704795331646,63.2390887318614,61.5976585551515,63.5830244326693,55.1093650852865,62.4233498057234,62.87491347865,51.4689905656935,54.8805564046985,61.5608045534427,54.2870708216549,51.3902239372708,62.0481972886426,53.7500966004113,59.9570410571732,61.5387309073606,54.810120903816,63.2652500688861,62.051349987161,53.8403423746711,54.6128884854607,52.9737674748955,55.299874577015,54.3610922984033,54.4577281196557,54.006746925266,52.7753523396707,61.5300856976998,60.0964432327926,62.4744769138504,59.5795210867156,62.5135236152482,61.5703035834483,51.8306827488888,54.5100137598581,51.8861950750365,52.4231778365156,55.5675248459458,60.6511453985656,53.6782408666572,60.6426736967866,55.1345466156286,61.582632579593
119.011585873441,118.797010828584,119.890241147587,115.816690003351,119.135617524498,112.383350469429,105.162045182832,117.687749954419,120.049834969157,116.562664467308,122.821176428114,114.375667447919,111.471186627719,120.30436391282,124.341785237818,117.140564544388,116.421479681371,119.188606331924,119.465248354876,110.99695763519,111.829124889469,120.863973804527,109.421335472747,115.560871332869,113.514746657933,118.495928307207,114.617948313234,117.708611145076,113.439850814163,115.920059343391,117.093049810219,111.59439274466,118.310890375026,113.463969449805,118.495789869504,113.685776602438,120.595745815655,112.627645838008,110.674603022646,110.44027947635,122.422186840839,110.955323947317,116.748624885294,109.194486733681,118.29413421802,118.727007766255,119.40986925804,112.860235023474,109.26078708691,114.268357341775
57.2817630071727,54.3807310208039,58.9673976124857,55.8651479440581,62.7660808640495,55.8804906835699,51.3712496520406,56.1272026355184,58.0293061604599,57.7490905444728,59.2917191917606,59.1796677650455,57.5269496449738,57.4559486070252,54.9350888674236,56.5146676755234,62.9370505170943,58.2966347391511,55.1858218706412,56.2093342886882,59.324853351965,57.1375982462726,57.9690839657194,54.4828038292856,60.078878981273,57.4615514911605,59.3057163953912,56.677260723842,59.8024860440279,59.384274991557,56.3866565885338,60.0342753020772,54.8872464635924,57.8735885215742,57.7729740208938,58.3028540068692,58.7310774181304,57.9152951412132,56.8123652693537,57.1570130404298,62.0318204886325,57.1739907866306,55.3567942611883,56.2911011048196,59.6718196894345,59.3327721419257,59.9913957094807,56.9329467425859,59.207066196617,58.3014885488108
72.8625375401022,68.9283915418858,70.5306142538205,77.1155811776849,75.7054740150078,74.41818523472,65.8157204692715,77.1533828807021,69.1980782035176,68.8490067980082,78.8356643689212,76.3459498026906,69.2161644135499,77.2099303966513,76.117692279771,68.3500004068151,77.2426154336477,80.1511446601588,73.9051147958454,76.3372308933589,80.5692683778742,77.7498609045303,81.5784539705224,77.8350925733938,74.622925857879,73.7828898845326,69.3835117578259,70.3814941987282,78.9690255646326,75.5031805036212,79.6933367700047,74.5270913186577,69.5975174339089,83.2213461388838,71.2144891932207,71.1299830392415,65.9898345052872,75.7905060233067,70.6431715436932,76.0998427354125,66.7964629732117,76.3892827077603,75.0363270684379,75.0599137287235,75.398181000564,74.4648898859369,81.5097357871877,76.0486032467679,74.7751508878673,81.8812574505265
64.5490895461591,64.2986941097105,59.5535858634554,61.534841335266,66.4725842178648,62.6836785146768,63.765419314524,65.1360310256763,65.2556870652667,65.3510840898803,60.5059075518048,61.1145944870529,62.714741539293,64.7671464709427,61.5829359805866,64.3951164715608,63.3282576157421,63.3884817554334,67.8494878180832,64.7412788719686,63.2295764083493,60.2328308281659,61.8645824910956,64.0009396378773,63.6347213849843,63.8876787998874,59.7756116519556,63.2213010457044,61.3317804011629,63.9580001620079,61.1063069367209,67.5163843913543,63.0605799011098,66.2211222024947,66.1641244127363,64.4486840933328,59.7914604489269,57.5516292274823,64.0080504068528,64.9834700824549,60.5214374916173,66.2735057418699,66.6544029186992,62.2998722196087,60.8540308528866,64.047914978749,66.5499985462047,61.9042060988515,65.1535061477251,63.4774008121379
38.4317263020206,38.3843974820893,38.3012296408366,38.181784782091,38.1315885529343,39.3566361280355,35.4055214113724,37.6571976323796,38.2782622514069,38.745272683134,39.1551216637439,38.6275814635512,38.7186823285738,38.0489796103457,35.6682678784613,39.7341068867504,36.7311350917097,38.807828453956,42.4812188927581,39.6996697635819,37.8040642311692,39.2113431890578,38.0911451672859,39.4904383485095,38.5745255420772,38.616799774362,39.7900393320953,39.3482975646622,38.2329121703508,37.0542268095515,38.2170263875123,41.8301910563473,39.0932649392105,41.1793885664599,39.180256302251,40.6138203968176,36.8933669699706,39.751146904658,38.3756285492761,37.8240546525814,37.3436132452474,37.5696411785642,36.4752258967731,37.4245500982198,39.5673549660098,40.0450414767652,40.2688156509288,40.4706387899113,39.5028566418041,39.3603667213789
65.7554588363086,66.0374744608915,65.0297313811024,63.6692346364835,65.6553054722954,69.5544146455474,62.0101926229472,68.7653395179667,62.3691977322744,66.5404034022731,65.3484105280451,67.9344569877302,66.2097294818584,65.1269295620521,64.5760419082895,63.7606067460704,65.2597596039602,66.9207170765609,63.349523769407,63.747399235691,63.3493586048576,61.8116876104403,68.886539511861,67.5679515908363,62.5279637893511,63.5662007972938,66.3701148305991,66.0682992145644,61.4583361034244,65.0943556820339,65.6326314389405,64.4866672154631,65.313447696294,69.5110260531731,67.0368308240283,65.8650722692018,64.9423194833273,62.7568473918586,64.315629143658,65.1897763157999,69.2548163463998,65.0035615458851,67.2410800180777,67.9451756117067,68.4999216697504,64.8480900155782,69.7848288974582,66.8494501622853,67.9645179132652,68.9130205700405
82.0748601283961,85.2628565048599,93.7011473713366,87.6733607814969,86.0387242256036,91.7256404076506,90.8057938321489,82.1881379748768,85.0998457438481,87.4231426357299,84.2142252030156,89.5898730437257,87.3138563927639,85.3027405026096,90.6341509256564,77.4334130937907,85.8666229989335,81.6963113131903,83.5427450465136,85.7237509152445,83.9791685933252,88.47522104555,85.4520131182972,77.1035005768292,83.1484619174744,82.0411026801523,89.7805152044587,88.78448250134,87.5557164747096,89.8976000765153,83.9222130839949,87.852174149281,86.1034881670207,89.4512392565849,88.4061570461168,83.2364398536798,82.208436839009,89.5046714792798,86.1590740775171,83.9770541904487,88.2363738960767,84.148329760688,86.7031675065336,79.6832460238623,81.4853315009861,83.6794916156635,79.8357055376481,86.3456526146899,89.6278101714734,82.9969823686661
46.2581946286713,47.78479975079,46.7481990127336,47.2406075610369,46.0634424348892,47.6884424288159,45.1924519825417,45.2031256988855,45.0810839517224,47.5875552375916,44.8151995339986,47.6613284284283,45.5763625518302,45.9222452440679,45.8098997206573,45.7148655746565,44.0913732004168,46.9502374705889,44.4448784055251,45.9793685629695,45.3727457994518,46.2330302803792,45.3323216395724,46.7577479931016,46.1847885238103,48.7418863489722,46.5640257446505,47.022106587315,47.1841813570161,44.4793054991042,47.7285454521467,46.6722515192152,46.9545842673616,45.6432389721138,48.30049184542,46.8704756294583,44.2861803753105,45.4785150374632,45.9195524067329,45.1217895200411,44.8275180513863,45.0778044373363,46.1266778987546,46.421438607525,48.0577656377568,45.9467336660309,48.2705701150582,45.8519260872968,47.2032222026017,46.1692152644928
69.5249591150036,55.4984611398339,62.2720649761548,69.3720010225849,69.4962721432273,65.2165460331312,67.6398028864337,69.0675567135626,69.2853146247786,60.9399675600049,60.0126521814914,69.4781290947174,65.9194351626746,64.4157209310395,68.8081159981735,63.8698906420253,69.9210562129728,67.7309962675975,59.5164912967701,61.5699715181992,69.4770515212863,69.7508075126389,70.1364921145084,60.5986474739519,56.538779279436,61.3261899833288,62.3538691766727,63.2499482796255,68.3318990936178,69.4513384001371,62.9551213029748,58.6807464361341,62.5462608035891,69.9103900908151,70.0534114869125,68.7328649943486,69.033608044154,69.7403909089767,63.4854532076762,69.3513817498712,60.0291189302165,61.11535582256,67.9634824583487,67.4029496771376,64.3543526487288,63.5246462150166,61.0491773096829,61.3998746533887,57.3744273181381,65.6925778933367
80.5399310669851,83.9949495295081,87.0034240103997,90.332327163205,82.1675536054516,90.1588219915429,92.0170283683821,89.1520036661191,78.3931046434305,85.931144042937,82.7996082533615,91.573100142996,85.8241455196798,84.7212471824181,89.2382555283057,83.8732309305692,92.3400354343284,90.2517768879475,90.9663926113799,89.0139855388271,93.3301254854922,86.9634932747222,83.647631782647,87.5831981964362,88.3866265487736,87.9356270539514,88.8929852140282,87.2682230448399,90.392697384599,82.1794243069708,86.8632971985216,90.8614372841691,86.2971498702028,85.0200804073033,90.2046891065407,84.2458018063972,90.4736669888625,83.9130171645018,90.5587501315555,88.9291771122382,87.092083072545,90.7046287169632,86.1578103623319,88.0730452273528,86.0376181128653,81.1061415624749,90.3541729682117,87.3583858286262,86.0354869706285,84.1919263085827
66.1310264503814,60.9939898457659,66.1475430694442,66.8618111136839,71.0578877788224,63.1571544795237,69.2506212046339,68.352537998153,68.0714018370148,66.6708577838234,62.0460389651398,68.3233919642363,69.140086290943,67.55094469658,64.894708544883,68.3724192484201,63.2054498930351,68.3125297944203,68.2460132135676,65.2579123029502,69.5753631527299,67.4730400293574,71.2922181790388,67.9543607320989,72.0517791362916,62.075811098823,66.7499695641953,71.560827435356,73.2349286883463,63.7621225553697,68.832990207825,64.903509879186,66.9549848440559,72.6009159324557,67.420151888312,68.4290576688377,70.3782425416735,67.5643766650049,66.1423036311019,66.3274318664558,70.4588264353451,64.9103308919852,66.1224542349734,63.4751681856556,68.8917423993613,70.543630298427,65.3898651917483,65.7107821622874,65.2819306710459,70.6668419974209
88.2039292536565,90.849732916273,83.6433422861105,86.8559649502354,89.9996164045558,88.5725110677628,81.9993243393471,89.9454328750368,89.7278944919116,86.7105732126292,83.5525323908003,89.3117917156032,89.9140860520193,86.706366821655,90.6381810176176,87.1515752961729,82.2026126821972,87.5328147874571,82.8617974161726,85.7226315873246,83.5427241055988,87.7534553750992,84.657839086982,80.6160515381137,82.6405664465461,88.734259759262,83.4255919957547,82.6378038429727,81.2641577177206,87.0740529080259,87.6508053715161,89.4608667921513,87.4229277079584,85.3592531772283,87.6849391500105,87.4651376483,82.5662837256223,87.7982942104018,88.3882598584192,89.735796135133,83.37500307626,88.6404564742198,90.2181938878332,88.749545765559,85.3427585870632,83.1592420267496,86.1260797413618,85.483717754259,86.2954742323908,83.6881980808902
74.1893851747851,76.788729477931,74.1258550269225,75.0094036838771,73.6107896540427,78.1167043806901,77.6882779096476,72.6929918080609,81.5580493601789,74.7949890132103,80.0427724566239,76.6462976582419,74.0684309688709,74.946263650263,79.9425981321706,72.9523718857826,70.9056052116141,75.5030780454539,71.4735678829414,80.1164267044607,81.5924398455146,75.6941145174456,80.3171012918922,79.333897162867,79.477433618578,79.8810337915396,81.3791065685439,75.9587747459895,80.054164426795,81.7732210126103,75.6064918807143,74.9588098365861,74.1763648633568,78.8181588460184,75.6341739588707,74.1348076532996,81.8613029451074,80.4686055261932,73.9985853833638,77.4047613013759,82.2879950921352,82.1967330931148,80.1958229577434,78.893700643677,80.4188087571537,76.2897701663702,74.3063061613504,77.8236025221128,77.60381626845,74.6124781269376
50.5221451904478,52.2919386689975,53.5558915537913,52.7419917112509,53.1076740188323,53.4401043646349,52.9047445185781,53.0850188546345,52.5435620524136,53.8144686141097,51.810170186091,51.3437743353303,55.5711899888861,53.3913400563397,48.6582971276049,49.5082260677391,55.1788513902981,51.3267901604347,48.6727720624202,50.3532129121565,56.2312662296611,47.848686167218,53.628377391674,51.9137758841375,49.4363428888259,51.7642319857375,52.3069123048106,52.0878215869049,48.8724070307977,52.3762026473674,52.3841802217941,51.1906960507505,47.4752924228322,51.7223325255799,55.3259094123524,46.9516658207637,48.4989449211582,51.0269513241289,54.0586875061354,47.2213298513412,51.0157002195426,54.43052572199,53.6157179415848,52.20418910656,51.9294146984515,51.9522740328526,50.5119736347851,51.5630878023345,48.8987270076073,49.1149399410614
79.9353465517038,78.9757458809535,83.3236112716687,83.3063516398168,79.8018143981595,83.1274660962461,79.3265478229381,80.7351824026462,76.9149103046768,81.4816762723191,80.0417502717701,83.9701753231546,82.4349162237712,86.3341665177169,87.1744485532747,85.1879703803904,78.7498434909543,86.6050865176168,79.3807933335814,86.1872639244726,86.12343786191,90.5412242225915,86.6376492979647,84.6659392982384,82.8135065304217,85.0064931944513,83.1657844487961,84.5629656288902,83.6351403119504,79.442287873128,83.9701978928523,84.376825589013,86.6969866989626,82.1372524454088,82.01136040353,84.5832702698487,79.0978260009989,88.4999155206139,84.6756570872689,85.8315059952366,83.2303262874481,80.9917602854428,82.6668750166556,83.3722815621782,81.7793595966196,80.1553766462368,83.8236898117042,83.8475586740582,82.8419147389499,87.3764430409149
78.6929355044662,84.6740112015166,85.471045065456,86.6102282904117,87.3613092250458,88.4746238645401,79.5625661363808,87.4717101838531,91.6072758703742,87.4367683880758,87.6148201277026,86.2557724373435,84.2208871480792,91.3242850082909,85.2900476394713,85.3151885377503,90.9317864622766,85.1245840594194,87.9527644938235,83.3639904039952,92.5169968304057,93.5730612906671,82.226980256912,80.4321737502289,80.9967031569357,86.6310327143865,86.5989812445466,85.6381414656365,88.794290576882,80.644475769591,85.241475130788,85.7388240633539,88.096260206422,85.2423431029677,80.533771485559,86.5498243170435,80.2946053551227,78.9418082574619,85.9573898738426,88.9133316259645,87.1019334139418,83.2362577666324,83.6312617793275,86.4279214026164,89.2836670048996,86.011549206732,84.9640912069158,87.2795651820361,85.2879969406936,89.4450199951257
81.4914935456763,77.534861943224,81.6031069099099,77.5943338654701,74.3259717854894,79.2374123485028,71.5417620303391,78.3383372966928,79.3150162877968,80.0449797450705,72.7705082214058,76.503368853989,81.9385874673728,77.9433284823398,77.820246847129,77.4485489492275,80.3207776589436,76.2369886981008,78.3977402050122,74.6605333346626,82.5949864066336,82.9453726734288,83.6163759536311,76.9747975965231,80.4069743292485,79.4723927363781,75.6095606862772,79.4397637708686,82.0744666866745,77.2441949682313,78.1916071807549,76.101818126468,75.8425665718594,85.1024230898086,77.0674738154591,78.1320418858197,81.472431197793,78.3328851378027,76.9821650530507,79.0015568576918,82.7814392511392,83.0032944160942,82.5345618094919,78.8490704900682,78.0358647287008,77.0309299733649,85.6699919638229,78.5542679209296,81.748037674404,75.0516319098694
47.7264198074663,42.4283830279204,50.9359709062459,47.6033299828577,44.2078639379608,44.7317035540604,43.9438132146418,44.7809731747256,45.2275250870775,40.4620778198862,45.738886073161,48.6442900951335,44.1882908144899,45.9609248264943,45.3622998848789,46.0560324372475,45.0000096648552,47.9181777807322,43.2236378236176,47.7705812671911,46.7530187730262,41.7978556249573,45.1408292130986,41.6377574617872,43.5095991325432,48.5754147954343,47.5232223815944,47.1815691633098,45.4387257523682,45.6858940289843,46.787187716119,47.4082700769539,46.9027574357476,49.6609237146968,41.633070653236,44.1106699933741,47.3243163820319,40.1022050736993,46.7861235305382,45.0412197394627,48.3477430771288,50.2335081163495,47.0766484455347,44.602705847792,44.9801542610851,48.4164933909005,50.8648803702469,46.7957397019698,45.1341464462215,44.4876961240579
63.1822485608738,62.5332295649704,59.22960156364,61.0843907067023,68.4389644247649,62.7965009753513,65.2916730287548,59.1982528922242,64.0539160035291,64.2383779168581,58.6909128410601,58.5614004569102,60.0919767238255,64.4706083499348,66.1237031843855,60.640921207798,70.587493947233,61.4867102652649,63.8915382235898,66.1031346303952,64.8687199834353,61.6413821745597,59.2555370992193,68.2278767538074,66.4445143682355,64.4739370853673,65.5095660796267,61.4069654887913,63.4336678238172,62.6341354237803,59.2295839808272,65.5891712603075,61.4718036036974,59.77450581149,65.3578562750019,62.5156043811518,65.550001211221,64.3912850363686,62.0878250182258,63.2609721285946,69.8047384415767,60.5934756503262,65.0497582454248,64.810435959275,64.203955796399,61.7596877570791,63.7970457778379,62.3616979780833,63.0288883842632,60.5683508477789
80.1722132043374,83.6832270011631,85.7736426294347,81.0575287664589,82.5315905995242,84.8026661492329,83.952915776119,78.5553313039977,81.867780178689,83.3248920755184,77.8811354342411,81.9462692645071,84.9227485112552,84.8497294903061,80.5644348046207,83.304507203705,76.6238288770677,81.5918593557917,84.6394095785487,79.9046991379345,78.2741684038147,81.0264818896319,84.6696934753112,77.3240597309044,80.6751867091391,82.7119750940811,81.3261418750253,79.5366004501424,80.2035210803082,77.2977211888504,79.6925709060721,80.9239223615198,81.17025888704,81.6978425528745,78.300666668872,80.0724547920444,81.9224046301991,81.4796180520066,79.8494857693911,83.6462270300215,83.3252871707834,83.8347240091838,78.5642502538008,79.0786310135241,83.5166086761896,82.4416236882248,80.0432559041368,79.6828089646364,79.6536746531287,82.9522702625132
91.7530316191071,95.5072387039247,87.9772038089259,91.9401724910931,88.0710039121841,88.7346281845858,90.0874351061893,96.4989720227925,91.3237962005418,94.7369484887712,93.9377067757885,95.3331363558112,92.0265911241489,91.2221801161639,99.41395053965,95.401297033207,91.445611213245,91.4993576070946,100.212252372892,91.9128906262379,89.7156628044488,91.8284166360742,89.9465328262131,90.108528850544,91.6129685619205,95.1983947765784,95.535592553163,94.475580132347,91.273891433097,95.6613255935556,87.7897925845029,93.6850917918323,93.2160861036207,91.2935942823638,94.0721206425765,88.8269035981709,91.9286238945955,96.7552963680275,94.827731559919,90.3695829108326,89.550936530442,92.5802459552149,92.2615383356061,95.3467147167114,96.1258043180902,90.3566090362956,91.1265482171735,91.7106848374283,95.3745762166779,94.7556605512167
84.6095254651949,86.0994527638535,85.5669862128745,86.1746529337279,67.4772634106276,79.2844529919929,84.832445849556,71.1242777759825,86.3335406549393,86.2708084121349,66.0691548890858,86.2106300818728,68.4784009196143,75.5653967846418,78.6857956238827,73.8026333112902,65.0010708724043,69.2177690142115,85.9508583762907,86.0703188345563,72.1081525669341,79.3804269635415,69.6758353769535,69.8843127626221,78.6676862361497,83.7969437207085,86.6159765636355,69.6342915678994,85.8175524734703,70.5089062851334,69.3097841512425,79.0789300810139,85.7033645419158,85.4567346256165,69.3350055718451,70.3726742424468,65.2877171736352,84.9390712074755,79.5764784047298,84.1136312410413,66.0847625172444,85.5589679066806,68.0020935736543,70.2732558947879,85.855023011041,84.811556687065,68.7695999019441,86.0551641259123,77.4193709780951,74.3144944427589
83.7461843422712,76.6395457714327,80.9125851117398,83.0163045363584,82.974270818388,81.2651560425203,82.9638351223221,87.5804217469969,80.4743435266869,85.2147653847703,87.5023765260028,81.9830446488575,81.5984241996843,83.2346545196091,87.74265980856,79.6246144211543,80.0406373368566,85.2309382978037,88.5969306252393,83.9431697155661,82.9782324456958,85.4449380642857,83.6285270183121,86.0541435742,81.9750670505535,81.9836573445208,84.5291101499795,79.7256917356521,83.8507788454234,80.74481094022,85.3464014061117,84.9689070392353,82.6451722296841,81.2239310029703,84.2536788269365,78.8886837076515,80.9605021876523,88.5814046183848,80.0495986264128,87.375451578935,83.5755323896021,80.6926843732672,81.9468295153305,86.5350573007647,87.2418494206002,79.9148964751107,82.8033856839255,84.9334779822139,86.5602163238323,84.7605761754429
71.1043272259436,73.8266691293899,70.3041054586926,73.1183793423641,72.2732746349458,68.5507516532226,74.6920631916243,74.5930494594089,71.1758913092055,71.9091457044237,69.2904119489228,66.7735112784871,68.9916083452412,73.519921297624,77.9678927751063,73.7448874434162,68.1711258312551,71.7221642674639,78.2100851588123,73.1024699793346,70.9193100307844,65.1311620141591,67.9360186055026,64.9972912768985,67.956430282917,70.9001155843579,71.9939542804661,73.0291384984835,67.3509052462864,68.4977646865817,72.6897004056366,72.4009358066929,72.4663247282623,70.2249179780994,70.3304617075382,67.5537233574602,72.4011113934692,68.8510348985749,73.3013488838591,70.8095382515692,73.98251159705,69.1374512551201,71.3768747793401,68.3552524124825,68.611480407827,73.3466480937855,69.3714677377977,69.1799983924347,73.7234308090094,76.5675391579151
67.1188473274853,61.8626299418934,62.7882556139769,67.0040200556578,63.2678628760206,64.1352632965308,61.4800136821592,68.2792391960983,66.7817238542009,63.8079549004464,62.7166124686355,65.5283205956383,67.336535460835,66.431426798652,66.7866779924068,69.139889726913,68.7851856991924,68.0590600996402,66.8358079126926,64.2399505534553,68.0644180344763,69.8197360121146,67.4475257667843,60.428223636529,65.3175794003176,62.520286481929,69.2368910957784,66.5655450713386,62.6918000444625,64.4774553951444,67.5081845013721,67.6492986939095,67.707224752912,66.1639457354375,66.3642367210649,63.5298677077305,68.582496799693,65.3963301290581,66.3790916432452,65.7882617442177,64.9823710097358,62.1404390842158,66.8648281953287,69.1010689964712,64.6840275284753,62.6645609637094,63.7704863663152,65.2042248821227,69.1210836560604,65.215683202896
73.8571356998556,74.1983843328983,68.689884826145,70.2401539732055,68.9297009767151,73.4869071890734,72.7507195202226,77.3957461900593,78.7323504716391,74.9217685711629,75.1437903819235,74.9730137874798,74.8025087656114,70.3711994727627,71.9879022674413,71.82685307904,66.3994293831286,72.4162739289223,75.2392278089448,69.2420031897877,75.6342143306225,78.3683870581913,69.5985319660147,75.1153538764682,75.0187734348438,71.5194469001448,70.1233319236287,74.6869958303261,68.5795934073706,66.9831674463966,70.5513585774021,71.3143042331831,70.3384158868328,77.0945447982375,70.8263069179274,78.9750823030565,66.6919004630296,70.1273149066462,70.4562072384009,72.4835339438624,67.5059901252882,78.9551217809263,74.5984778643603,76.4888652392173,70.294001426637,78.3147169572491,69.4756681497078,69.0486686941449,75.6638512831305,75.8531429102146
82.4242252536971,89.5613576817577,76.9317075426264,87.4852796288465,85.8556341343228,84.337249765283,77.6281598219985,84.7859891908405,81.0802765364807,80.1641719839763,84.6687297303648,79.8887821850148,82.8894878131976,82.2538156852971,79.1208471540608,89.4615168964457,80.7283509835408,77.7861959760431,83.364198176443,83.1350427472686,83.1260701551097,88.2847017568042,89.9981775884282,75.8603837345897,79.6654845075283,89.2716090522548,87.3384706129343,80.1594164506924,87.0257591648691,89.70476196301,88.005067344364,87.1286950915195,81.0639918799754,85.6103979767284,80.633225240821,85.1649183780518,83.6191523549825,81.6805009282752,86.3902831660728,80.8835436323752,83.8361699878528,89.0466850972662,86.5176720640994,80.9273974084688,79.0487423670361,82.3498262866021,84.9212793780594,86.8111133737188,89.4369498020719,82.3072738900489
63.9649698198193,66.2060027253201,70.5101636814488,64.6710303512023,63.4645389888718,65.6878640074174,66.982896752545,62.6756633921652,68.7009299743454,67.2712405546682,62.1389758467492,66.0858225269705,65.6280535337222,64.0086628164525,61.6910390059804,65.468863693013,68.0391329442474,66.6729182503823,70.6560183004418,63.7520259193024,65.2631783517012,65.2019268877092,63.9664526054185,65.7272353630625,65.9401218927283,68.0650368771634,66.2255824771992,68.6840287310799,67.7431844608651,66.3137363052979,65.1871005500586,66.057613930577,64.7596327966535,63.2858025273281,66.3573015245238,67.6114448662795,61.4043892634363,65.4607188099386,64.5295283191021,66.7370515893369,64.7431367601777,67.8966255956364,63.9570401850108,64.6062925355708,65.1992927148501,64.854298728495,65.4255233612273,66.0367844392931,65.2329532322419,65.8456515293404
66.1547484138585,69.3235740804441,69.2968788312295,70.2049628064371,65.6389411232905,69.9755377676511,69.2744731124045,64.8206678757641,67.7561669912866,71.6339705839753,64.264524523184,68.3454214983615,71.8936762773082,67.5218621970268,64.9859867577077,66.3771116059144,63.2267548708981,68.0213985828579,63.7334775292315,65.9333436780104,64.1504285140576,69.582915538147,71.6700513620077,72.7349378742566,71.2115960379781,71.7892265114583,68.4915797910169,68.3877508855398,69.3621482323968,68.5820286813837,69.5777410356323,66.9361834183838,66.9786291385873,71.2895309669102,67.4427696496591,68.4527372267811,63.5058656055627,68.7569531324414,67.9840152288197,70.9052916108883,72.9408144869175,71.7485605647953,71.566332032846,63.8459467279489,69.6807921642221,68.7281091961012,65.7943219175849,69.2184612209391,68.3770454407964,67.9080262960542
87.4113345190512,89.3574586342711,91.4833238574443,88.3772268146942,86.7292758692627,81.7420381657105,83.026557355108,91.4137761398714,82.7691907378554,87.8479845891422,83.9887720908409,83.8696401648559,81.6729429829115,82.3484859445659,90.6465543838872,85.5763292338711,85.3838598436346,80.3917915894226,92.3207655853083,81.4418794353088,83.1485841339185,79.1423870129592,84.7704698295632,89.8211257528891,83.1881989320447,90.181774572774,88.2289203204366,89.4972823561692,85.7947992353561,81.7050779957184,82.7163469381101,88.4719668921943,88.5008680206477,83.6573253068699,89.1157179748909,90.4491847896045,84.9312716531357,82.6038557623696,86.913033736461,91.1997917049023,86.6236059836039,89.0131843558036,83.7929743679208,83.362977471798,80.8039288235107,83.4440481210188,89.317786507036,82.1303334856518,81.797103102745,82.1971794277402
92.3284549273531,90.7162531532377,91.064599916254,87.3305643714427,84.7605952634946,89.6231988037948,90.5860769292793,87.9676387908499,93.1641777235391,87.0808678831588,92.4154495178209,90.0698146699248,93.0064105490767,94.2538379875517,86.6093612259087,85.6362034892029,93.6279250259674,87.9063478737034,92.8801505797658,89.4566765987591,95.901368834272,94.7786811899273,91.1953214363582,89.8475961390231,87.3567590469889,89.1128978454072,89.4280602536196,89.8400621587471,91.6154027157766,83.2793768165217,88.0264546338084,90.4466864416026,90.9113332003336,85.4587936433035,92.3332792495004,89.3774202002002,82.9182516370642,90.7507594036136,86.1295081253732,90.9072455255058,83.9315701630556,87.1956522864563,91.1682866551518,88.5435751176783,92.0429714486446,90.8226104780215,86.4930012191077,87.3146972048372,89.2787202320907,90.8784003545831
89.5021970568752,91.7230882852369,84.7817885243214,92.1107257509615,91.0132447134186,89.542141748668,89.9639047375122,87.6971272383989,81.8676127061282,90.2327714046738,86.2646083309067,92.466957043767,93.486852372211,89.9188012038682,89.8064809162465,92.5344446663825,85.5408660181969,89.6246381045483,92.7009852629499,88.5036390381817,96.9345112748561,94.6051109117279,89.7076581048662,91.9674574100172,88.730583579645,92.3375660160749,90.3381574766636,91.6366501220951,86.2452171289818,86.2932487144591,88.3517672213707,90.2493540677906,91.4446511583371,88.5512758011123,91.2450676564965,86.9977342950724,85.918672693028,93.2369985447877,91.9782597771467,93.3808091862321,88.6038310621961,84.2696541932533,89.4892942203545,92.4817588610479,88.3496792957818,87.5192884929604,89.1133176356963,88.955702202393,88.1933307601324,86.8888294261814
72.1849312253451,80.031447520995,80.0440727135222,76.3407035761538,78.2353665413568,74.5956967084198,71.0598732760599,82.4595256422131,80.6225373774933,79.0514051123953,76.5975995561324,74.8415866146238,74.9937328429089,76.2622268618136,76.343121215686,81.5216768243614,80.7736156146807,80.247048630425,77.9106579692719,78.2541061111196,82.4313256837451,80.448946420158,78.9939975932284,73.6536829469888,78.4470362848343,81.3485658141856,79.5867207967229,77.8820165511366,78.0313310003703,78.4496279838268,80.3567985897057,79.5652941248337,75.2971520799543,78.0125673022807,81.9079404797585,76.3766173125353,78.3159102242887,73.3488566398547,77.9767737758062,82.2674824743722,77.2324261440864,78.285214560357,75.5741985580548,81.475861538407,74.8404188907703,81.0826060836203,78.2349999678886,78.3782818984475,76.5301358811234,78.1246766755763
50.3705317145116,46.6631978082835,48.171631889036,48.6848233029984,50.0263154724209,49.4585015329016,52.7983002819363,49.4029420017104,50.7929681333511,46.9070808986993,50.8382446595721,50.8275652658296,50.7680521672011,50.3102193650115,49.6859229272618,47.3116017935271,50.6945894368233,48.9081611835038,49.1231549034379,49.2836291682648,51.1865246216187,46.7949337188977,50.4594468445243,50.9474346257653,49.2575193323258,51.1250051697478,46.3914304185988,48.2164387745569,51.3521715714941,52.2704027043822,50.3244683800088,51.137146417655,49.3732019515421,53.59104892767,50.2685521957368,48.4392363174539,50.377482018733,50.3990179311181,50.3372870871521,49.1575524926022,49.4993453928312,50.5731312190786,50.8624363512611,48.9173785943129,49.7849878591111,49.9073307426458,49.5753406781779,50.3438033311324,52.1135005128218,49.8612100450233
39.3559421125762,36.6845465888404,37.6323728155461,39.7908535865375,39.2273882428924,38.548983420522,37.0194561499575,41.1575424951396,37.3973393402113,39.6772124082892,38.7215844443973,39.6095116325463,38.2657602985514,39.7396882244175,40.5070028706554,38.4726605461342,37.6144986505506,38.3721720503386,41.3091979237538,38.5031941975872,37.9477743000873,37.6137641547557,38.6296276047674,36.7577602493826,36.6388933701208,37.906112331684,38.344811232523,37.3719104314553,37.4145450502986,40.7407378130165,40.1073016771135,38.9191909795145,39.8464289304059,38.1318552996272,38.5893849682057,40.723462785747,37.7808158915855,40.1420416927827,40.444965359818,38.5943140357909,37.2494555500748,38.0062099191572,38.5640503007008,38.0049159999685,38.5623219410643,37.6486337434368,38.9618625700712,40.4139469923396,38.3771604637015,38.1418999003787
67.4217622289882,71.1023588069767,62.0925263459764,69.4544802302961,61.2534790954379,66.6683591138906,71.9359474261854,71.8402260663096,69.8518422991714,62.9876308788397,69.5604535290024,70.9718219731291,63.4917458621905,66.2672372664784,66.7246494822767,66.0785652774072,65.6554300635622,63.6869347371369,67.9930136890319,65.8216137210816,63.3939831191248,61.4055415186225,67.1161958409945,70.5883979632101,64.6884875410839,65.4242589134623,71.1232324803693,65.623489590527,64.4593927486661,66.2331171808769,70.008361210895,66.6409005748628,69.5515399279412,63.9488981315637,62.4255438820156,65.445516381352,65.3478893499064,64.1646410960072,67.8957429934288,65.7327182448154,65.5635663083424,61.2108326592523,65.0182158630909,63.3452454021236,71.5622026606194,70.6405812286271,64.0230083974858,68.2761039746865,71.0041497548,66.3271752523505
55.4629642974194,52.9730725467341,52.1214203838119,52.6627302012809,57.8191986374118,54.2500755212637,56.0137401079265,54.9670444338709,55.2233296403819,50.2638407698651,53.8795009851561,52.2859605378062,55.2459698325293,54.3521132780804,53.8170446794958,52.716215611997,55.078542708491,54.1404513052989,53.0512192325612,57.6666676789005,55.5625408154275,50.7057475047134,55.3071693780013,52.0530004199125,53.929352532022,57.22085021195,50.7588955045199,55.5708793322358,53.7397393635713,54.7734477825641,54.5893113020066,56.2103606751654,54.4254184720831,54.873596008744,52.2222826062779,54.0756233725475,55.2116615396764,49.4930006237343,54.0628937374011,56.492005412486,53.8935271625468,54.6010259486204,56.7014613743806,54.263141940226,54.4541876523018,55.5222754724704,54.82587740161,58.2308480155467,57.3262027125122,53.7334934443229
51.9825176295495,52.4315883045821,51.0965349065991,54.5004287250967,54.9699367921286,53.2887689669878,59.3145511592346,53.2210811108032,58.7765508655453,59.3224040514062,61.0483760809284,56.1147701838426,60.6122840088928,54.5725122697236,53.0614662483787,53.5538955719866,51.9123500727175,55.5507908495755,61.1451697264575,59.9565879297541,52.3248739099119,54.0968656925068,58.185966528832,54.9430728962772,59.3474229436485,59.4109700945175,56.235008521256,55.6115053674574,52.1104047398288,54.6159496310782,55.3542866155299,53.9666215077031,57.7435578455614,53.7388251174711,55.2956036515615,56.2038785998046,60.1242171189586,51.2890871679322,60.1404904307337,56.6702971769502,54.3120212195787,59.5715084422452,60.1707800784601,51.9260375303548,53.5731139492633,55.8539140636546,53.2489678302219,53.9849464790835,56.140929530063,52.9760625211315
60.7112606031984,61.5956166355509,65.3413121170298,59.0700806046488,59.0463130326777,62.9483270011654,62.3173867762057,66.4020193181846,59.555200352519,59.9961782136095,69.1869586480706,64.6481448043097,59.8433070584719,66.4736277003779,58.7857744184081,59.048581943318,56.8764663206934,60.5641070828007,57.3321697645984,66.415025207827,66.5708865847648,60.7176412046444,67.1014198620964,67.4017526178646,67.3871670721883,65.8719498158478,60.0657473641825,60.9296961321522,65.7845770265732,61.6943953234358,60.8026250516543,65.3803815685724,62.9961163930417,66.6471435581722,60.6697899555186,61.5782103593847,68.8613827247021,57.2363196570565,61.1568632464793,58.9506460506966,65.3582484264692,67.5183237996869,59.5015613899661,66.164134283804,66.5752592695244,66.4898856551919,67.8188729545464,67.350563535604,64.8331993380872,59.6294384628213
79.8549539694374,77.557207630458,84.2433531048333,82.0752680338543,81.7613491704201,79.6585560817887,78.6186190109954,80.5003894909546,79.9531530394444,81.3821885564327,72.7928716399409,79.5997410704284,79.7817507277858,77.7289987738057,77.3002422962189,80.0044579260772,83.6222511618104,81.9959256857778,85.147268543215,81.3329290852371,79.0036092593704,79.9841553598135,78.5750473800026,81.8324549557319,81.1140950734687,77.3072628499077,81.3950187792469,79.3899196746941,76.4252738644009,77.6839401386057,80.1787540119131,77.035178382555,83.7666761599014,79.9871959355762,81.0018029506619,82.1371467054665,81.1140112347935,81.0379339196132,77.0061570131731,78.1795283543883,72.8107366902734,78.697224624645,80.3161448364892,77.4263960963806,79.3406412022049,77.0534824404393,78.8981824428878,74.4745661402475,80.9388217049945,78.6626895626833
72.6083475296175,82.3206552611072,72.6191947686531,73.0344801094098,77.9667714653455,74.8622500906281,75.356723560184,77.9297040962265,72.2040521212105,69.135747329361,75.1845354464231,70.182170113123,80.1632218067143,77.9231095215655,71.0718948681739,68.8037109724076,77.9751993225099,75.6403233370236,76.6240209737939,75.1211998888038,77.5569450432941,76.8925781657042,73.3940283331517,69.8278459325278,74.8781518932766,77.6470441024219,68.14719155772,70.5315999695583,76.9424242411546,72.3574601250684,74.8825586402408,74.4877718359439,80.5247026301407,78.6884003601154,72.070777664659,75.0343087714265,76.3511198220497,69.4251614102553,71.5208639772589,73.8190709469638,77.283322671684,71.7686288770815,79.5227631362492,74.3540529714557,71.6411335795312,81.785633305452,73.4497517852063,78.6204431676663,82.8751470950822,81.0190104037912
82.7483198471629,69.6348209846964,78.5993987410113,68.0204800208048,66.7510043482676,77.6366531625251,74.2207504891133,70.3587334984723,73.246754538832,67.8260652112362,65.3581097354871,69.5094395442359,67.7415401870022,73.6107859099665,80.7048171555767,69.5585961818953,80.1538307411846,79.9228435805927,64.8166578259956,67.0537662638437,79.662432995221,68.6437626104107,78.805972141816,69.1320706177081,78.266437484556,80.5767392906725,67.9086860226671,80.1445750242505,72.7197798099327,64.8663719691625,78.2545707434817,79.6550662732208,74.7296277477061,66.5636393530932,68.5886475010608,79.1883765376097,79.7836604362078,81.8373012788568,69.1411190333598,81.6627404083462,78.9527621363139,74.2260811932609,67.2702000493468,69.517066463472,75.3129216843605,81.8046583784381,67.8886840754097,66.8670452445416,69.5403139736012,79.2954709996197
66.4542689343447,68.7811066990715,74.7720897952764,67.186694281579,65.9328315884391,75.3144192542795,72.824860692426,65.1146356838282,72.3633837707246,66.9947423039797,76.3592617184809,75.3204001431908,66.9111108142402,71.9371473816717,74.9865093019533,75.4222234076239,63.5130814425496,74.6371672317957,64.0220171140612,66.2317625100892,70.0344383284224,75.5425152306474,75.5920388243219,75.7633193711122,75.3877279556878,68.5600654651165,68.8023618218517,75.1308515586171,71.7587584584947,64.0711974836046,67.7231908362717,76.3194169586862,67.2819470208076,65.7475630244117,75.9224201273401,68.761929307311,63.79329790524,74.3043243348089,75.7716930408565,69.333604180549,64.5721671864292,72.5539426204767,75.6515831482503,68.664837877719,73.4954322339522,68.3351118598039,75.7797990029374,66.0473489494301,75.1780465885087,72.0344963723064
69.5820793302294,63.4920896228131,71.217396379855,81.9550101683818,69.0397930561775,73.6013804615422,72.8636464838739,68.1792104367828,81.065812439603,69.6348970982152,81.9103942385125,81.9030662136794,70.0630986724942,82.6536334545191,74.44090343341,71.0561830161965,66.5033406067385,81.6387233077393,82.0430779209199,69.3489851251249,72.5070091244015,70.9932652753857,69.3855963236455,68.6708039003795,65.1519424209764,69.6914633625576,81.0091397217698,80.8595715709946,82.681469473262,72.1352760624579,70.9091510988966,66.9320225470183,75.136734764296,68.8428533028622,82.7455888753532,71.9994374416578,66.7973789451179,82.7749630466583,70.1403572874841,76.6269703583649,82.3391745030172,68.6081592085796,69.5722857744406,71.8988598887105,82.7401929423327,71.5505554351721,68.8819566395064,81.9262620093632,66.2246302122474,82.5955640381064
63.1625543724332,66.5451843959347,61.0405985454014,62.5882743598669,68.8795467328675,66.5384072101343,66.1423479668882,66.0539445162682,67.8308266238315,63.6778714308853,70.5002740786168,65.2567783445051,63.5979937157202,69.5396899810633,62.9471106500042,67.475899513337,69.5396140065731,66.3120101383573,67.1729623961982,62.7458971387739,63.5134785436812,64.4441761265867,69.1711558288066,67.6061960952743,67.2664051023263,65.1644000168875,59.4705044146063,64.6696568744746,60.4722689755416,60.8993922057644,62.0680168836863,63.6187571516493,63.94907644565,62.4917152156985,64.71788058374,65.3564271344465,60.6339185417308,72.203711216877,63.7366712857709,65.8992436355786,71.1237932600438,63.3598590100177,64.8253072905338,66.6564935759354,60.8863104478268,64.9502732103169,70.2419837444522,68.0249534715368,65.2849117022914,62.9299568444614
97.3806985530281,100.828147118626,104.993230984395,96.6148480909057,93.7835893779856,89.7188134118018,89.848450847665,92.8542084774283,93.2241503800539,96.3394910628984,92.1648836401547,84.7502312419384,96.7889844454682,93.156516363176,93.3621260786413,98.799007362103,93.8639250870372,91.2156017177733,88.2572703243004,95.2427022316329,92.358836583853,93.7575245711946,91.5878126952055,93.7153427872171,92.6312629726663,93.0388439113676,98.9375029536144,97.8395992911888,95.859345463275,99.0665216582264,93.1399830511707,91.1467248887059,98.2843758005847,99.4407221238316,97.4227197856474,98.8802424421855,91.0497187652617,103.34997514113,95.0941878645451,99.7002916862332,98.1429949746187,102.028378102128,91.5520163752527,98.7420208137964,99.5486506015205,98.2649601661385,103.657115236465,96.8956476869536,100.781791028768,98.7751671835101
58.4628054228397,57.6698850611089,59.2224201755127,57.285583864246,55.2824051836491,56.6153114945368,52.7714342437428,58.2685511799247,58.9997311687059,60.0334363973901,55.0978067307676,55.3156089727664,54.1661944064322,54.7568152291705,61.2548823761299,57.6053300618221,58.3448617410745,55.1045384758437,60.9744169617556,58.0503547846538,55.7098396570452,58.7074033907824,55.1696873292523,56.0845209013925,56.4190134572782,57.4839145438515,56.2387470002275,57.1960671519826,57.3804102324461,57.7632583099216,54.8122882719767,57.7295835768728,56.8892978262122,55.1259947536442,55.7582051509799,55.5920749612072,58.1751014114311,58.7099739824717,58.8401420674674,54.6985490697186,56.5529155628861,56.0585356560277,55.9143517462913,54.3630743200844,57.738567800792,55.8770106943754,58.0170666052314,55.3777955859465,55.3222848261071,57.3706861831576
46.7092839731398,49.9753392153215,46.4869429430454,47.3402165417938,46.5065829532545,51.1483050671461,43.7784190816658,47.1022178632663,46.957272764133,46.0509375370263,51.6897872191682,44.2210014360637,48.6888128042818,46.7394114413076,51.28523215404,47.6057639678109,48.0814381649618,48.1394688189986,46.4603396608306,48.1939661578276,47.3664947315732,49.3354333003983,49.7470827821075,49.214041162631,46.6813889245971,49.8870019946242,45.5857375973089,49.5080625825048,48.5378364433742,47.0144525770908,48.0056848223364,48.2034921313713,48.0989377555499,47.8687408492274,49.5629560855938,50.0348309210364,46.4189924061725,50.9559193088364,47.9793860291681,46.1618644039199,46.6120748480735,47.4388152743484,45.7511427794716,45.7068945995293,50.3728129346136,49.7237281548126,47.835183824839,48.411297048404,47.7882420638093,47.3009658933419
55.7952033859174,57.1623662851949,56.7514898166195,54.4563024538834,61.026999226984,55.7170672487293,57.8271371180833,57.3981134860306,58.0442909331387,58.4545018085682,58.2159345279799,57.3052140880558,54.2333064744561,53.9884257555104,59.1406986395474,54.1896062049956,61.0359733546492,56.8448273703732,51.8898711374988,53.6812243624362,58.47646775567,54.9529215612539,57.9091009131806,56.3928120550923,56.6036344062749,57.7299651688592,54.3638306259373,58.0624349952462,58.1565168030892,55.8376268858755,57.1962044321568,58.3345800941379,54.5320918573819,55.8291375090225,58.4446327689707,55.732136230956,57.7811423855111,56.3774344834997,53.753812785372,56.1951427239434,52.3359656582133,56.748076080476,57.7236220574948,57.6280819830017,56.107816586428,57.689816691387,55.2856080365313,56.9776794995385,56.8000128588977,56.1024978524146
90.6971355834963,91.2651329874601,92.2696929367516,89.1493479473168,85.5197886434279,84.3804723175847,82.1713642559824,92.2114546198108,91.5357867826028,85.1239136966922,86.9525903650561,88.789633041879,88.7844935903178,87.0149977517569,86.5105880933442,91.1634303845351,90.2390996721798,86.2069081824307,84.9486355638801,90.4130971841392,90.9687146432374,90.1799050604486,90.3782383662726,90.6057885279637,88.1091418413716,87.8562403269812,84.7105032683127,89.5428917604687,91.2366587954299,87.9332816044488,88.9290189339129,89.2427937440897,87.2949836067156,93.8233245252806,86.8195963712499,91.2386434604079,84.6458298657543,88.2696914029413,90.6145963197137,85.4117638932036,85.6802923678161,91.0353472636584,91.1055627363947,91.1114922979955,91.8548609768528,90.6717037382467,95.4848734111487,88.3063977985861,90.3225517204868,92.2138249928706
56.8927010544773,56.2646551829973,53.8648597213501,50.7485449274699,56.7645884531256,54.7963031666731,50.4947054728262,56.161911441812,56.9049890560582,54.8033236274971,52.9020787252236,55.5893337023475,51.9773911639224,52.7498487080054,53.7775787177203,57.1187386508459,51.9540273880822,52.8458688964502,57.3738726345521,55.0664681077922,53.7264759516971,55.4617802425639,53.7863302642143,55.5684397219842,53.354552792804,51.8622138307918,56.280473482636,54.5249091384428,56.5065501098596,52.4111639991224,51.1860713840866,57.8120453749364,54.9002147684376,53.7831335260703,58.3824741788906,54.2866876987649,57.1814328706583,56.7884160557223,57.7268339056849,52.3347052070783,52.8211128488885,55.4354416942839,52.1077255506152,52.010130376987,57.1712730554466,54.5023889061045,51.1797588421343,54.0290777308946,52.370744884763,52.097909001214
57.8578923703527,58.2735987268518,60.4223393286278,57.7127400267184,56.9172273443931,57.3723553780862,60.3237099338219,60.0137501564856,59.4533330413642,58.0606087432891,59.8729770279342,57.5584172860595,57.7840409936405,57.1723395042854,59.0850306389124,58.6951715230334,56.6503562285277,58.3888775861262,55.2869976776655,61.065047044759,59.9427377292408,58.8654963940929,60.2781960231781,60.1801449636508,56.7997163449897,59.5441649769341,59.4147326310575,61.0139550964521,56.5799329513318,59.4930799061251,58.2473296280533,58.7126487765999,58.9213588589255,59.8064861568578,58.5048079228003,59.3810730406594,60.0476470713001,56.5694751082418,57.0654092634944,56.0341877546879,58.4727568827094,60.7539450480459,57.3791644085569,59.2980972897157,59.7813195272218,55.4102165290806,57.2265848355273,59.4130744078424,58.7821097415935,59.6587849704915
95.3202238997639,97.2093246151831,97.437056557349,96.8605167846782,94.4747367072677,100.717718474414,99.7081376387085,93.2971542485124,98.5572173114862,95.9947830018792,100.382265154159,93.9388352562643,91.422884716014,95.4964864524096,93.8006936338614,98.4434153920006,96.9278314319252,93.4230454435435,96.3441424770335,94.9001468995251,99.5817026882319,97.2754559726607,93.5486527407957,95.660079298355,94.3202591130224,94.4222558321131,96.1066828471803,92.8878796697026,91.5006949360004,98.7117400673884,97.0365413833688,96.5301014661583,96.4033939716342,94.2058004437735,98.0958476749148,98.5257032177865,94.7680897076164,98.9893338657441,97.8515597353736,99.343915737861,92.522832883105,94.7240148139685,95.2036429068808,93.1452650707179,99.1904870770471,90.4276774699017,92.749640032277,95.2413006977187,93.5517411572573,95.6674923413469
115.702545656915,112.065154262677,112.123715999253,112.012066233714,111.406568546515,122.386382611382,121.160055850171,113.369776758565,114.460882108748,114.33328092103,122.025023306088,119.536488440743,116.569520454676,114.287377126789,121.4973259979,114.018455961246,110.583232805844,117.095330825854,122.901451049782,115.3173332486,119.963935795031,118.049607812254,114.727170055126,114.141359214287,116.918131403711,117.138774338537,116.783270388233,117.480975973623,116.278908843921,111.556021918118,117.912722182463,119.795518070483,116.392432849547,114.472986523082,117.956789014591,112.105368344554,122.005960773831,118.578674275679,115.839559459502,113.836697692676,116.287619802084,118.188988514694,115.686629136685,115.365213798147,117.557886684949,121.888185546385,114.921083717872,113.907995276129,116.733777948229,118.548661168086
57.0185016098001,60.7933040411771,56.7088994228559,53.9897536664138,58.278009570332,58.5692909111274,66.1580312657377,57.5518281362617,64.9541075839268,65.8631891697797,67.9110369141736,56.6422361787699,66.979538293109,57.2686630753048,57.7532121709409,58.0847973022702,57.0310493409486,56.9241687603711,66.8651069270254,65.4688954839164,57.4105228307471,59.9267238244592,65.387102616144,53.4180687018516,65.4083743720563,64.3079900939529,57.1729957118881,54.0332525414748,57.6248358458626,56.6297259562696,59.8588198433276,58.906359976312,62.931378255742,56.9276325749985,59.879504385565,60.7775136215982,65.5664311259927,58.0090056256512,66.6015065275419,54.7453798956519,57.0730872897099,64.874310869968,66.4625862354667,60.691170766446,56.4850970493264,53.2190218240789,58.3681322368959,58.3778645273294,54.6136067312858,56.3532132148077
