0,0,0,0,0,0,0,0,0,0,0,0,0,0,0,0,0,0,0,0,0,0,0,0,0,0,0,0,0,0,0,0,0,0,0,0,0,0,0,0,0,0,0,0,0,0,0,0,0,0,0,0,0,0,0,0,0,0,0,0,0,0,0,0,0,0,0
0,0,0,0,0,0,0,0,0,0,0,0,0,0,0,0,0,0,0,0,0,0,0,0,0,0,0,0,0,0,0,0,0,0,0,0,0,0,0,0,0,0,0,0,0,0,0,0,0,0,0,0,0,0,0,0,0,0,0,0,0,0,0,0,0,0,0
0,0,0,0,0,0,0,0,0,0,0,0,0,0,0,0,0,0,0,0,0,0,0,0,0,0,0,0,0,0,0,0,0,0,0,0,0,0,0,0,0,0,0,0,0,0,0,0,0,0,0,0,0,0,0,0,0,0,0,0,0,0,0,0,0,0,0
5581.92,5581.92,5581.92,5581.92,5581.92,5581.92,5581.92,5581.92,5581.92,5581.92,5581.92,5581.92,5581.92,5581.92,5581.92,5581.92,5581.92,5581.92,5581.92,5581.92,5581.92,5581.92,5581.92,5581.92,5581.92,5581.92,5581.92,5581.92,5581.92,5581.92,5581.92,5581.92,5581.92,5581.92,5581.92,5581.92,5581.92,5581.92,5581.92,5581.92,5581.92,5581.92,5581.92,5581.92,5581.92,5581.92,5581.92,5581.92,5581.92,5581.92,5581.92,5581.92,5581.92,5581.92,5581.92,5581.92,5581.92,5581.92,5581.92,5581.92,5581.92,5581.92,5581.92,5581.92,5581.92,5581.92,5581.92
0,0,0,0,0,0,0,0,0,0,0,0,0,0,0,0,0,0,0,0,0,0,0,0,0,0,0,0,0,0,0,0,0,0,0,0,0,0,0,0,0,0,0,0,0,0,0,0,0,0,0,0,0,0,0,0,0,0,0,0,0,0,0,0,0,0,0
0,0,0,0,0,0,0,0,0,0,0,0,0,0,0,0,0,0,0,0,0,0,0,0,0,0,0,0,0,0,0,0,0,0,0,0,0,0,0,0,0,0,0,0,0,0,0,0,0,0,0,0,0,0,0,0,0,0,0,0,0,0,0,0,0,0,0
0,0,0,0,0,0,0,0,0,0,0,0,0,0,0,0,0,0,0,0,0,0,0,0,0,0,0,0,0,0,0,0,0,0,0,0,0,0,0,0,0,0,0,0,0,0,0,0,0,0,0,0,0,0,0,0,0,0,0,0,0,0,0,0,0,0,0
0,0,0,0,0,0,0,0,0,0,0,0,0,0,0,0,0,0,0,0,0,0,0,0,0,0,0,0,0,0,0,0,0,0,0,0,0,0,0,0,0,0,0,0,0,0,0,0,0,0,0,0,0,0,0,0,0,0,0,0,0,0,0,0,0,0,0
0,0,0,0,0,0,0,0,0,0,0,0,0,0,0,0,0,0,0,0,0,0,0,0,0,0,0,0,0,0,0,0,0,0,0,0,0,0,0,0,0,0,0,0,0,0,0,0,0,0,0,0,0,0,0,0,0,0,0,0,0,0,0,0,0,0,0
0,0,0,0,0,0,0,0,0,0,0,0,0,0,0,0,0,0,0,0,0,0,0,0,0,0,0,0,0,0,0,0,0,0,0,0,0,0,0,0,0,0,0,0,0,0,0,0,0,0,0,0,0,0,0,0,0,0,0,0,0,0,0,0,0,0,0
0,0,0,0,0,0,0,0,0,0,0,0,0,0,0,0,0,0,0,0,0,0,0,0,0,0,0,0,0,0,0,0,0,0,0,0,0,0,0,0,0,0,0,0,0,0,0,0,0,0,0,0,0,0,0,0,0,0,0,0,0,0,0,0,0,0,0
0,0,0,0,0,0,0,0,0,0,0,0,0,0,0,0,0,0,0,0,0,0,0,0,0,0,0,0,0,0,0,0,0,0,0,0,0,0,0,0,0,0,0,0,0,0,0,0,0,0,0,0,0,0,0,0,0,0,0,0,0,0,0,0,0,0,0
0,0,0,0,0,0,0,0,0,0,0,0,0,0,0,0,0,0,0,0,0,0,0,0,0,0,0,0,0,0,0,0,0,0,0,0,0,0,0,0,0,0,0,0,0,0,0,0,0,0,0,0,0,0,0,0,0,0,0,0,0,0,0,0,0,0,0
0,0,0,0,0,0,0,0,0,0,0,0,0,0,0,0,0,0,0,0,0,0,0,0,0,0,0,0,0,0,0,0,0,0,0,0,0,0,0,0,0,0,0,0,0,0,0,0,0,0,0,0,0,0,0,0,0,0,0,0,0,0,0,0,0,0,0
0,0,0,0,0,0,0,0,0,0,0,0,0,0,0,0,0,0,0,0,0,0,0,0,0,0,0,0,0,0,0,0,0,0,0,0,0,0,0,0,0,0,0,0,0,0,0,0,0,0,0,0,0,0,0,0,0,0,0,0,0,0,0,0,0,0,0
0,0,0,0,0,0,0,0,0,0,0,0,0,0,0,0,0,0,0,0,0,0,0,0,0,0,0,0,0,0,0,0,0,0,0,0,0,0,0,0,0,0,0,0,0,0,0,0,0,0,0,0,0,0,0,0,0,0,0,0,0,0,0,0,0,0,0
0,0,0,0,0,0,0,0,0,0,0,0,0,0,0,0,0,0,0,0,0,0,0,0,0,0,0,0,0,0,0,0,0,0,0,0,0,0,0,0,0,0,0,0,0,0,0,0,0,0,0,0,0,0,0,0,0,0,0,0,0,0,0,0,0,0,0
0,0,0,0,0,0,0,0,0,0,0,0,0,0,0,0,0,0,0,0,0,0,0,0,0,0,0,0,0,0,0,0,0,0,0,0,0,0,0,0,0,0,0,0,0,0,0,0,0,0,0,0,0,0,0,0,0,0,0,0,0,0,0,0,0,0,0
0,0,0,0,0,0,0,0,0,0,0,0,0,0,0,0,0,0,0,0,0,0,0,0,0,0,0,0,0,0,0,0,0,0,0,0,0,0,0,0,0,0,0,0,0,0,0,0,0,0,0,0,0,0,0,0,0,0,0,0,0,0,0,0,0,0,0
0,0,0,0,0,0,0,0,0,0,0,0,0,0,0,0,0,0,0,0,0,0,0,0,0,0,0,0,0,0,0,0,0,0,0,0,0,0,0,0,0,0,0,0,0,0,0,0,0,0,0,0,0,0,0,0,0,0,0,0,0,0,0,0,0,0,0
0,0,0,0,0,0,0,0,0,0,0,0,0,0,0,0,0,0,0,0,0,0,0,0,0,0,0,0,0,0,0,0,0,0,0,0,0,0,0,0,0,0,0,0,0,0,0,0,0,0,0,0,0,0,0,0,0,0,0,0,0,0,0,0,0,0,0
0,0,0,0,0,0,0,0,0,0,0,0,0,0,0,0,0,0,0,0,0,0,0,0,0,0,0,0,0,0,0,0,0,0,0,0,0,0,0,0,0,0,0,0,0,0,0,0,0,0,0,0,0,0,0,0,0,0,0,0,0,0,0,0,0,0,0
0,0,0,0,0,0,0,0,0,0,0,0,0,0,0,0,0,0,0,0,0,0,0,0,0,0,0,0,0,0,0,0,0,0,0,0,0,0,0,0,0,0,0,0,0,0,0,0,0,0,0,0,0,0,0,0,0,0,0,0,0,0,0,0,0,0,0
0,0,0,0,0,0,0,0,0,0,0,0,0,0,0,0,0,0,0,0,0,0,0,0,0,0,0,0,0,0,0,0,0,0,0,0,0,0,0,0,0,0,0,0,0,0,0,0,0,0,0,0,0,0,0,0,0,0,0,0,0,0,0,0,0,0,0
0,0,0,0,0,0,0,0,0,0,0,0,0,0,0,0,0,0,0,0,0,0,0,0,0,0,0,0,0,0,0,0,0,0,0,0,0,0,0,0,0,0,0,0,0,0,0,0,0,0,0,0,0,0,0,0,0,0,0,0,0,0,0,0,0,0,0
0,0,0,0,0,0,0,0,0,0,0,0,0,0,0,0,0,0,0,0,0,0,0,0,0,0,0,0,0,0,0,0,0,0,0,0,0,0,0,0,0,0,0,0,0,0,0,0,0,0,0,0,0,0,0,0,0,0,0,0,0,0,0,0,0,0,0
0,0,0,0,0,0,0,0,0,0,0,0,0,0,0,0,0,0,0,0,0,0,0,0,0,0,0,0,0,0,0,0,0,0,0,0,0,0,0,0,0,0,0,0,0,0,0,0,0,0,0,0,0,0,0,0,0,0,0,0,0,0,0,0,0,0,0
0,0,0,0,0,0,0,0,0,0,0,0,0,0,0,0,0,0,0,0,0,0,0,0,0,0,0,0,0,0,0,0,0,0,0,0,0,0,0,0,0,0,0,0,0,0,0,0,0,0,0,0,0,0,0,0,0,0,0,0,0,0,0,0,0,0,0
0,0,0,0,0,0,0,0,0,0,0,0,0,0,0,0,0,0,0,0,0,0,0,0,0,0,0,0,0,0,0,0,0,0,0,0,0,0,0,0,0,0,0,0,0,0,0,0,0,0,0,0,0,0,0,0,0,0,0,0,0,0,0,0,0,0,0
0,0,0,0,0,0,0,0,0,0,0,0,0,0,0,0,0,0,0,0,0,0,0,0,0,0,0,0,0,0,0,0,0,0,0,0,0,0,0,0,0,0,0,0,0,0,0,0,0,0,0,0,0,0,0,0,0,0,0,0,0,0,0,0,0,0,0
0,0,0,0,0,0,0,0,0,0,0,0,0,0,0,0,0,0,0,0,0,0,0,0,0,0,0,0,0,0,0,0,0,0,0,0,0,0,0,0,0,0,0,0,0,0,0,0,0,0,0,0,0,0,0,0,0,0,0,0,0,0,0,0,0,0,0
0,0,0,0,0,0,0,0,0,0,0,0,0,0,0,0,0,0,0,0,0,0,0,0,0,0,0,0,0,0,0,0,0,0,0,0,0,0,0,0,0,0,0,0,0,0,0,0,0,0,0,0,0,0,0,0,0,0,0,0,0,0,0,0,0,0,0
0,0,0,0,0,0,0,0,0,0,0,0,0,0,0,0,0,0,0,0,0,0,0,0,0,0,0,0,0,0,0,0,0,0,0,0,0,0,0,0,0,0,0,0,0,0,0,0,0,0,0,0,0,0,0,0,0,0,0,0,0,0,0,0,0,0,0
0,0,0,0,0,0,0,0,0,0,0,0,0,0,0,0,0,0,0,0,0,0,0,0,0,0,0,0,0,0,0,0,0,0,0,0,0,0,0,0,0,0,0,0,0,0,0,0,0,0,0,0,0,0,0,0,0,0,0,0,0,0,0,0,0,0,0
0,0,0,0,0,0,0,0,0,0,0,0,0,0,0,0,0,0,0,0,0,0,0,0,0,0,0,0,0,0,0,0,0,0,0,0,0,0,0,0,0,0,0,0,0,0,0,0,0,0,0,0,0,0,0,0,0,0,0,0,0,0,0,0,0,0,0
-236.616236296988,-309.416638474699,-323.585424089157,-335.84759138494,-268.617628060241,-330.458820892771,-361.070337643373,-342.825855519277,-316.592569766867,-271.188492039759,-336.63995846747,-360.865838600602,-306.299932031928,-334.690658109638,-335.542690895181,-323.24267196988,-284.623537542169,-327.381741551205,-294.247049890964,-278.33491226747,-267.335664688554,-289.339880466265,-318.301150704217,-325.23824044759,-358.362915812048,-389.927341525301,-307.19983441747,-273.097076531325,-323.434587149398,-246.999904242771,-320.805699420482,-228.568318354819,-326.678857489759,-328.473427162651,-277.779789453614,-314.926709785542,-320.635500929518,-313.277959839157,-308.498771971687,-298.421626769277,-340.220178843976,-327.110756039157,-349.290409090964,-267.872218595783,-338.839043995783,-292.795584222289,-330.780540500602,-333.833054931928,-298.510861463253,-321.671360383133,-366.473284825904,-273.005382790964,-285.386250073494,-271.668688912651,-318.871012645181,-333.71356859759,-319.90410060241,-333.581374374699,-370.722978193373,-357.466393588554,-435.503865900602,-322.943928587952,-296.187021278916,-309.321993225904,-353.780113166265,-272.915120787952,-346.01792176747
0,0,0,0,0,0,0,0,0,0,0,0,0,0,0,0,0,0,0,0,0,0,0,0,0,0,0,0,0,0,0,0,0,0,0,0,0,0,0,0,0,0,0,0,0,0,0,0,0,0,0,0,0,0,0,0,0,0,0,0,0,0,0,0,0,0,0
0,0,0,0,0,0,0,0,0,0,0,0,0,0,0,0,0,0,0,0,0,0,0,0,0,0,0,0,0,0,0,0,0,0,0,0,0,0,0,0,0,0,0,0,0,0,0,0,0,0,0,0,0,0,0,0,0,0,0,0,0,0,0,0,0,0,0
0,0,0,0,0,0,0,0,0,0,0,0,0,0,0,0,0,0,0,0,0,0,0,0,0,0,0,0,0,0,0,0,0,0,0,0,0,0,0,0,0,0,0,0,0,0,0,0,0,0,0,0,0,0,0,0,0,0,0,0,0,0,0,0,0,0,0
0,0,0,0,0,0,0,0,0,0,0,0,0,0,0,0,0,0,0,0,0,0,0,0,0,0,0,0,0,0,0,0,0,0,0,0,0,0,0,0,0,0,0,0,0,0,0,0,0,0,0,0,0,0,0,0,0,0,0,0,0,0,0,0,0,0,0
0,0,0,0,0,0,0,0,0,0,0,0,0,0,0,0,0,0,0,0,0,0,0,0,0,0,0,0,0,0,0,0,0,0,0,0,0,0,0,0,0,0,0,0,0,0,0,0,0,0,0,0,0,0,0,0,0,0,0,0,0,0,0,0,0,0,0
-5.2878337437534,-2.5632452671486,-3.84365825257772,-6.74656577496984,-20.2200732721064,-22.3532373172338,-2.44791962058135,-4.2597670962333,-8.6395589493399,-2.54057269887842,-5.66357234129031,-2.19995452864471,-3.5547618360802,-4.58281781642799,-5.3796486780628,-4.57267711066641,-4.67952057385297,-3.36637642376369,-3.46209390328044,-6.8825695343017,-2.17745526052302,-1.91376370206823,-2.43618891806594,-4.40833889929603,-2.68819783501721,-8.13302727727323,-2.46918134802743,-5.93081472468918,-6.9410321519841,-13.6900923366897,-5.85807980289476,-3.22823032060475,-2.93369641398668,-1.76512385327849,-3.2245797448396,-1.78548039989606,-2.67698556703611,-2.28309178869467,-3.80781922143176,-3.88146849386261,-3.12074026431569,-2.097336511192,-2.70707090839258,-4.29862574134405,-2.41291874295434,-5.88026247352661,-5.64504980892036,-4.53455052423236,-6.8974796370025,-5.41650109820295,-6.8220975596695,-3.54344455386593,-2.60843300481617,-4.96562379007856,-2.57287523822186,-2.95506765466921,-5.96512079617783,-3.63187402000948,-3.40711938184066,-9.2230144569614,-12.6247921976605,-2.69041265661734,-2.46439711517152,-4.23399738083341,-3.46604417209233,-2.36773131052607,-3.50442197046995
0,0,0,0,0,0,0,0,0,0,0,0,0,0,0,0,0,0,0,0,0,0,0,0,0,0,0,0,0,0,0,0,0,0,0,0,0,0,0,0,0,0,0,0,0,0,0,0,0,0,0,0,0,0,0,0,0,0,0,0,0,0,0,0,0,0,0
-16.199716039759,-31.7130588313253,-29.7285141301205,-20.9973685783133,-38.7898279493976,-25.7095369024096,-22.0453396506024,-27.1106306240964,-26.3644664891566,-22.2909752674699,-34.415036026506,-15.0346040036145,-21.7839396120482,-36.6894046289157,-23.5391709939759,-20.6638084771084,-21.6433469722892,-33.163765173494,-31.5351513807229,-28.7758486253012,-16.232338486747,-23.0280096626506,-29.1871388192771,-36.3998199204819,-25.8289860156627,-45.4146546987952,-19.5558875674699,-24.9034822746988,-32.2491459554217,-29.0797625096386,-22.715722,-30.0841361746988,-21.7200935084337,-31.1194898240964,-17.1209872373494,-22.7618434554217,-22.5277694686747,-33.5246380301205,-27.4226924156627,-22.3662619506024,-29.3355398421687,-23.3729977759036,-32.5528779072289,-24.1528224361446,-20.5652783156626,-20.0168294313253,-26.6088825096385,-20.7824499156627,-26.8530837975904,-32.5906296,-31.5839224457831,-29.9878196108434,-18.3483567493976,-41.9941499578313,-27.2459427337349,-19.7273737831325,-31.7760298710843,-30.8362913650602,-38.2818739590361,-31.3386700289157,-30.249193960241,-16.3387041445783,-24.5122725879518,-42.8142761590361,-18.0108033216867,-36.7893138036145,-19.8467595698795
-0.62086,-0.62086,-0.62086,-0.62086,-0.62086,-0.62086,-0.62086,-0.62086,-0.62086,-0.62086,-0.62086,-0.62086,-0.62086,-0.62086,-0.62086,-0.62086,-0.62086,-0.62086,-0.62086,-0.62086,-0.62086,-0.62086,-0.62086,-0.62086,-0.62086,-0.62086,-0.62086,-0.62086,-0.62086,-0.62086,-0.62086,-0.62086,-0.62086,-0.62086,-0.62086,-0.62086,-0.62086,-0.62086,-0.62086,-0.62086,-0.62086,-0.62086,-0.62086,-0.62086,-0.62086,-0.62086,-0.62086,-0.62086,-0.62086,-0.62086,-0.62086,-0.62086,-0.62086,-0.62086,-0.62086,-0.62086,-0.62086,-0.62086,-0.62086,-0.62086,-0.62086,-0.62086,-0.62086,-0.62086,-0.62086,-0.62086,-0.62086
0,0,0,0,0,0,0,0,0,0,0,0,0,0,0,0,0,0,0,0,0,0,0,0,0,0,0,0,0,0,0,0,0,0,0,0,0,0,0,0,0,0,0,0,0,0,0,0,0,0,0,0,0,0,0,0,0,0,0,0,0,0,0,0,0,0,0
0,0,0,0,0,0,0,0,0,0,0,0,0,0,0,0,0,0,0,0,0,0,0,0,0,0,0,0,0,0,0,0,0,0,0,0,0,0,0,0,0,0,0,0,0,0,0,0,0,0,0,0,0,0,0,0,0,0,0,0,0,0,0,0,0,0,0
0,0,0,0,0,0,0,0,0,0,0,0,0,0,0,0,0,0,0,0,0,0,0,0,0,0,0,0,0,0,0,0,0,0,0,0,0,0,0,0,0,0,0,0,0,0,0,0,0,0,0,0,0,0,0,0,0,0,0,0,0,0,0,0,0,0,0
0,0,0,0,0,0,0,0,0,0,0,0,0,0,0,0,0,0,0,0,0,0,0,0,0,0,0,0,0,0,0,0,0,0,0,0,0,0,0,0,0,0,0,0,0,0,0,0,0,0,0,0,0,0,0,0,0,0,0,0,0,0,0,0,0,0,0
0,0,0,0,0,0,0,0,0,0,0,0,0,0,0,0,0,0,0,0,0,0,0,0,0,0,0,0,0,0,0,0,0,0,0,0,0,0,0,0,0,0,0,0,0,0,0,0,0,0,0,0,0,0,0,0,0,0,0,0,0,0,0,0,0,0,0
0,0,0,0,0,0,0,0,0,0,0,0,0,0,0,0,0,0,0,0,0,0,0,0,0,0,0,0,0,0,0,0,0,0,0,0,0,0,0,0,0,0,0,0,0,0,0,0,0,0,0,0,0,0,0,0,0,0,0,0,0,0,0,0,0,0,0
0,0,0,0,0,0,0,0,0,0,0,0,0,0,0,0,0,0,0,0,0,0,0,0,0,0,0,0,0,0,0,0,0,0,0,0,0,0,0,0,0,0,0,0,0,0,0,0,0,0,0,0,0,0,0,0,0,0,0,0,0,0,0,0,0,0,0
0,0,0,0,0,0,0,0,0,0,0,0,0,0,0,0,0,0,0,0,0,0,0,0,0,0,0,0,0,0,0,0,0,0,0,0,0,0,0,0,0,0,0,0,0,0,0,0,0,0,0,0,0,0,0,0,0,0,0,0,0,0,0,0,0,0,0
0,0,0,0,0,0,0,0,0,0,0,0,0,0,0,0,0,0,0,0,0,0,0,0,0,0,0,0,0,0,0,0,0,0,0,0,0,0,0,0,0,0,0,0,0,0,0,0,0,0,0,0,0,0,0,0,0,0,0,0,0,0,0,0,0,0,0
0,0,0,0,0,0,0,0,0,0,0,0,0,0,0,0,0,0,0,0,0,0,0,0,0,0,0,0,0,0,0,0,0,0,0,0,0,0,0,0,0,0,0,0,0,0,0,0,0,0,0,0,0,0,0,0,0,0,0,0,0,0,0,0,0,0,0
0,0,0,0,0,0,0,0,0,0,0,0,0,0,0,0,0,0,0,0,0,0,0,0,0,0,0,0,0,0,0,0,0,0,0,0,0,0,0,0,0,0,0,0,0,0,0,0,0,0,0,0,0,0,0,0,0,0,0,0,0,0,0,0,0,0,0
-0.65,-0.65,-0.65,-0.65,-0.65,-0.65,-0.65,-0.65,-0.65,-0.65,-0.65,-0.65,-0.65,-0.65,-0.65,-0.65,-0.65,-0.65,-0.65,-0.65,-0.65,-0.65,-0.65,-0.65,-0.65,-0.65,-0.65,-0.65,-0.65,-0.65,-0.65,-0.65,-0.65,-0.65,-0.65,-0.65,-0.65,-0.65,-0.65,-0.65,-0.65,-0.65,-0.65,-0.65,-0.65,-0.65,-0.65,-0.65,-0.65,-0.65,-0.65,-0.65,-0.65,-0.65,-0.65,-0.65,-0.65,-0.65,-0.65,-0.65,-0.65,-0.65,-0.65,-0.65,-0.65,-0.65,-0.65
0,0,0,0,0,0,0,0,0,0,0,0,0,0,0,0,0,0,0,0,0,0,0,0,0,0,0,0,0,0,0,0,0,0,0,0,0,0,0,0,0,0,0,0,0,0,0,0,0,0,0,0,0,0,0,0,0,0,0,0,0,0,0,0,0,0,0
0,0,0,0,0,0,0,0,0,0,0,0,0,0,0,0,0,0,0,0,0,0,0,0,0,0,0,0,0,0,0,0,0,0,0,0,0,0,0,0,0,0,0,0,0,0,0,0,0,0,0,0,0,0,0,0,0,0,0,0,0,0,0,0,0,0,0
0,0,0,0,0,0,0,0,0,0,0,0,0,0,0,0,0,0,0,0,0,0,0,0,0,0,0,0,0,0,0,0,0,0,0,0,0,0,0,0,0,0,0,0,0,0,0,0,0,0,0,0,0,0,0,0,0,0,0,0,0,0,0,0,0,0,0
0,0,0,0,0,0,0,0,0,0,0,0,0,0,0,0,0,0,0,0,0,0,0,0,0,0,0,0,0,0,0,0,0,0,0,0,0,0,0,0,0,0,0,0,0,0,0,0,0,0,0,0,0,0,0,0,0,0,0,0,0,0,0,0,0,0,0
-100.647554387952,-114.609620281928,-110.593037414458,-99.1875317831325,-132.075586473494,-129.692041220482,-89.3088874228916,-105.506780857831,-116.906665931325,-98.3973561506024,-131.99378213012,-86.0896732518072,-82.4051850048193,-126.697419524096,-87.0151108084337,-95.9364393228916,-90.342156013253,-80.021665386747,-102.317560239759,-81.4295143361446,-97.1505701915663,-105.589580943373,-92.401198486747,-93.0642957072289,-109.763607183133,-147.423392325301,-80.9125702385542,-74.0421450337349,-95.4889760638554,-98.4253348096385,-105.969255133735,-124.569155086747,-81.8434028325301,-72.2255783879518,-82.2148388542169,-88.6530496843373,-85.7609698072289,-96.4943410084337,-84.2228171843373,-104.348571262651,-102.17565510241,-101.303008324096,-117.683916049398,-78.0745230795181,-73.4410376409638,-131.634398631325,-85.5374055638554,-92.5182381349398,-106.605689409639,-135.108971074699,-118.1089069,-85.5813015072289,-75.4362485481928,-119.347926737349,-78.4187983783133,-86.5879576445783,-116.43021556747,-86.4990971481928,-105.70229566988,-108.779262701205,-107.114641813253,-70.2918922686747,-115.431029862651,-118.83369466747,-93.7204495915663,-92.1574767807229,-83.5659687626506
-12.2804392192771,-13.3788707409639,-18.8617750518072,-16.2431131927711,-17.7414856686747,-17.843015839759,-17.3686534819277,-14.871300139759,-19.8666634277108,-13.0742853590361,-20.6213997771084,-9.02300355783133,-13.402643639759,-23.3175585903614,-10.6690944927711,-15.4864290578313,-14.3832413457831,-15.5554670819277,-11.2366178831325,-18.8865571710843,-17.9540699759036,-12.9016990903614,-13.6683194024096,-13.4427097204819,-20.4629887253012,-29.4145604963855,-9.53905563493976,-11.2111067493976,-20.0158345180723,-12.6930634686747,-13.7715800228916,-22.7716527915663,-10.9571169228916,-22.3251337120482,-11.5738612722892,-11.3744928072289,-13.1352807951807,-15.7241408759036,-18.7122612879518,-15.0975269975904,-15.5418275831325,-15.146009253012,-17.021021760241,-17.2219064481928,-12.6803091036145,-14.2708258590361,-15.7748640746988,-14.9915763457831,-14.521453860241,-18.5867289987952,-21.0396361879518,-13.4908026048193,-10.9336634301205,-30.0968211060241,-16.8891106144578,-11.9875731012048,-19.6840073156627,-17.7761981843373,-18.0719771192771,-18.7284689373494,-18.1460875566265,-12.4603314457831,-15.8339544819277,-21.6972836975904,-14.6572145674699,-23.3429037951807,-11.1018416493976
0,0,0,0,0,0,0,0,0,0,0,0,0,0,0,0,0,0,0,0,0,0,0,0,0,0,0,0,0,0,0,0,0,0,0,0,0,0,0,0,0,0,0,0,0,0,0,0,0,0,0,0,0,0,0,0,0,0,0,0,0,0,0,0,0,0,0
-2.42518770362086,-2.8533060430748,-1.40962346184939,-1.94441939614991,-4.56262051485913,-2.22702624357408,-2.89895537536775,-2.13920570983626,-2.81916225007856,-1.7575722298125,-5.86145599956657,-2.58360740211602,-2.8794320700166,-3.55462176991672,-2.82435847105107,-1.97208007500947,-2.32823893211425,-2.76908619018808,-2.07879125800605,-1.74776684532825,-1.97533462226603,-1.92482246439902,-1.37463089220402,-2.19315881179768,-2.67104929870424,-3.78912236796158,-1.77822082415694,-2.24404791795858,-2.79786338880951,-3.38065857150028,-2.55060165357376,-2.80872276731704,-2.19717511930997,-1.6608058055321,-2.25088573933464,-2.07788151889188,-1.89228908461744,-1.33185882658944,-1.71871568479258,-2.09282391459465,-2.24469526976825,-2.69982067182585,-1.87886206384861,-2.76850196293827,-1.86238107469754,-3.0719385443575,-2.26863966523564,-2.49390359794683,-1.75767233158588,-2.81076612405401,-2.68099137786079,-2.0382442814513,-1.59496705159281,-2.38681674802037,-1.29178736710058,-2.09611265993805,-2.17339470224994,-2.47310742963415,-2.24163528290113,-3.61119022188958,-2.24701145179425,-1.68215954077694,-4.58496916184747,-3.72962067749556,-2.93133276480961,-2.15674952704338,-2.05303817137074
0,0,0,0,0,0,0,0,0,0,0,0,0,0,0,0,0,0,0,0,0,0,0,0,0,0,0,0,0,0,0,0,0,0,0,0,0,0,0,0,0,0,0,0,0,0,0,0,0,0,0,0,0,0,0,0,0,0,0,0,0,0,0,0,0,0,0
-363.88306,-363.88306,-363.88306,-363.88306,-363.88306,-363.88306,-363.88306,-363.88306,-363.88306,-363.88306,-363.88306,-363.88306,-363.88306,-363.88306,-363.88306,-363.88306,-363.88306,-363.88306,-363.88306,-363.88306,-363.88306,-363.88306,-363.88306,-363.88306,-363.88306,-363.88306,-363.88306,-363.88306,-363.88306,-363.88306,-363.88306,-363.88306,-363.88306,-363.88306,-363.88306,-363.88306,-363.88306,-363.88306,-363.88306,-363.88306,-363.88306,-363.88306,-363.88306,-363.88306,-363.88306,-363.88306,-363.88306,-363.88306,-363.88306,-363.88306,-363.88306,-363.88306,-363.88306,-363.88306,-363.88306,-363.88306,-363.88306,-363.88306,-363.88306,-363.88306,-363.88306,-363.88306,-363.88306,-363.88306,-363.88306,-363.88306,-363.88306
0,0,0,0,0,0,0,0,0,0,0,0,0,0,0,0,0,0,0,0,0,0,0,0,0,0,0,0,0,0,0,0,0,0,0,0,0,0,0,0,0,0,0,0,0,0,0,0,0,0,0,0,0,0,0,0,0,0,0,0,0,0,0,0,0,0,0
0,0,0,0,0,0,0,0,0,0,0,0,0,0,0,0,0,0,0,0,0,0,0,0,0,0,0,0,0,0,0,0,0,0,0,0,0,0,0,0,0,0,0,0,0,0,0,0,0,0,0,0,0,0,0,0,0,0,0,0,0,0,0,0,0,0,0
0,0,0,0,0,0,0,0,0,0,0,0,0,0,0,0,0,0,0,0,0,0,0,0,0,0,0,0,0,0,0,0,0,0,0,0,0,0,0,0,0,0,0,0,0,0,0,0,0,0,0,0,0,0,0,0,0,0,0,0,0,0,0,0,0,0,0
0,0,0,0,0,0,0,0,0,0,0,0,0,0,0,0,0,0,0,0,0,0,0,0,0,0,0,0,0,0,0,0,0,0,0,0,0,0,0,0,0,0,0,0,0,0,0,0,0,0,0,0,0,0,0,0,0,0,0,0,0,0,0,0,0,0,0
0,0,0,0,0,0,0,0,0,0,0,0,0,0,0,0,0,0,0,0,0,0,0,0,0,0,0,0,0,0,0,0,0,0,0,0,0,0,0,0,0,0,0,0,0,0,0,0,0,0,0,0,0,0,0,0,0,0,0,0,0,0,0,0,0,0,0
0,0,0,0,0,0,0,0,0,0,0,0,0,0,0,0,0,0,0,0,0,0,0,0,0,0,0,0,0,0,0,0,0,0,0,0,0,0,0,0,0,0,0,0,0,0,0,0,0,0,0,0,0,0,0,0,0,0,0,0,0,0,0,0,0,0,0
0,0,0,0,0,0,0,0,0,0,0,0,0,0,0,0,0,0,0,0,0,0,0,0,0,0,0,0,0,0,0,0,0,0,0,0,0,0,0,0,0,0,0,0,0,0,0,0,0,0,0,0,0,0,0,0,0,0,0,0,0,0,0,0,0,0,0
0,0,0,0,0,0,0,0,0,0,0,0,0,0,0,0,0,0,0,0,0,0,0,0,0,0,0,0,0,0,0,0,0,0,0,0,0,0,0,0,0,0,0,0,0,0,0,0,0,0,0,0,0,0,0,0,0,0,0,0,0,0,0,0,0,0,0
0,0,0,0,0,0,0,0,0,0,0,0,0,0,0,0,0,0,0,0,0,0,0,0,0,0,0,0,0,0,0,0,0,0,0,0,0,0,0,0,0,0,0,0,0,0,0,0,0,0,0,0,0,0,0,0,0,0,0,0,0,0,0,0,0,0,0
0,0,0,0,0,0,0,0,0,0,0,0,0,0,0,0,0,0,0,0,0,0,0,0,0,0,0,0,0,0,0,0,0,0,0,0,0,0,0,0,0,0,0,0,0,0,0,0,0,0,0,0,0,0,0,0,0,0,0,0,0,0,0,0,0,0,0
0,0,0,0,0,0,0,0,0,0,0,0,0,0,0,0,0,0,0,0,0,0,0,0,0,0,0,0,0,0,0,0,0,0,0,0,0,0,0,0,0,0,0,0,0,0,0,0,0,0,0,0,0,0,0,0,0,0,0,0,0,0,0,0,0,0,0
0,0,0,0,0,0,0,0,0,0,0,0,0,0,0,0,0,0,0,0,0,0,0,0,0,0,0,0,0,0,0,0,0,0,0,0,0,0,0,0,0,0,0,0,0,0,0,0,0,0,0,0,0,0,0,0,0,0,0,0,0,0,0,0,0,0,0
0,0,0,0,0,0,0,0,0,0,0,0,0,0,0,0,0,0,0,0,0,0,0,0,0,0,0,0,0,0,0,0,0,0,0,0,0,0,0,0,0,0,0,0,0,0,0,0,0,0,0,0,0,0,0,0,0,0,0,0,0,0,0,0,0,0,0
0,0,0,0,0,0,0,0,0,0,0,0,0,0,0,0,0,0,0,0,0,0,0,0,0,0,0,0,0,0,0,0,0,0,0,0,0,0,0,0,0,0,0,0,0,0,0,0,0,0,0,0,0,0,0,0,0,0,0,0,0,0,0,0,0,0,0
0,0,0,0,0,0,0,0,0,0,0,0,0,0,0,0,0,0,0,0,0,0,0,0,0,0,0,0,0,0,0,0,0,0,0,0,0,0,0,0,0,0,0,0,0,0,0,0,0,0,0,0,0,0,0,0,0,0,0,0,0,0,0,0,0,0,0
0,0,0,0,0,0,0,0,0,0,0,0,0,0,0,0,0,0,0,0,0,0,0,0,0,0,0,0,0,0,0,0,0,0,0,0,0,0,0,0,0,0,0,0,0,0,0,0,0,0,0,0,0,0,0,0,0,0,0,0,0,0,0,0,0,0,0
0,0,0,0,0,0,0,0,0,0,0,0,0,0,0,0,0,0,0,0,0,0,0,0,0,0,0,0,0,0,0,0,0,0,0,0,0,0,0,0,0,0,0,0,0,0,0,0,0,0,0,0,0,0,0,0,0,0,0,0,0,0,0,0,0,0,0
0,0,0,0,0,0,0,0,0,0,0,0,0,0,0,0,0,0,0,0,0,0,0,0,0,0,0,0,0,0,0,0,0,0,0,0,0,0,0,0,0,0,0,0,0,0,0,0,0,0,0,0,0,0,0,0,0,0,0,0,0,0,0,0,0,0,0
0,0,0,0,0,0,0,0,0,0,0,0,0,0,0,0,0,0,0,0,0,0,0,0,0,0,0,0,0,0,0,0,0,0,0,0,0,0,0,0,0,0,0,0,0,0,0,0,0,0,0,0,0,0,0,0,0,0,0,0,0,0,0,0,0,0,0
0,0,0,0,0,0,0,0,0,0,0,0,0,0,0,0,0,0,0,0,0,0,0,0,0,0,0,0,0,0,0,0,0,0,0,0,0,0,0,0,0,0,0,0,0,0,0,0,0,0,0,0,0,0,0,0,0,0,0,0,0,0,0,0,0,0,0
0,0,0,0,0,0,0,0,0,0,0,0,0,0,0,0,0,0,0,0,0,0,0,0,0,0,0,0,0,0,0,0,0,0,0,0,0,0,0,0,0,0,0,0,0,0,0,0,0,0,0,0,0,0,0,0,0,0,0,0,0,0,0,0,0,0,0
0,0,0,0,0,0,0,0,0,0,0,0,0,0,0,0,0,0,0,0,0,0,0,0,0,0,0,0,0,0,0,0,0,0,0,0,0,0,0,0,0,0,0,0,0,0,0,0,0,0,0,0,0,0,0,0,0,0,0,0,0,0,0,0,0,0,0
0,0,0,0,0,0,0,0,0,0,0,0,0,0,0,0,0,0,0,0,0,0,0,0,0,0,0,0,0,0,0,0,0,0,0,0,0,0,0,0,0,0,0,0,0,0,0,0,0,0,0,0,0,0,0,0,0,0,0,0,0,0,0,0,0,0,0
0,0,0,0,0,0,0,0,0,0,0,0,0,0,0,0,0,0,0,0,0,0,0,0,0,0,0,0,0,0,0,0,0,0,0,0,0,0,0,0,0,0,0,0,0,0,0,0,0,0,0,0,0,0,0,0,0,0,0,0,0,0,0,0,0,0,0
0,0,0,0,0,0,0,0,0,0,0,0,0,0,0,0,0,0,0,0,0,0,0,0,0,0,0,0,0,0,0,0,0,0,0,0,0,0,0,0,0,0,0,0,0,0,0,0,0,0,0,0,0,0,0,0,0,0,0,0,0,0,0,0,0,0,0
0,0,0,0,0,0,0,0,0,0,0,0,0,0,0,0,0,0,0,0,0,0,0,0,0,0,0,0,0,0,0,0,0,0,0,0,0,0,0,0,0,0,0,0,0,0,0,0,0,0,0,0,0,0,0,0,0,0,0,0,0,0,0,0,0,0,0
0,0,0,0,0,0,0,0,0,0,0,0,0,0,0,0,0,0,0,0,0,0,0,0,0,0,0,0,0,0,0,0,0,0,0,0,0,0,0,0,0,0,0,0,0,0,0,0,0,0,0,0,0,0,0,0,0,0,0,0,0,0,0,0,0,0,0
0,0,0,0,0,0,0,0,0,0,0,0,0,0,0,0,0,0,0,0,0,0,0,0,0,0,0,0,0,0,0,0,0,0,0,0,0,0,0,0,0,0,0,0,0,0,0,0,0,0,0,0,0,0,0,0,0,0,0,0,0,0,0,0,0,0,0
0,0,0,0,0,0,0,0,0,0,0,0,0,0,0,0,0,0,0,0,0,0,0,0,0,0,0,0,0,0,0,0,0,0,0,0,0,0,0,0,0,0,0,0,0,0,0,0,0,0,0,0,0,0,0,0,0,0,0,0,0,0,0,0,0,0,0
0,0,0,0,0,0,0,0,0,0,0,0,0,0,0,0,0,0,0,0,0,0,0,0,0,0,0,0,0,0,0,0,0,0,0,0,0,0,0,0,0,0,0,0,0,0,0,0,0,0,0,0,0,0,0,0,0,0,0,0,0,0,0,0,0,0,0
0,0,0,0,0,0,0,0,0,0,0,0,0,0,0,0,0,0,0,0,0,0,0,0,0,0,0,0,0,0,0,0,0,0,0,0,0,0,0,0,0,0,0,0,0,0,0,0,0,0,0,0,0,0,0,0,0,0,0,0,0,0,0,0,0,0,0
0,0,0,0,0,0,0,0,0,0,0,0,0,0,0,0,0,0,0,0,0,0,0,0,0,0,0,0,0,0,0,0,0,0,0,0,0,0,0,0,0,0,0,0,0,0,0,0,0,0,0,0,0,0,0,0,0,0,0,0,0,0,0,0,0,0,0
0,0,0,0,0,0,0,0,0,0,0,0,0,0,0,0,0,0,0,0,0,0,0,0,0,0,0,0,0,0,0,0,0,0,0,0,0,0,0,0,0,0,0,0,0,0,0,0,0,0,0,0,0,0,0,0,0,0,0,0,0,0,0,0,0,0,0
0,0,0,0,0,0,0,0,0,0,0,0,0,0,0,0,0,0,0,0,0,0,0,0,0,0,0,0,0,0,0,0,0,0,0,0,0,0,0,0,0,0,0,0,0,0,0,0,0,0,0,0,0,0,0,0,0,0,0,0,0,0,0,0,0,0,0
0,0,0,0,0,0,0,0,0,0,0,0,0,0,0,0,0,0,0,0,0,0,0,0,0,0,0,0,0,0,0,0,0,0,0,0,0,0,0,0,0,0,0,0,0,0,0,0,0,0,0,0,0,0,0,0,0,0,0,0,0,0,0,0,0,0,0
0,0,0,0,0,0,0,0,0,0,0,0,0,0,0,0,0,0,0,0,0,0,0,0,0,0,0,0,0,0,0,0,0,0,0,0,0,0,0,0,0,0,0,0,0,0,0,0,0,0,0,0,0,0,0,0,0,0,0,0,0,0,0,0,0,0,0
0,0,0,0,0,0,0,0,0,0,0,0,0,0,0,0,0,0,0,0,0,0,0,0,0,0,0,0,0,0,0,0,0,0,0,0,0,0,0,0,0,0,0,0,0,0,0,0,0,0,0,0,0,0,0,0,0,0,0,0,0,0,0,0,0,0,0
0,0,0,0,0,0,0,0,0,0,0,0,0,0,0,0,0,0,0,0,0,0,0,0,0,0,0,0,0,0,0,0,0,0,0,0,0,0,0,0,0,0,0,0,0,0,0,0,0,0,0,0,0,0,0,0,0,0,0,0,0,0,0,0,0,0,0
0,0,0,0,0,0,0,0,0,0,0,0,0,0,0,0,0,0,0,0,0,0,0,0,0,0,0,0,0,0,0,0,0,0,0,0,0,0,0,0,0,0,0,0,0,0,0,0,0,0,0,0,0,0,0,0,0,0,0,0,0,0,0,0,0,0,0
0,0,0,0,0,0,0,0,0,0,0,0,0,0,0,0,0,0,0,0,0,0,0,0,0,0,0,0,0,0,0,0,0,0,0,0,0,0,0,0,0,0,0,0,0,0,0,0,0,0,0,0,0,0,0,0,0,0,0,0,0,0,0,0,0,0,0
0,0,0,0,0,0,0,0,0,0,0,0,0,0,0,0,0,0,0,0,0,0,0,0,0,0,0,0,0,0,0,0,0,0,0,0,0,0,0,0,0,0,0,0,0,0,0,0,0,0,0,0,0,0,0,0,0,0,0,0,0,0,0,0,0,0,0
-0.807564929632924,-1.78331086933954,-1.18177021294045,-1.01280298240685,-1.6866609238676,-1.75617374729082,-2.04946587129983,-2.48475551825884,-1.34143504153879,-1.90885627479288,-3.44965436650173,-1.59147535558007,-1.22137979894795,-1.52147892541469,-1.6299194149929,-2.09039167655824,-1.38641047391756,-1.56735796350435,-1.48803139621172,-1.41041170133438,-1.3937418776874,-1.21764871549617,-1.23714410180679,-1.1120327442693,-2.47349981136614,-3.22446532608835,-1.61781052988405,-1.07415521833413,-1.5518375589308,-1.44742134225709,-1.41464032423368,-1.46918777771129,-0.914694402419824,-2.5249882973348,-1.09458660057607,-1.84946889135918,-1.08218436411465,-0.802856497533058,-1.40630226747642,-1.9881143256017,-1.21704512488922,-1.34557302451404,-1.28754508502964,-1.09035725087455,-1.92184198737689,-1.3524250926695,-1.94111674541954,-1.11767887003592,-0.669654246076903,-1.17534719942983,-2.52331212765427,-1.40256527433057,-1.35053810189197,-0.868949382000364,-1.08206974577407,-1.45081224266896,-1.66071860736141,-1.37600201038841,-1.4274079476985,-1.37556681333303,-1.32270377780934,-2.18407843214493,-0.868494084903483,-1.01642053469302,-1.44221916452411,-1.04778798063777,-1.24824775328909
0,0,0,0,0,0,0,0,0,0,0,0,0,0,0,0,0,0,0,0,0,0,0,0,0,0,0,0,0,0,0,0,0,0,0,0,0,0,0,0,0,0,0,0,0,0,0,0,0,0,0,0,0,0,0,0,0,0,0,0,0,0,0,0,0,0,0
0,0,0,0,0,0,0,0,0,0,0,0,0,0,0,0,0,0,0,0,0,0,0,0,0,0,0,0,0,0,0,0,0,0,0,0,0,0,0,0,0,0,0,0,0,0,0,0,0,0,0,0,0,0,0,0,0,0,0,0,0,0,0,0,0,0,0
-9.56371536746988,-12.2422793578313,-8.22538166506024,-9.07331451807229,-9.65158748674699,-12.5859998168675,-12.3470924096386,-12.7569659578313,-10.3651157168675,-12.7257542156627,-15.3957483518072,-11.6058227204819,-9.80906693012048,-11.663303453012,-11.5873996337349,-10.0107137771084,-10.422484553012,-9.8668096313253,-12.1642137433735,-9.91613200240964,-9.9526357373494,-9.3979515253012,-10.825772313253,-8.51829241204819,-13.7607440807229,-10.5928197060241,-10.7624720445783,-9.02285231445783,-9.78557433855422,-9.71085393975904,-11.8054136289157,-9.00442598192771,-9.91393062409639,-11.369176639759,-8.77330567228916,-9.34762619759036,-8.36913845783132,-9.37771383975904,-8.78850700481928,-11.4765648590361,-11.8024387048193,-11.1315670662651,-8.00011957349398,-11.9505963373494,-9.63562620120482,-12.2940102650602,-8.68165547108434,-10.4748937120482,-9.9854414313253,-9.9511338746988,-13.2214028566265,-10.9803482048193,-9.73895250361446,-8.53019950361446,-10.9526562361446,-12.3825968626506,-10.2825642337349,-11.3900868349398,-11.0512151457831,-11.8000565084337,-12.5740112927711,-11.6135838277108,-9.70536577228916,-10.001233173494,-10.1492467698795,-9.90716678795181,-12.3742472228916
0,0,0,0,0,0,0,0,0,0,0,0,0,0,0,0,0,0,0,0,0,0,0,0,0,0,0,0,0,0,0,0,0,0,0,0,0,0,0,0,0,0,0,0,0,0,0,0,0,0,0,0,0,0,0,0,0,0,0,0,0,0,0,0,0,0,0
-9.28173309277108,-11.3929243361446,-8.13581704337349,-8.71897290481928,-8.78587948072289,-10.9165556349398,-11.7369962048193,-9.72759560240964,-10.7919328855422,-12.0495202542169,-13.5952294301205,-10.4180913554217,-8.00313281566265,-10.9872526313253,-10.8985573481928,-8.47983640240964,-8.62200526385542,-8.88298393253012,-9.52903025542169,-8.75760825301205,-9.26371465542169,-9.0354605686747,-9.2461309746988,-7.00585033493976,-11.8686585240964,-9.95092348554217,-10.1012995156626,-8.79633326987952,-9.90015946024096,-10.2488057421687,-10.1983817638554,-8.39034213614458,-8.08929114096386,-9.4099547,-8.05923399638554,-8.98493711686747,-8.7173900313253,-7.63848615903614,-8.4119545253012,-9.60139166385542,-9.62041453253012,-9.25215421566265,-8.72152447228916,-10.5118624578313,-9.55197192891566,-11.4733310783133,-7.97454633493976,-9.54552950240964,-9.04892486626506,-8.49694558915663,-11.5105877722892,-9.52993472168675,-8.2212074626506,-6.80936117710843,-9.70592117228916,-10.2975986566265,-9.19833695301205,-9.90498585903614,-10.8987794686747,-10.5292356807229,-10.7848445216867,-9.11986866626506,-7.78392576024096,-8.92468566746988,-9.41885091445783,-8.85395347349398,-10.0108579409639
0,0,0,0,0,0,0,0,0,0,0,0,0,0,0,0,0,0,0,0,0,0,0,0,0,0,0,0,0,0,0,0,0,0,0,0,0,0,0,0,0,0,0,0,0,0,0,0,0,0,0,0,0,0,0,0,0,0,0,0,0,0,0,0,0,0,0
0,0,0,0,0,0,0,0,0,0,0,0,0,0,0,0,0,0,0,0,0,0,0,0,0,0,0,0,0,0,0,0,0,0,0,0,0,0,0,0,0,0,0,0,0,0,0,0,0,0,0,0,0,0,0,0,0,0,0,0,0,0,0,0,0,0,0
0,0,0,0,0,0,0,0,0,0,0,0,0,0,0,0,0,0,0,0,0,0,0,0,0,0,0,0,0,0,0,0,0,0,0,0,0,0,0,0,0,0,0,0,0,0,0,0,0,0,0,0,0,0,0,0,0,0,0,0,0,0,0,0,0,0,0
0,0,0,0,0,0,0,0,0,0,0,0,0,0,0,0,0,0,0,0,0,0,0,0,0,0,0,0,0,0,0,0,0,0,0,0,0,0,0,0,0,0,0,0,0,0,0,0,0,0,0,0,0,0,0,0,0,0,0,0,0,0,0,0,0,0,0
0,0,0,0,0,0,0,0,0,0,0,0,0,0,0,0,0,0,0,0,0,0,0,0,0,0,0,0,0,0,0,0,0,0,0,0,0,0,0,0,0,0,0,0,0,0,0,0,0,0,0,0,0,0,0,0,0,0,0,0,0,0,0,0,0,0,0
0,0,0,0,0,0,0,0,0,0,0,0,0,0,0,0,0,0,0,0,0,0,0,0,0,0,0,0,0,0,0,0,0,0,0,0,0,0,0,0,0,0,0,0,0,0,0,0,0,0,0,0,0,0,0,0,0,0,0,0,0,0,0,0,0,0,0
0,0,0,0,0,0,0,0,0,0,0,0,0,0,0,0,0,0,0,0,0,0,0,0,0,0,0,0,0,0,0,0,0,0,0,0,0,0,0,0,0,0,0,0,0,0,0,0,0,0,0,0,0,0,0,0,0,0,0,0,0,0,0,0,0,0,0
0,0,0,0,0,0,0,0,0,0,0,0,0,0,0,0,0,0,0,0,0,0,0,0,0,0,0,0,0,0,0,0,0,0,0,0,0,0,0,0,0,0,0,0,0,0,0,0,0,0,0,0,0,0,0,0,0,0,0,0,0,0,0,0,0,0,0
0,0,0,0,0,0,0,0,0,0,0,0,0,0,0,0,0,0,0,0,0,0,0,0,0,0,0,0,0,0,0,0,0,0,0,0,0,0,0,0,0,0,0,0,0,0,0,0,0,0,0,0,0,0,0,0,0,0,0,0,0,0,0,0,0,0,0
0,0,0,0,0,0,0,0,0,0,0,0,0,0,0,0,0,0,0,0,0,0,0,0,0,0,0,0,0,0,0,0,0,0,0,0,0,0,0,0,0,0,0,0,0,0,0,0,0,0,0,0,0,0,0,0,0,0,0,0,0,0,0,0,0,0,0
0,0,0,0,0,0,0,0,0,0,0,0,0,0,0,0,0,0,0,0,0,0,0,0,0,0,0,0,0,0,0,0,0,0,0,0,0,0,0,0,0,0,0,0,0,0,0,0,0,0,0,0,0,0,0,0,0,0,0,0,0,0,0,0,0,0,0
0,0,0,0,0,0,0,0,0,0,0,0,0,0,0,0,0,0,0,0,0,0,0,0,0,0,0,0,0,0,0,0,0,0,0,0,0,0,0,0,0,0,0,0,0,0,0,0,0,0,0,0,0,0,0,0,0,0,0,0,0,0,0,0,0,0,0
0,0,0,0,0,0,0,0,0,0,0,0,0,0,0,0,0,0,0,0,0,0,0,0,0,0,0,0,0,0,0,0,0,0,0,0,0,0,0,0,0,0,0,0,0,0,0,0,0,0,0,0,0,0,0,0,0,0,0,0,0,0,0,0,0,0,0
0,0,0,0,0,0,0,0,0,0,0,0,0,0,0,0,0,0,0,0,0,0,0,0,0,0,0,0,0,0,0,0,0,0,0,0,0,0,0,0,0,0,0,0,0,0,0,0,0,0,0,0,0,0,0,0,0,0,0,0,0,0,0,0,0,0,0
0,0,0,0,0,0,0,0,0,0,0,0,0,0,0,0,0,0,0,0,0,0,0,0,0,0,0,0,0,0,0,0,0,0,0,0,0,0,0,0,0,0,0,0,0,0,0,0,0,0,0,0,0,0,0,0,0,0,0,0,0,0,0,0,0,0,0
0,0,0,0,0,0,0,0,0,0,0,0,0,0,0,0,0,0,0,0,0,0,0,0,0,0,0,0,0,0,0,0,0,0,0,0,0,0,0,0,0,0,0,0,0,0,0,0,0,0,0,0,0,0,0,0,0,0,0,0,0,0,0,0,0,0,0
0,0,0,0,0,0,0,0,0,0,0,0,0,0,0,0,0,0,0,0,0,0,0,0,0,0,0,0,0,0,0,0,0,0,0,0,0,0,0,0,0,0,0,0,0,0,0,0,0,0,0,0,0,0,0,0,0,0,0,0,0,0,0,0,0,0,0
0,0,0,0,0,0,0,0,0,0,0,0,0,0,0,0,0,0,0,0,0,0,0,0,0,0,0,0,0,0,0,0,0,0,0,0,0,0,0,0,0,0,0,0,0,0,0,0,0,0,0,0,0,0,0,0,0,0,0,0,0,0,0,0,0,0,0
0,0,0,0,0,0,0,0,0,0,0,0,0,0,0,0,0,0,0,0,0,0,0,0,0,0,0,0,0,0,0,0,0,0,0,0,0,0,0,0,0,0,0,0,0,0,0,0,0,0,0,0,0,0,0,0,0,0,0,0,0,0,0,0,0,0,0
0,0,0,0,0,0,0,0,0,0,0,0,0,0,0,0,0,0,0,0,0,0,0,0,0,0,0,0,0,0,0,0,0,0,0,0,0,0,0,0,0,0,0,0,0,0,0,0,0,0,0,0,0,0,0,0,0,0,0,0,0,0,0,0,0,0,0
0,0,0,0,0,0,0,0,0,0,0,0,0,0,0,0,0,0,0,0,0,0,0,0,0,0,0,0,0,0,0,0,0,0,0,0,0,0,0,0,0,0,0,0,0,0,0,0,0,0,0,0,0,0,0,0,0,0,0,0,0,0,0,0,0,0,0
0,0,0,0,0,0,0,0,0,0,0,0,0,0,0,0,0,0,0,0,0,0,0,0,0,0,0,0,0,0,0,0,0,0,0,0,0,0,0,0,0,0,0,0,0,0,0,0,0,0,0,0,0,0,0,0,0,0,0,0,0,0,0,0,0,0,0
0,0,0,0,0,0,0,0,0,0,0,0,0,0,0,0,0,0,0,0,0,0,0,0,0,0,0,0,0,0,0,0,0,0,0,0,0,0,0,0,0,0,0,0,0,0,0,0,0,0,0,0,0,0,0,0,0,0,0,0,0,0,0,0,0,0,0
0,0,0,0,0,0,0,0,0,0,0,0,0,0,0,0,0,0,0,0,0,0,0,0,0,0,0,0,0,0,0,0,0,0,0,0,0,0,0,0,0,0,0,0,0,0,0,0,0,0,0,0,0,0,0,0,0,0,0,0,0,0,0,0,0,0,0
0,0,0,0,0,0,0,0,0,0,0,0,0,0,0,0,0,0,0,0,0,0,0,0,0,0,0,0,0,0,0,0,0,0,0,0,0,0,0,0,0,0,0,0,0,0,0,0,0,0,0,0,0,0,0,0,0,0,0,0,0,0,0,0,0,0,0
0,0,0,0,0,0,0,0,0,0,0,0,0,0,0,0,0,0,0,0,0,0,0,0,0,0,0,0,0,0,0,0,0,0,0,0,0,0,0,0,0,0,0,0,0,0,0,0,0,0,0,0,0,0,0,0,0,0,0,0,0,0,0,0,0,0,0
0,0,0,0,0,0,0,0,0,0,0,0,0,0,0,0,0,0,0,0,0,0,0,0,0,0,0,0,0,0,0,0,0,0,0,0,0,0,0,0,0,0,0,0,0,0,0,0,0,0,0,0,0,0,0,0,0,0,0,0,0,0,0,0,0,0,0
0,0,0,0,0,0,0,0,0,0,0,0,0,0,0,0,0,0,0,0,0,0,0,0,0,0,0,0,0,0,0,0,0,0,0,0,0,0,0,0,0,0,0,0,0,0,0,0,0,0,0,0,0,0,0,0,0,0,0,0,0,0,0,0,0,0,0
0,0,0,0,0,0,0,0,0,0,0,0,0,0,0,0,0,0,0,0,0,0,0,0,0,0,0,0,0,0,0,0,0,0,0,0,0,0,0,0,0,0,0,0,0,0,0,0,0,0,0,0,0,0,0,0,0,0,0,0,0,0,0,0,0,0,0
0,0,0,0,0,0,0,0,0,0,0,0,0,0,0,0,0,0,0,0,0,0,0,0,0,0,0,0,0,0,0,0,0,0,0,0,0,0,0,0,0,0,0,0,0,0,0,0,0,0,0,0,0,0,0,0,0,0,0,0,0,0,0,0,0,0,0
0,0,0,0,0,0,0,0,0,0,0,0,0,0,0,0,0,0,0,0,0,0,0,0,0,0,0,0,0,0,0,0,0,0,0,0,0,0,0,0,0,0,0,0,0,0,0,0,0,0,0,0,0,0,0,0,0,0,0,0,0,0,0,0,0,0,0
0,0,0,0,0,0,0,0,0,0,0,0,0,0,0,0,0,0,0,0,0,0,0,0,0,0,0,0,0,0,0,0,0,0,0,0,0,0,0,0,0,0,0,0,0,0,0,0,0,0,0,0,0,0,0,0,0,0,0,0,0,0,0,0,0,0,0
0,0,0,0,0,0,0,0,0,0,0,0,0,0,0,0,0,0,0,0,0,0,0,0,0,0,0,0,0,0,0,0,0,0,0,0,0,0,0,0,0,0,0,0,0,0,0,0,0,0,0,0,0,0,0,0,0,0,0,0,0,0,0,0,0,0,0
0,0,0,0,0,0,0,0,0,0,0,0,0,0,0,0,0,0,0,0,0,0,0,0,0,0,0,0,0,0,0,0,0,0,0,0,0,0,0,0,0,0,0,0,0,0,0,0,0,0,0,0,0,0,0,0,0,0,0,0,0,0,0,0,0,0,0
0,0,0,0,0,0,0,0,0,0,0,0,0,0,0,0,0,0,0,0,0,0,0,0,0,0,0,0,0,0,0,0,0,0,0,0,0,0,0,0,0,0,0,0,0,0,0,0,0,0,0,0,0,0,0,0,0,0,0,0,0,0,0,0,0,0,0
0,0,0,0,0,0,0,0,0,0,0,0,0,0,0,0,0,0,0,0,0,0,0,0,0,0,0,0,0,0,0,0,0,0,0,0,0,0,0,0,0,0,0,0,0,0,0,0,0,0,0,0,0,0,0,0,0,0,0,0,0,0,0,0,0,0,0
-0.145038794440033,-0.220410284260722,-0.189780579432188,-0.231712041900243,-0.228552316853087,-0.214212052342572,-0.229498651660646,-0.223643754561182,-0.212810292286807,-0.169945901121073,-0.278856650557204,-0.128531612308201,-0.155606758666895,-0.243569314474789,-0.190594288092477,-0.244487802112383,-0.207123110143345,-0.212455898624503,-0.157568828712731,-0.17105408157417,-0.196862745931124,-0.155812245629913,-0.168658845622788,-0.177255132862976,-0.250623819604738,-0.267687143486283,-0.214320965175707,-0.184145381915623,-0.254627396874571,-0.214799607893866,-0.156838225248376,-0.145091520804675,-0.189749570773543,-0.217493964779787,-0.15426051450098,-0.192717061381996,-0.192715445148484,-0.223194406336519,-0.194975651128607,-0.194524096650403,-0.189503181445682,-0.189397747013303,-0.169303039120269,-0.226022170010977,-0.219378968191564,-0.191495351812146,-0.240185595775478,-0.203792364003508,-0.181776070553023,-0.212643713928264,-0.286840432555103,-0.176461331719922,-0.144534897008779,-0.285856858760972,-0.200949799978762,-0.174567284152861,-0.231219480758798,-0.217214135473719,-0.224745101611448,-0.227678892489881,-0.232919220431804,-0.198640389939295,-0.17986315027834,-0.286316881393355,-0.165177251503885,-0.153826608384104,-0.152821326865932
0,0,0,0,0,0,0,0,0,0,0,0,0,0,0,0,0,0,0,0,0,0,0,0,0,0,0,0,0,0,0,0,0,0,0,0,0,0,0,0,0,0,0,0,0,0,0,0,0,0,0,0,0,0,0,0,0,0,0,0,0,0,0,0,0,0,0
0,0,0,0,0,0,0,0,0,0,0,0,0,0,0,0,0,0,0,0,0,0,0,0,0,0,0,0,0,0,0,0,0,0,0,0,0,0,0,0,0,0,0,0,0,0,0,0,0,0,0,0,0,0,0,0,0,0,0,0,0,0,0,0,0,0,0
0,0,0,0,0,0,0,0,0,0,0,0,0,0,0,0,0,0,0,0,0,0,0,0,0,0,0,0,0,0,0,0,0,0,0,0,0,0,0,0,0,0,0,0,0,0,0,0,0,0,0,0,0,0,0,0,0,0,0,0,0,0,0,0,0,0,0
0,0,0,0,0,0,0,0,0,0,0,0,0,0,0,0,0,0,0,0,0,0,0,0,0,0,0,0,0,0,0,0,0,0,0,0,0,0,0,0,0,0,0,0,0,0,0,0,0,0,0,0,0,0,0,0,0,0,0,0,0,0,0,0,0,0,0
0,0,0,0,0,0,0,0,0,0,0,0,0,0,0,0,0,0,0,0,0,0,0,0,0,0,0,0,0,0,0,0,0,0,0,0,0,0,0,0,0,0,0,0,0,0,0,0,0,0,0,0,0,0,0,0,0,0,0,0,0,0,0,0,0,0,0
0,0,0,0,0,0,0,0,0,0,0,0,0,0,0,0,0,0,0,0,0,0,0,0,0,0,0,0,0,0,0,0,0,0,0,0,0,0,0,0,0,0,0,0,0,0,0,0,0,0,0,0,0,0,0,0,0,0,0,0,0,0,0,0,0,0,0
0,0,0,0,0,0,0,0,0,0,0,0,0,0,0,0,0,0,0,0,0,0,0,0,0,0,0,0,0,0,0,0,0,0,0,0,0,0,0,0,0,0,0,0,0,0,0,0,0,0,0,0,0,0,0,0,0,0,0,0,0,0,0,0,0,0,0
0,0,0,0,0,0,0,0,0,0,0,0,0,0,0,0,0,0,0,0,0,0,0,0,0,0,0,0,0,0,0,0,0,0,0,0,0,0,0,0,0,0,0,0,0,0,0,0,0,0,0,0,0,0,0,0,0,0,0,0,0,0,0,0,0,0,0
0,0,0,0,0,0,0,0,0,0,0,0,0,0,0,0,0,0,0,0,0,0,0,0,0,0,0,0,0,0,0,0,0,0,0,0,0,0,0,0,0,0,0,0,0,0,0,0,0,0,0,0,0,0,0,0,0,0,0,0,0,0,0,0,0,0,0
0,0,0,0,0,0,0,0,0,0,0,0,0,0,0,0,0,0,0,0,0,0,0,0,0,0,0,0,0,0,0,0,0,0,0,0,0,0,0,0,0,0,0,0,0,0,0,0,0,0,0,0,0,0,0,0,0,0,0,0,0,0,0,0,0,0,0
0,0,0,0,0,0,0,0,0,0,0,0,0,0,0,0,0,0,0,0,0,0,0,0,0,0,0,0,0,0,0,0,0,0,0,0,0,0,0,0,0,0,0,0,0,0,0,0,0,0,0,0,0,0,0,0,0,0,0,0,0,0,0,0,0,0,0
0,0,0,0,0,0,0,0,0,0,0,0,0,0,0,0,0,0,0,0,0,0,0,0,0,0,0,0,0,0,0,0,0,0,0,0,0,0,0,0,0,0,0,0,0,0,0,0,0,0,0,0,0,0,0,0,0,0,0,0,0,0,0,0,0,0,0
0,0,0,0,0,0,0,0,0,0,0,0,0,0,0,0,0,0,0,0,0,0,0,0,0,0,0,0,0,0,0,0,0,0,0,0,0,0,0,0,0,0,0,0,0,0,0,0,0,0,0,0,0,0,0,0,0,0,0,0,0,0,0,0,0,0,0
0,0,0,0,0,0,0,0,0,0,0,0,0,0,0,0,0,0,0,0,0,0,0,0,0,0,0,0,0,0,0,0,0,0,0,0,0,0,0,0,0,0,0,0,0,0,0,0,0,0,0,0,0,0,0,0,0,0,0,0,0,0,0,0,0,0,0
0,0,0,0,0,0,0,0,0,0,0,0,0,0,0,0,0,0,0,0,0,0,0,0,0,0,0,0,0,0,0,0,0,0,0,0,0,0,0,0,0,0,0,0,0,0,0,0,0,0,0,0,0,0,0,0,0,0,0,0,0,0,0,0,0,0,0
0,0,0,0,0,0,0,0,0,0,0,0,0,0,0,0,0,0,0,0,0,0,0,0,0,0,0,0,0,0,0,0,0,0,0,0,0,0,0,0,0,0,0,0,0,0,0,0,0,0,0,0,0,0,0,0,0,0,0,0,0,0,0,0,0,0,0
0,0,0,0,0,0,0,0,0,0,0,0,0,0,0,0,0,0,0,0,0,0,0,0,0,0,0,0,0,0,0,0,0,0,0,0,0,0,0,0,0,0,0,0,0,0,0,0,0,0,0,0,0,0,0,0,0,0,0,0,0,0,0,0,0,0,0
0,0,0,0,0,0,0,0,0,0,0,0,0,0,0,0,0,0,0,0,0,0,0,0,0,0,0,0,0,0,0,0,0,0,0,0,0,0,0,0,0,0,0,0,0,0,0,0,0,0,0,0,0,0,0,0,0,0,0,0,0,0,0,0,0,0,0
0,0,0,0,0,0,0,0,0,0,0,0,0,0,0,0,0,0,0,0,0,0,0,0,0,0,0,0,0,0,0,0,0,0,0,0,0,0,0,0,0,0,0,0,0,0,0,0,0,0,0,0,0,0,0,0,0,0,0,0,0,0,0,0,0,0,0
0,0,0,0,0,0,0,0,0,0,0,0,0,0,0,0,0,0,0,0,0,0,0,0,0,0,0,0,0,0,0,0,0,0,0,0,0,0,0,0,0,0,0,0,0,0,0,0,0,0,0,0,0,0,0,0,0,0,0,0,0,0,0,0,0,0,0
0,0,0,0,0,0,0,0,0,0,0,0,0,0,0,0,0,0,0,0,0,0,0,0,0,0,0,0,0,0,0,0,0,0,0,0,0,0,0,0,0,0,0,0,0,0,0,0,0,0,0,0,0,0,0,0,0,0,0,0,0,0,0,0,0,0,0
0,0,0,0,0,0,0,0,0,0,0,0,0,0,0,0,0,0,0,0,0,0,0,0,0,0,0,0,0,0,0,0,0,0,0,0,0,0,0,0,0,0,0,0,0,0,0,0,0,0,0,0,0,0,0,0,0,0,0,0,0,0,0,0,0,0,0
0,0,0,0,0,0,0,0,0,0,0,0,0,0,0,0,0,0,0,0,0,0,0,0,0,0,0,0,0,0,0,0,0,0,0,0,0,0,0,0,0,0,0,0,0,0,0,0,0,0,0,0,0,0,0,0,0,0,0,0,0,0,0,0,0,0,0
0,0,0,0,0,0,0,0,0,0,0,0,0,0,0,0,0,0,0,0,0,0,0,0,0,0,0,0,0,0,0,0,0,0,0,0,0,0,0,0,0,0,0,0,0,0,0,0,0,0,0,0,0,0,0,0,0,0,0,0,0,0,0,0,0,0,0
0,0,0,0,0,0,0,0,0,0,0,0,0,0,0,0,0,0,0,0,0,0,0,0,0,0,0,0,0,0,0,0,0,0,0,0,0,0,0,0,0,0,0,0,0,0,0,0,0,0,0,0,0,0,0,0,0,0,0,0,0,0,0,0,0,0,0
0,0,0,0,0,0,0,0,0,0,0,0,0,0,0,0,0,0,0,0,0,0,0,0,0,0,0,0,0,0,0,0,0,0,0,0,0,0,0,0,0,0,0,0,0,0,0,0,0,0,0,0,0,0,0,0,0,0,0,0,0,0,0,0,0,0,0
826.95653,826.95653,826.95653,826.95653,826.95653,826.95653,826.95653,826.95653,826.95653,826.95653,826.95653,826.95653,826.95653,826.95653,826.95653,826.95653,826.95653,826.95653,826.95653,826.95653,826.95653,826.95653,826.95653,826.95653,826.95653,826.95653,826.95653,826.95653,826.95653,826.95653,826.95653,826.95653,826.95653,826.95653,826.95653,826.95653,826.95653,826.95653,826.95653,826.95653,826.95653,826.95653,826.95653,826.95653,826.95653,826.95653,826.95653,826.95653,826.95653,826.95653,826.95653,826.95653,826.95653,826.95653,826.95653,826.95653,826.95653,826.95653,826.95653,826.95653,826.95653,826.95653,826.95653,826.95653,826.95653,826.95653,826.95653
-826.95653,-826.95653,-826.95653,-826.95653,-826.95653,-826.95653,-826.95653,-826.95653,-826.95653,-826.95653,-826.95653,-826.95653,-826.95653,-826.95653,-826.95653,-826.95653,-826.95653,-826.95653,-826.95653,-826.95653,-826.95653,-826.95653,-826.95653,-826.95653,-826.95653,-826.95653,-826.95653,-826.95653,-826.95653,-826.95653,-826.95653,-826.95653,-826.95653,-826.95653,-826.95653,-826.95653,-826.95653,-826.95653,-826.95653,-826.95653,-826.95653,-826.95653,-826.95653,-826.95653,-826.95653,-826.95653,-826.95653,-826.95653,-826.95653,-826.95653,-826.95653,-826.95653,-826.95653,-826.95653,-826.95653,-826.95653,-826.95653,-826.95653,-826.95653,-826.95653,-826.95653,-826.95653,-826.95653,-826.95653,-826.95653,-826.95653,-826.95653
0,0,0,0,0,0,0,0,0,0,0,0,0,0,0,0,0,0,0,0,0,0,0,0,0,0,0,0,0,0,0,0,0,0,0,0,0,0,0,0,0,0,0,0,0,0,0,0,0,0,0,0,0,0,0,0,0,0,0,0,0,0,0,0,0,0,0
0,0,0,0,0,0,0,0,0,0,0,0,0,0,0,0,0,0,0,0,0,0,0,0,0,0,0,0,0,0,0,0,0,0,0,0,0,0,0,0,0,0,0,0,0,0,0,0,0,0,0,0,0,0,0,0,0,0,0,0,0,0,0,0,0,0,0
0,0,0,0,0,0,0,0,0,0,0,0,0,0,0,0,0,0,0,0,0,0,0,0,0,0,0,0,0,0,0,0,0,0,0,0,0,0,0,0,0,0,0,0,0,0,0,0,0,0,0,0,0,0,0,0,0,0,0,0,0,0,0,0,0,0,0
0,0,0,0,0,0,0,0,0,0,0,0,0,0,0,0,0,0,0,0,0,0,0,0,0,0,0,0,0,0,0,0,0,0,0,0,0,0,0,0,0,0,0,0,0,0,0,0,0,0,0,0,0,0,0,0,0,0,0,0,0,0,0,0,0,0,0
0,0,0,0,0,0,0,0,0,0,0,0,0,0,0,0,0,0,0,0,0,0,0,0,0,0,0,0,0,0,0,0,0,0,0,0,0,0,0,0,0,0,0,0,0,0,0,0,0,0,0,0,0,0,0,0,0,0,0,0,0,0,0,0,0,0,0
0,0,0,0,0,0,0,0,0,0,0,0,0,0,0,0,0,0,0,0,0,0,0,0,0,0,0,0,0,0,0,0,0,0,0,0,0,0,0,0,0,0,0,0,0,0,0,0,0,0,0,0,0,0,0,0,0,0,0,0,0,0,0,0,0,0,0
0,0,0,0,0,0,0,0,0,0,0,0,0,0,0,0,0,0,0,0,0,0,0,0,0,0,0,0,0,0,0,0,0,0,0,0,0,0,0,0,0,0,0,0,0,0,0,0,0,0,0,0,0,0,0,0,0,0,0,0,0,0,0,0,0,0,0
0,0,0,0,0,0,0,0,0,0,0,0,0,0,0,0,0,0,0,0,0,0,0,0,0,0,0,0,0,0,0,0,0,0,0,0,0,0,0,0,0,0,0,0,0,0,0,0,0,0,0,0,0,0,0,0,0,0,0,0,0,0,0,0,0,0,0
0,0,0,0,0,0,0,0,0,0,0,0,0,0,0,0,0,0,0,0,0,0,0,0,0,0,0,0,0,0,0,0,0,0,0,0,0,0,0,0,0,0,0,0,0,0,0,0,0,0,0,0,0,0,0,0,0,0,0,0,0,0,0,0,0,0,0
0,0,0,0,0,0,0,0,0,0,0,0,0,0,0,0,0,0,0,0,0,0,0,0,0,0,0,0,0,0,0,0,0,0,0,0,0,0,0,0,0,0,0,0,0,0,0,0,0,0,0,0,0,0,0,0,0,0,0,0,0,0,0,0,0,0,0
0,0,0,0,0,0,0,0,0,0,0,0,0,0,0,0,0,0,0,0,0,0,0,0,0,0,0,0,0,0,0,0,0,0,0,0,0,0,0,0,0,0,0,0,0,0,0,0,0,0,0,0,0,0,0,0,0,0,0,0,0,0,0,0,0,0,0
0,0,0,0,0,0,0,0,0,0,0,0,0,0,0,0,0,0,0,0,0,0,0,0,0,0,0,0,0,0,0,0,0,0,0,0,0,0,0,0,0,0,0,0,0,0,0,0,0,0,0,0,0,0,0,0,0,0,0,0,0,0,0,0,0,0,0
0,0,0,0,0,0,0,0,0,0,0,0,0,0,0,0,0,0,0,0,0,0,0,0,0,0,0,0,0,0,0,0,0,0,0,0,0,0,0,0,0,0,0,0,0,0,0,0,0,0,0,0,0,0,0,0,0,0,0,0,0,0,0,0,0,0,0
0,0,0,0,0,0,0,0,0,0,0,0,0,0,0,0,0,0,0,0,0,0,0,0,0,0,0,0,0,0,0,0,0,0,0,0,0,0,0,0,0,0,0,0,0,0,0,0,0,0,0,0,0,0,0,0,0,0,0,0,0,0,0,0,0,0,0
0,0,0,0,0,0,0,0,0,0,0,0,0,0,0,0,0,0,0,0,0,0,0,0,0,0,0,0,0,0,0,0,0,0,0,0,0,0,0,0,0,0,0,0,0,0,0,0,0,0,0,0,0,0,0,0,0,0,0,0,0,0,0,0,0,0,0
0,0,0,0,0,0,0,0,0,0,0,0,0,0,0,0,0,0,0,0,0,0,0,0,0,0,0,0,0,0,0,0,0,0,0,0,0,0,0,0,0,0,0,0,0,0,0,0,0,0,0,0,0,0,0,0,0,0,0,0,0,0,0,0,0,0,0
0,0,0,0,0,0,0,0,0,0,0,0,0,0,0,0,0,0,0,0,0,0,0,0,0,0,0,0,0,0,0,0,0,0,0,0,0,0,0,0,0,0,0,0,0,0,0,0,0,0,0,0,0,0,0,0,0,0,0,0,0,0,0,0,0,0,0
0,0,0,0,0,0,0,0,0,0,0,0,0,0,0,0,0,0,0,0,0,0,0,0,0,0,0,0,0,0,0,0,0,0,0,0,0,0,0,0,0,0,0,0,0,0,0,0,0,0,0,0,0,0,0,0,0,0,0,0,0,0,0,0,0,0,0
0,0,0,0,0,0,0,0,0,0,0,0,0,0,0,0,0,0,0,0,0,0,0,0,0,0,0,0,0,0,0,0,0,0,0,0,0,0,0,0,0,0,0,0,0,0,0,0,0,0,0,0,0,0,0,0,0,0,0,0,0,0,0,0,0,0,0
0,0,0,0,0,0,0,0,0,0,0,0,0,0,0,0,0,0,0,0,0,0,0,0,0,0,0,0,0,0,0,0,0,0,0,0,0,0,0,0,0,0,0,0,0,0,0,0,0,0,0,0,0,0,0,0,0,0,0,0,0,0,0,0,0,0,0
0,0,0,0,0,0,0,0,0,0,0,0,0,0,0,0,0,0,0,0,0,0,0,0,0,0,0,0,0,0,0,0,0,0,0,0,0,0,0,0,0,0,0,0,0,0,0,0,0,0,0,0,0,0,0,0,0,0,0,0,0,0,0,0,0,0,0
0,0,0,0,0,0,0,0,0,0,0,0,0,0,0,0,0,0,0,0,0,0,0,0,0,0,0,0,0,0,0,0,0,0,0,0,0,0,0,0,0,0,0,0,0,0,0,0,0,0,0,0,0,0,0,0,0,0,0,0,0,0,0,0,0,0,0
0,0,0,0,0,0,0,0,0,0,0,0,0,0,0,0,0,0,0,0,0,0,0,0,0,0,0,0,0,0,0,0,0,0,0,0,0,0,0,0,0,0,0,0,0,0,0,0,0,0,0,0,0,0,0,0,0,0,0,0,0,0,0,0,0,0,0
0,0,0,0,0,0,0,0,0,0,0,0,0,0,0,0,0,0,0,0,0,0,0,0,0,0,0,0,0,0,0,0,0,0,0,0,0,0,0,0,0,0,0,0,0,0,0,0,0,0,0,0,0,0,0,0,0,0,0,0,0,0,0,0,0,0,0
0,0,0,0,0,0,0,0,0,0,0,0,0,0,0,0,0,0,0,0,0,0,0,0,0,0,0,0,0,0,0,0,0,0,0,0,0,0,0,0,0,0,0,0,0,0,0,0,0,0,0,0,0,0,0,0,0,0,0,0,0,0,0,0,0,0,0
0,0,0,0,0,0,0,0,0,0,0,0,0,0,0,0,0,0,0,0,0,0,0,0,0,0,0,0,0,0,0,0,0,0,0,0,0,0,0,0,0,0,0,0,0,0,0,0,0,0,0,0,0,0,0,0,0,0,0,0,0,0,0,0,0,0,0
0,0,0,0,0,0,0,0,0,0,0,0,0,0,0,0,0,0,0,0,0,0,0,0,0,0,0,0,0,0,0,0,0,0,0,0,0,0,0,0,0,0,0,0,0,0,0,0,0,0,0,0,0,0,0,0,0,0,0,0,0,0,0,0,0,0,0
0,0,0,0,0,0,0,0,0,0,0,0,0,0,0,0,0,0,0,0,0,0,0,0,0,0,0,0,0,0,0,0,0,0,0,0,0,0,0,0,0,0,0,0,0,0,0,0,0,0,0,0,0,0,0,0,0,0,0,0,0,0,0,0,0,0,0
0,0,0,0,0,0,0,0,0,0,0,0,0,0,0,0,0,0,0,0,0,0,0,0,0,0,0,0,0,0,0,0,0,0,0,0,0,0,0,0,0,0,0,0,0,0,0,0,0,0,0,0,0,0,0,0,0,0,0,0,0,0,0,0,0,0,0
0,0,0,0,0,0,0,0,0,0,0,0,0,0,0,0,0,0,0,0,0,0,0,0,0,0,0,0,0,0,0,0,0,0,0,0,0,0,0,0,0,0,0,0,0,0,0,0,0,0,0,0,0,0,0,0,0,0,0,0,0,0,0,0,0,0,0
0,0,0,0,0,0,0,0,0,0,0,0,0,0,0,0,0,0,0,0,0,0,0,0,0,0,0,0,0,0,0,0,0,0,0,0,0,0,0,0,0,0,0,0,0,0,0,0,0,0,0,0,0,0,0,0,0,0,0,0,0,0,0,0,0,0,0
0,0,0,0,0,0,0,0,0,0,0,0,0,0,0,0,0,0,0,0,0,0,0,0,0,0,0,0,0,0,0,0,0,0,0,0,0,0,0,0,0,0,0,0,0,0,0,0,0,0,0,0,0,0,0,0,0,0,0,0,0,0,0,0,0,0,0
0,0,0,0,0,0,0,0,0,0,0,0,0,0,0,0,0,0,0,0,0,0,0,0,0,0,0,0,0,0,0,0,0,0,0,0,0,0,0,0,0,0,0,0,0,0,0,0,0,0,0,0,0,0,0,0,0,0,0,0,0,0,0,0,0,0,0
-8.65908309229731,-15.8211463759825,-23.8386537036976,-4.08647749002138,-3.3384092934885,-12.0592871597682,-8.65222133349931,-17.7283442461779,-29.9467535786759,-4.70046836628194,-11.031911826696,-7.01501663098845,-9.90568877758032,-12.2108347460294,-9.64681818961148,-8.55774293456728,-8.93561017165119,-14.0253088015836,-36.4094996574604,-53.7849621952737,-5.7309417373218,-8.59993174882462,-45.1761205462636,-31.8666350905059,-6.27772388103549,-4.64920483480709,-4.81438376157208,-4.03689056486648,-2.33448860333425,-4.44676068305625,-5.36512963254196,-11.9517602608315,-7.14552176435493,-12.4043542154446,-7.84220640772094,-9.67869778450949,-8.89609914486101,-13.8130268245658,-7.06032756483312,-4.3837677963496,-16.2539467768042,-10.3811981814565,-43.0752379406357,-12.7647056442948,-6.07998064213048,-9.75350657839036,-7.10307835379842,-15.5133052424287,-29.4474813556211,-12.7557746507833,-7.35715250099016,-6.57321581217657,-5.54920991764453,-2.67210131910376,-10.3596893322497,-29.5399092200547,-3.55134388610919,-0.733943195132093,-9.68169327524176,-8.46013350203868,-2.54272689015534,-6.66844568368848,-26.9166483034879,-6.34481594953013,-4.34888678239505,-40.7385703016731,-8.40826868750557
0,0,0,0,0,0,0,0,0,0,0,0,0,0,0,0,0,0,0,0,0,0,0,0,0,0,0,0,0,0,0,0,0,0,0,0,0,0,0,0,0,0,0,0,0,0,0,0,0,0,0,0,0,0,0,0,0,0,0,0,0,0,0,0,0,0,0
0,0,0,0,0,0,0,0,0,0,0,0,0,0,0,0,0,0,0,0,0,0,0,0,0,0,0,0,0,0,0,0,0,0,0,0,0,0,0,0,0,0,0,0,0,0,0,0,0,0,0,0,0,0,0,0,0,0,0,0,0,0,0,0,0,0,0
0,0,0,0,0,0,0,0,0,0,0,0,0,0,0,0,0,0,0,0,0,0,0,0,0,0,0,0,0,0,0,0,0,0,0,0,0,0,0,0,0,0,0,0,0,0,0,0,0,0,0,0,0,0,0,0,0,0,0,0,0,0,0,0,0,0,0
0,0,0,0,0,0,0,0,0,0,0,0,0,0,0,0,0,0,0,0,0,0,0,0,0,0,0,0,0,0,0,0,0,0,0,0,0,0,0,0,0,0,0,0,0,0,0,0,0,0,0,0,0,0,0,0,0,0,0,0,0,0,0,0,0,0,0
0,0,0,0,0,0,0,0,0,0,0,0,0,0,0,0,0,0,0,0,0,0,0,0,0,0,0,0,0,0,0,0,0,0,0,0,0,0,0,0,0,0,0,0,0,0,0,0,0,0,0,0,0,0,0,0,0,0,0,0,0,0,0,0,0,0,0
0,0,0,0,0,0,0,0,0,0,0,0,0,0,0,0,0,0,0,0,0,0,0,0,0,0,0,0,0,0,0,0,0,0,0,0,0,0,0,0,0,0,0,0,0,0,0,0,0,0,0,0,0,0,0,0,0,0,0,0,0,0,0,0,0,0,0
0,0,0,0,0,0,0,0,0,0,0,0,0,0,0,0,0,0,0,0,0,0,0,0,0,0,0,0,0,0,0,0,0,0,0,0,0,0,0,0,0,0,0,0,0,0,0,0,0,0,0,0,0,0,0,0,0,0,0,0,0,0,0,0,0,0,0
0,0,0,0,0,0,0,0,0,0,0,0,0,0,0,0,0,0,0,0,0,0,0,0,0,0,0,0,0,0,0,0,0,0,0,0,0,0,0,0,0,0,0,0,0,0,0,0,0,0,0,0,0,0,0,0,0,0,0,0,0,0,0,0,0,0,0
-69.4467313771988,-89.4729095374007,-87.9703716706257,-77.5745634870269,-76.7695071617188,-71.7476494214498,-76.3964861870714,-116.529964698204,-84.7263459435416,-80.5190820443017,-113.023183185325,-88.0035952481473,-92.2704409081551,-100.540942092563,-84.1203576057191,-92.8299060818692,-103.718101889724,-79.9233829135008,-86.398640634428,-90.560883652037,-74.8911641699744,-78.8740033608019,-99.2073244792348,-97.7367420077293,-121.23367682467,-91.7936075285569,-78.2943089780025,-78.2050187998739,-75.1986633083427,-68.3824511475208,-66.9081386942143,-73.523943463343,-75.8638239341712,-87.6384491594981,-75.3780466268855,-95.8812978596079,-77.3477324366375,-86.2259660707507,-85.1481419508091,-83.5918592255963,-128.594547552084,-107.790654057574,-76.3288352392069,-86.1929782501019,-80.0334364807587,-80.8642041076422,-81.7482562690954,-118.127656248176,-79.4734418670728,-82.1348276510544,-94.1286785399565,-87.4731136538846,-71.4727187834549,-66.8883829017839,-105.688948814067,-94.1984927316545,-83.5361350756545,-77.3897247839719,-104.347339591038,-90.5899658381283,-85.660872042777,-77.5356904682993,-78.2602436455023,-79.4858252363191,-72.5907360821032,-67.914512662502,-103.641971623084
-125.306901805266,-151.284926442167,-152.48574091732,-144.972296880342,-150.090420905951,-135.964284114834,-142.579130368517,-168.254946205687,-154.097350144572,-136.137597692947,-151.009726495046,-143.279177739361,-143.276946093275,-177.86525011375,-154.492848842548,-139.960770066387,-144.899524264304,-140.080902298449,-148.777173923631,-143.461308120674,-135.680591547086,-148.549616282531,-160.582196589485,-155.727500202166,-153.222721511404,-154.160301436616,-139.830831379986,-135.916329604926,-146.598760363559,-125.006593908512,-129.740317721599,-129.258382236837,-128.786054480871,-131.58854990092,-138.268644775177,-159.672642906707,-143.284339709587,-144.662872217205,-152.245494185504,-151.260097056297,-152.063880877595,-146.141902317235,-136.7754003342,-152.141944331183,-149.409027893258,-152.037379597917,-150.475582948337,-169.713001440097,-138.998266543178,-142.596181393013,-156.021365941091,-134.208500594744,-133.873754908233,-126.838727592808,-132.027601959674,-157.58553312499,-150.604453655086,-142.136800826325,-158.286487581405,-150.863854358077,-157.0050516576,-141.983967854529,-136.201683946207,-146.400675145716,-140.201498214633,-125.071480412082,-151.114787644025
-143.867684473527,-172.382363748753,-174.364166964881,-165.84126018369,-171.354063450051,-154.912269445895,-163.532415835879,-191.842852259949,-176.216241792477,-155.096027590571,-171.635521124102,-163.45803987904,-163.988777090356,-203.285069746488,-176.894686104108,-160.013841824711,-165.475922452625,-160.426619591688,-170.386102446152,-164.450799313836,-155.191791869718,-169.638106353817,-184.552242091296,-178.357603574745,-173.541288288267,-175.763912408693,-160.49355044363,-155.354374669836,-167.96887189987,-142.708922751441,-148.98806117819,-148.121937957203,-147.405622319747,-149.978672489712,-158.712525233879,-182.435640645511,-164.414676878002,-165.790760288577,-174.557237011317,-172.39142714403,-173.8987090133,-165.848372755907,-157.483410915863,-173.802998877603,-170.859721697021,-173.736799478614,-172.17995817546,-194.169888800573,-159.029211779504,-162.834746029302,-177.773538544321,-153.499470039449,-153.501449416339,-145.064239932974,-150.781717899774,-180.145483036713,-172.285892578276,-162.224165977501,-180.585628500999,-172.139355129381,-179.255515357496,-162.245970870624,-156.260312587971,-167.114178582594,-160.430098855719,-143.571387010855,-171.988066000859
-90.2651691589071,-106.873285820906,-109.704737150058,-99.5801547117048,-104.024578064518,-92.7092522454097,-100.843809134071,-116.307635764242,-112.943853426762,-93.2301950451516,-105.371385204241,-97.3200781992685,-114.547611701161,-132.258227402522,-110.850139903431,-100.114486729584,-101.902186537621,-104.91364841712,-106.687693015272,-105.082736525344,-95.527443479296,-103.589703490098,-127.805416200957,-116.562676735953,-105.564036971217,-108.433271205651,-97.8967046103341,-94.7322754059677,-101.139058658202,-84.9493177717377,-94.572953158525,-93.9741630661449,-92.9156884209537,-92.3326368736864,-97.2136162451466,-116.909290819821,-102.623703805641,-105.767245579769,-105.564988439926,-106.45629983723,-112.634216982174,-102.271851974186,-98.0317656146567,-106.151546030967,-108.261560522421,-109.086339170541,-116.869292530465,-121.182342328973,-100.42330068362,-107.339723861696,-109.632382154689,-95.4490931179309,-94.5278819429483,-89.6273604782643,-96.8337790840131,-112.082755012432,-105.624819749938,-97.6180796580311,-109.373112189858,-104.958630988917,-109.569972581499,-98.3251281817993,-96.0144970874805,-99.7700047112042,-96.8024640604654,-93.3509365383386,-104.633794065874
0,0,0,0,0,0,0,0,0,0,0,0,0,0,0,0,0,0,0,0,0,0,0,0,0,0,0,0,0,0,0,0,0,0,0,0,0,0,0,0,0,0,0,0,0,0,0,0,0,0,0,0,0,0,0,0,0,0,0,0,0,0,0,0,0,0,0
0,0,0,0,0,0,0,0,0,0,0,0,0,0,0,0,0,0,0,0,0,0,0,0,0,0,0,0,0,0,0,0,0,0,0,0,0,0,0,0,0,0,0,0,0,0,0,0,0,0,0,0,0,0,0,0,0,0,0,0,0,0,0,0,0,0,0
0,0,0,0,0,0,0,0,0,0,0,0,0,0,0,0,0,0,0,0,0,0,0,0,0,0,0,0,0,0,0,0,0,0,0,0,0,0,0,0,0,0,0,0,0,0,0,0,0,0,0,0,0,0,0,0,0,0,0,0,0,0,0,0,0,0,0
-182.661125201674,-219.431507549313,-221.395982454317,-210.817929425323,-217.741879639372,-196.757947822206,-206.700610194731,-244.539249418492,-223.631412121225,-196.081130221626,-218.221286367428,-207.623641077941,-208.418161858117,-257.926923304854,-224.023186773781,-202.689097683877,-210.085452769394,-203.132474480179,-215.832190987853,-208.10812732419,-197.368252357399,-215.518383339221,-233.792724745906,-226.177815502143,-220.843846038995,-223.675743262864,-203.05987057862,-197.773550995021,-213.250128845587,-181.505242690036,-188.822866336694,-188.08482201864,-187.309519911766,-190.036411684957,-201.047767507995,-231.291233968689,-208.126733415385,-210.678282516203,-221.395456176679,-218.678174002262,-221.015882509382,-210.765718766355,-199.041655273411,-221.991183990169,-216.370961280743,-220.356145108694,-218.531093433138,-246.950377984352,-202.998650224558,-207.115271973857,-225.255109628614,-194.491426880567,-194.646723540042,-184.837156998698,-191.515655150737,-228.883830120477,-218.840693751375,-205.559776573146,-229.820531212244,-219.288917527964,-227.581844232649,-205.645731149182,-198.371904262499,-213.073458806619,-203.806677202478,-181.677794677434,-218.972010752662
0,0,0,0,0,0,0,0,0,0,0,0,0,0,0,0,0,0,0,0,0,0,0,0,0,0,0,0,0,0,0,0,0,0,0,0,0,0,0,0,0,0,0,0,0,0,0,0,0,0,0,0,0,0,0,0,0,0,0,0,0,0,0,0,0,0,0
0,0,0,0,0,0,0,0,0,0,0,0,0,0,0,0,0,0,0,0,0,0,0,0,0,0,0,0,0,0,0,0,0,0,0,0,0,0,0,0,0,0,0,0,0,0,0,0,0,0,0,0,0,0,0,0,0,0,0,0,0,0,0,0,0,0,0
0,0,0,0,0,0,0,0,0,0,0,0,0,0,0,0,0,0,0,0,0,0,0,0,0,0,0,0,0,0,0,0,0,0,0,0,0,0,0,0,0,0,0,0,0,0,0,0,0,0,0,0,0,0,0,0,0,0,0,0,0,0,0,0,0,0,0
0,0,0,0,0,0,0,0,0,0,0,0,0,0,0,0,0,0,0,0,0,0,0,0,0,0,0,0,0,0,0,0,0,0,0,0,0,0,0,0,0,0,0,0,0,0,0,0,0,0,0,0,0,0,0,0,0,0,0,0,0,0,0,0,0,0,0
0,0,0,0,0,0,0,0,0,0,0,0,0,0,0,0,0,0,0,0,0,0,0,0,0,0,0,0,0,0,0,0,0,0,0,0,0,0,0,0,0,0,0,0,0,0,0,0,0,0,0,0,0,0,0,0,0,0,0,0,0,0,0,0,0,0,0
-38.5982217971626,-46.4101003272761,-46.8164976705933,-44.57148185588,-46.0501905471576,-41.618578136389,-43.696802853763,-51.7356701488845,-47.2839297504553,-41.4619371921075,-46.1813582940858,-43.9087897881608,-44.0409718828932,-54.5667174892401,-47.3623912053061,-42.848313111157,-44.433007098986,-42.9445322543954,-45.5950450750682,-43.975882544475,-41.687368636069,-45.5694279658715,-49.4234717700152,-47.8331324437398,-46.7389120064796,-47.3016057866547,-42.9211981210185,-41.7905348183567,-45.0850999127712,-38.367937302507,-39.8957659188862,-39.7327385778679,-39.5729786995219,-40.1815929468628,-42.4933284952833,-48.8975107434856,-43.9908851998314,-44.5495618328097,-46.8013435985561,-46.252490330416,-46.7413816952914,-44.5852131413968,-42.0329813744085,-46.9214057957577,-45.7501327153082,-46.5863583729583,-46.176665325214,-52.2452032093184,-42.9198250754797,-43.7897866482236,-47.6192500138715,-41.1140183822842,-41.1415383612258,-39.0717326567789,-40.4873404117083,-48.3856459661569,-46.2729392766334,-43.4702663578996,-48.6243978671078,-46.3574167871542,-48.1276810502665,-43.4709206259078,-41.9009510489849,-45.071553327361,-43.0614734665087,-38.3728155112689,-46.3228794499701
0,0,0,0,0,0,0,0,0,0,0,0,0,0,0,0,0,0,0,0,0,0,0,0,0,0,0,0,0,0,0,0,0,0,0,0,0,0,0,0,0,0,0,0,0,0,0,0,0,0,0,0,0,0,0,0,0,0,0,0,0,0,0,0,0,0,0
0,0,0,0,0,0,0,0,0,0,0,0,0,0,0,0,0,0,0,0,0,0,0,0,0,0,0,0,0,0,0,0,0,0,0,0,0,0,0,0,0,0,0,0,0,0,0,0,0,0,0,0,0,0,0,0,0,0,0,0,0,0,0,0,0,0,0
0,0,0,0,0,0,0,0,0,0,0,0,0,0,0,0,0,0,0,0,0,0,0,0,0,0,0,0,0,0,0,0,0,0,0,0,0,0,0,0,0,0,0,0,0,0,0,0,0,0,0,0,0,0,0,0,0,0,0,0,0,0,0,0,0,0,0
0,0,0,0,0,0,0,0,0,0,0,0,0,0,0,0,0,0,0,0,0,0,0,0,0,0,0,0,0,0,0,0,0,0,0,0,0,0,0,0,0,0,0,0,0,0,0,0,0,0,0,0,0,0,0,0,0,0,0,0,0,0,0,0,0,0,0
0,0,0,0,0,0,0,0,0,0,0,0,0,0,0,0,0,0,0,0,0,0,0,0,0,0,0,0,0,0,0,0,0,0,0,0,0,0,0,0,0,0,0,0,0,0,0,0,0,0,0,0,0,0,0,0,0,0,0,0,0,0,0,0,0,0,0
-0.42311561264675,-0.527655352747873,-0.295929122860929,-0.357018558200467,-0.678682633811671,-0.651511707179819,-0.519520745160238,-0.547804286403806,-0.519606529887711,-0.525199242344444,-0.804401424828431,-0.328850332240205,-0.415681707991702,-1.006344085817,-0.583229920477405,-0.489216026131785,-0.292099139361396,-0.395372115863332,-0.346411082654755,-0.513148788359634,-0.399856203169355,-0.392108941890976,-0.517173670464832,-0.630979836314485,-0.691847006872887,-0.575191394762367,-0.311978197192006,-0.370106205729396,-0.365664200593184,-0.475872862514837,-0.308941173439381,-0.409422845832551,-0.489652705047362,-0.282197493751737,-0.306658118490907,-0.422435009306428,-0.352013338116044,-0.39602705163002,-0.349371774880785,-0.345178744930581,-0.482078003802967,-0.354399567499679,-0.385715431397136,-0.691825174347887,-0.299179381031326,-0.642651321255664,-0.358583156649317,-0.55079593029217,-0.384211025467983,-0.689212739447013,-0.591004322775754,-0.395346611903717,-0.354733640751325,-0.327958931669352,-0.285961229194449,-0.492129505525788,-0.551485086474275,-0.290210566861105,-0.353068062591199,-0.528139212749801,-0.332215631879231,-0.381504799948038,-0.466755627249966,-0.528336188583103,-0.385354301714932,-0.341754096256022,-0.349230575588
0,0,0,0,0,0,0,0,0,0,0,0,0,0,0,0,0,0,0,0,0,0,0,0,0,0,0,0,0,0,0,0,0,0,0,0,0,0,0,0,0,0,0,0,0,0,0,0,0,0,0,0,0,0,0,0,0,0,0,0,0,0,0,0,0,0,0
0,0,0,0,0,0,0,0,0,0,0,0,0,0,0,0,0,0,0,0,0,0,0,0,0,0,0,0,0,0,0,0,0,0,0,0,0,0,0,0,0,0,0,0,0,0,0,0,0,0,0,0,0,0,0,0,0,0,0,0,0,0,0,0,0,0,0
0,0,0,0,0,0,0,0,0,0,0,0,0,0,0,0,0,0,0,0,0,0,0,0,0,0,0,0,0,0,0,0,0,0,0,0,0,0,0,0,0,0,0,0,0,0,0,0,0,0,0,0,0,0,0,0,0,0,0,0,0,0,0,0,0,0,0
-167.077305765295,-200.290616161696,-201.447690590531,-190.659043916418,-198.202007618384,-179.045921132877,-187.655709697292,-222.64801216772,-203.12370411682,-178.871982494597,-199.707888357735,-188.077199093722,-190.390974338514,-234.648292620511,-204.6155876748,-184.847774460313,-189.958175178405,-184.487800893428,-196.304142602621,-190.371619198249,-180.18382184009,-196.299262651822,-213.301158079688,-205.556806417201,-201.122575456386,-203.7048124237,-185.350008197786,-179.952390103764,-194.065464637704,-164.582794334468,-171.108436663256,-172.582501958589,-171.142238189071,-173.805989001794,-182.489267653965,-212.064710341411,-190.047101906909,-193.37859093831,-201.978641934451,-200.100789680139,-202.145480978126,-194.971142842447,-183.325739599845,-202.902293243369,-196.062653647428,-200.391086108398,-201.312718540948,-224.462769853773,-183.762703550104,-189.009450315474,-205.310288674678,-177.930437757601,-177.415106413925,-169.754768722336,-175.607508490034,-209.086256974102,-198.958000436512,-187.726828495721,-209.576655181096,-200.28332921038,-205.153943838811,-186.926185185852,-180.038308644671,-192.518149701852,-184.932584970292,-169.193296847828,-202.011090751767
0,0,0,0,0,0,0,0,0,0,0,0,0,0,0,0,0,0,0,0,0,0,0,0,0,0,0,0,0,0,0,0,0,0,0,0,0,0,0,0,0,0,0,0,0,0,0,0,0,0,0,0,0,0,0,0,0,0,0,0,0,0,0,0,0,0,0
-338.394295923014,-406.842869110765,-410.401301758501,-390.710689934878,-403.73942557969,-364.819939184433,-383.081127070967,-453.531905038098,-414.576264580737,-363.439562479131,-404.793046632079,-384.951031134749,-386.349873311332,-478.381808996747,-415.157794167518,-375.627128493198,-389.552310204724,-376.453825628735,-399.709836101407,-385.58825741183,-365.416816254557,-399.465527771231,-433.232712792948,-419.29218535606,-409.672331831371,-414.812174985911,-376.218077142538,-366.381189027746,-395.196889014516,-336.355323631983,-349.863405632504,-348.424078212759,-346.901325081973,-352.270607245363,-372.520571766197,-428.700132197544,-385.591919493344,-390.521751802913,-410.36139950204,-405.442172341628,-409.747582174502,-390.808947233469,-368.628528343535,-411.39889042369,-401.099363957409,-408.394080029983,-404.939337884301,-457.946369874689,-376.243304756291,-383.992501543557,-417.499560041673,-360.466523044838,-360.619884291575,-342.551002341674,-354.918975345972,-424.188695350711,-405.680126961654,-381.037559200639,-426.241592007957,-406.524585092492,-421.951093018104,-381.135339680325,-367.343296093406,-395.102757227996,-377.51216735068,-336.390390995245,-406.192292090523
0,0,0,0,0,0,0,0,0,0,0,0,0,0,0,0,0,0,0,0,0,0,0,0,0,0,0,0,0,0,0,0,0,0,0,0,0,0,0,0,0,0,0,0,0,0,0,0,0,0,0,0,0,0,0,0,0,0,0,0,0,0,0,0,0,0,0
0,0,0,0,0,0,0,0,0,0,0,0,0,0,0,0,0,0,0,0,0,0,0,0,0,0,0,0,0,0,0,0,0,0,0,0,0,0,0,0,0,0,0,0,0,0,0,0,0,0,0,0,0,0,0,0,0,0,0,0,0,0,0,0,0,0,0
0,0,0,0,0,0,0,0,0,0,0,0,0,0,0,0,0,0,0,0,0,0,0,0,0,0,0,0,0,0,0,0,0,0,0,0,0,0,0,0,0,0,0,0,0,0,0,0,0,0,0,0,0,0,0,0,0,0,0,0,0,0,0,0,0,0,0
0,0,0,0,0,0,0,0,0,0,0,0,0,0,0,0,0,0,0,0,0,0,0,0,0,0,0,0,0,0,0,0,0,0,0,0,0,0,0,0,0,0,0,0,0,0,0,0,0,0,0,0,0,0,0,0,0,0,0,0,0,0,0,0,0,0,0
0,0,0,0,0,0,0,0,0,0,0,0,0,0,0,0,0,0,0,0,0,0,0,0,0,0,0,0,0,0,0,0,0,0,0,0,0,0,0,0,0,0,0,0,0,0,0,0,0,0,0,0,0,0,0,0,0,0,0,0,0,0,0,0,0,0,0
0,0,0,0,0,0,0,0,0,0,0,0,0,0,0,0,0,0,0,0,0,0,0,0,0,0,0,0,0,0,0,0,0,0,0,0,0,0,0,0,0,0,0,0,0,0,0,0,0,0,0,0,0,0,0,0,0,0,0,0,0,0,0,0,0,0,0
0,0,0,0,0,0,0,0,0,0,0,0,0,0,0,0,0,0,0,0,0,0,0,0,0,0,0,0,0,0,0,0,0,0,0,0,0,0,0,0,0,0,0,0,0,0,0,0,0,0,0,0,0,0,0,0,0,0,0,0,0,0,0,0,0,0,0
0,0,0,0,0,0,0,0,0,0,0,0,0,0,0,0,0,0,0,0,0,0,0,0,0,0,0,0,0,0,0,0,0,0,0,0,0,0,0,0,0,0,0,0,0,0,0,0,0,0,0,0,0,0,0,0,0,0,0,0,0,0,0,0,0,0,0
0,0,0,0,0,0,0,0,0,0,0,0,0,0,0,0,0,0,0,0,0,0,0,0,0,0,0,0,0,0,0,0,0,0,0,0,0,0,0,0,0,0,0,0,0,0,0,0,0,0,0,0,0,0,0,0,0,0,0,0,0,0,0,0,0,0,0
0,0,0,0,0,0,0,0,0,0,0,0,0,0,0,0,0,0,0,0,0,0,0,0,0,0,0,0,0,0,0,0,0,0,0,0,0,0,0,0,0,0,0,0,0,0,0,0,0,0,0,0,0,0,0,0,0,0,0,0,0,0,0,0,0,0,0
0,0,0,0,0,0,0,0,0,0,0,0,0,0,0,0,0,0,0,0,0,0,0,0,0,0,0,0,0,0,0,0,0,0,0,0,0,0,0,0,0,0,0,0,0,0,0,0,0,0,0,0,0,0,0,0,0,0,0,0,0,0,0,0,0,0,0
0,0,0,0,0,0,0,0,0,0,0,0,0,0,0,0,0,0,0,0,0,0,0,0,0,0,0,0,0,0,0,0,0,0,0,0,0,0,0,0,0,0,0,0,0,0,0,0,0,0,0,0,0,0,0,0,0,0,0,0,0,0,0,0,0,0,0
0,0,0,0,0,0,0,0,0,0,0,0,0,0,0,0,0,0,0,0,0,0,0,0,0,0,0,0,0,0,0,0,0,0,0,0,0,0,0,0,0,0,0,0,0,0,0,0,0,0,0,0,0,0,0,0,0,0,0,0,0,0,0,0,0,0,0
0,0,0,0,0,0,0,0,0,0,0,0,0,0,0,0,0,0,0,0,0,0,0,0,0,0,0,0,0,0,0,0,0,0,0,0,0,0,0,0,0,0,0,0,0,0,0,0,0,0,0,0,0,0,0,0,0,0,0,0,0,0,0,0,0,0,0
0,0,0,0,0,0,0,0,0,0,0,0,0,0,0,0,0,0,0,0,0,0,0,0,0,0,0,0,0,0,0,0,0,0,0,0,0,0,0,0,0,0,0,0,0,0,0,0,0,0,0,0,0,0,0,0,0,0,0,0,0,0,0,0,0,0,0
0,0,0,0,0,0,0,0,0,0,0,0,0,0,0,0,0,0,0,0,0,0,0,0,0,0,0,0,0,0,0,0,0,0,0,0,0,0,0,0,0,0,0,0,0,0,0,0,0,0,0,0,0,0,0,0,0,0,0,0,0,0,0,0,0,0,0
0,0,0,0,0,0,0,0,0,0,0,0,0,0,0,0,0,0,0,0,0,0,0,0,0,0,0,0,0,0,0,0,0,0,0,0,0,0,0,0,0,0,0,0,0,0,0,0,0,0,0,0,0,0,0,0,0,0,0,0,0,0,0,0,0,0,0
0,0,0,0,0,0,0,0,0,0,0,0,0,0,0,0,0,0,0,0,0,0,0,0,0,0,0,0,0,0,0,0,0,0,0,0,0,0,0,0,0,0,0,0,0,0,0,0,0,0,0,0,0,0,0,0,0,0,0,0,0,0,0,0,0,0,0
0,0,0,0,0,0,0,0,0,0,0,0,0,0,0,0,0,0,0,0,0,0,0,0,0,0,0,0,0,0,0,0,0,0,0,0,0,0,0,0,0,0,0,0,0,0,0,0,0,0,0,0,0,0,0,0,0,0,0,0,0,0,0,0,0,0,0
0,0,0,0,0,0,0,0,0,0,0,0,0,0,0,0,0,0,0,0,0,0,0,0,0,0,0,0,0,0,0,0,0,0,0,0,0,0,0,0,0,0,0,0,0,0,0,0,0,0,0,0,0,0,0,0,0,0,0,0,0,0,0,0,0,0,0
0,0,0,0,0,0,0,0,0,0,0,0,0,0,0,0,0,0,0,0,0,0,0,0,0,0,0,0,0,0,0,0,0,0,0,0,0,0,0,0,0,0,0,0,0,0,0,0,0,0,0,0,0,0,0,0,0,0,0,0,0,0,0,0,0,0,0
0,0,0,0,0,0,0,0,0,0,0,0,0,0,0,0,0,0,0,0,0,0,0,0,0,0,0,0,0,0,0,0,0,0,0,0,0,0,0,0,0,0,0,0,0,0,0,0,0,0,0,0,0,0,0,0,0,0,0,0,0,0,0,0,0,0,0
0,0,0,0,0,0,0,0,0,0,0,0,0,0,0,0,0,0,0,0,0,0,0,0,0,0,0,0,0,0,0,0,0,0,0,0,0,0,0,0,0,0,0,0,0,0,0,0,0,0,0,0,0,0,0,0,0,0,0,0,0,0,0,0,0,0,0
0,0,0,0,0,0,0,0,0,0,0,0,0,0,0,0,0,0,0,0,0,0,0,0,0,0,0,0,0,0,0,0,0,0,0,0,0,0,0,0,0,0,0,0,0,0,0,0,0,0,0,0,0,0,0,0,0,0,0,0,0,0,0,0,0,0,0
0,0,0,0,0,0,0,0,0,0,0,0,0,0,0,0,0,0,0,0,0,0,0,0,0,0,0,0,0,0,0,0,0,0,0,0,0,0,0,0,0,0,0,0,0,0,0,0,0,0,0,0,0,0,0,0,0,0,0,0,0,0,0,0,0,0,0
0,0,0,0,0,0,0,0,0,0,0,0,0,0,0,0,0,0,0,0,0,0,0,0,0,0,0,0,0,0,0,0,0,0,0,0,0,0,0,0,0,0,0,0,0,0,0,0,0,0,0,0,0,0,0,0,0,0,0,0,0,0,0,0,0,0,0
0,0,0,0,0,0,0,0,0,0,0,0,0,0,0,0,0,0,0,0,0,0,0,0,0,0,0,0,0,0,0,0,0,0,0,0,0,0,0,0,0,0,0,0,0,0,0,0,0,0,0,0,0,0,0,0,0,0,0,0,0,0,0,0,0,0,0
0,0,0,0,0,0,0,0,0,0,0,0,0,0,0,0,0,0,0,0,0,0,0,0,0,0,0,0,0,0,0,0,0,0,0,0,0,0,0,0,0,0,0,0,0,0,0,0,0,0,0,0,0,0,0,0,0,0,0,0,0,0,0,0,0,0,0
0,0,0,0,0,0,0,0,0,0,0,0,0,0,0,0,0,0,0,0,0,0,0,0,0,0,0,0,0,0,0,0,0,0,0,0,0,0,0,0,0,0,0,0,0,0,0,0,0,0,0,0,0,0,0,0,0,0,0,0,0,0,0,0,0,0,0
0,0,0,0,0,0,0,0,0,0,0,0,0,0,0,0,0,0,0,0,0,0,0,0,0,0,0,0,0,0,0,0,0,0,0,0,0,0,0,0,0,0,0,0,0,0,0,0,0,0,0,0,0,0,0,0,0,0,0,0,0,0,0,0,0,0,0
0,0,0,0,0,0,0,0,0,0,0,0,0,0,0,0,0,0,0,0,0,0,0,0,0,0,0,0,0,0,0,0,0,0,0,0,0,0,0,0,0,0,0,0,0,0,0,0,0,0,0,0,0,0,0,0,0,0,0,0,0,0,0,0,0,0,0
0,0,0,0,0,0,0,0,0,0,0,0,0,0,0,0,0,0,0,0,0,0,0,0,0,0,0,0,0,0,0,0,0,0,0,0,0,0,0,0,0,0,0,0,0,0,0,0,0,0,0,0,0,0,0,0,0,0,0,0,0,0,0,0,0,0,0
0,0,0,0,0,0,0,0,0,0,0,0,0,0,0,0,0,0,0,0,0,0,0,0,0,0,0,0,0,0,0,0,0,0,0,0,0,0,0,0,0,0,0,0,0,0,0,0,0,0,0,0,0,0,0,0,0,0,0,0,0,0,0,0,0,0,0
0,0,0,0,0,0,0,0,0,0,0,0,0,0,0,0,0,0,0,0,0,0,0,0,0,0,0,0,0,0,0,0,0,0,0,0,0,0,0,0,0,0,0,0,0,0,0,0,0,0,0,0,0,0,0,0,0,0,0,0,0,0,0,0,0,0,0
0,0,0,0,0,0,0,0,0,0,0,0,0,0,0,0,0,0,0,0,0,0,0,0,0,0,0,0,0,0,0,0,0,0,0,0,0,0,0,0,0,0,0,0,0,0,0,0,0,0,0,0,0,0,0,0,0,0,0,0,0,0,0,0,0,0,0
0,0,0,0,0,0,0,0,0,0,0,0,0,0,0,0,0,0,0,0,0,0,0,0,0,0,0,0,0,0,0,0,0,0,0,0,0,0,0,0,0,0,0,0,0,0,0,0,0,0,0,0,0,0,0,0,0,0,0,0,0,0,0,0,0,0,0
0,0,0,0,0,0,0,0,0,0,0,0,0,0,0,0,0,0,0,0,0,0,0,0,0,0,0,0,0,0,0,0,0,0,0,0,0,0,0,0,0,0,0,0,0,0,0,0,0,0,0,0,0,0,0,0,0,0,0,0,0,0,0,0,0,0,0
0,0,0,0,0,0,0,0,0,0,0,0,0,0,0,0,0,0,0,0,0,0,0,0,0,0,0,0,0,0,0,0,0,0,0,0,0,0,0,0,0,0,0,0,0,0,0,0,0,0,0,0,0,0,0,0,0,0,0,0,0,0,0,0,0,0,0
0,0,0,0,0,0,0,0,0,0,0,0,0,0,0,0,0,0,0,0,0,0,0,0,0,0,0,0,0,0,0,0,0,0,0,0,0,0,0,0,0,0,0,0,0,0,0,0,0,0,0,0,0,0,0,0,0,0,0,0,0,0,0,0,0,0,0
0,0,0,0,0,0,0,0,0,0,0,0,0,0,0,0,0,0,0,0,0,0,0,0,0,0,0,0,0,0,0,0,0,0,0,0,0,0,0,0,0,0,0,0,0,0,0,0,0,0,0,0,0,0,0,0,0,0,0,0,0,0,0,0,0,0,0
0,0,0,0,0,0,0,0,0,0,0,0,0,0,0,0,0,0,0,0,0,0,0,0,0,0,0,0,0,0,0,0,0,0,0,0,0,0,0,0,0,0,0,0,0,0,0,0,0,0,0,0,0,0,0,0,0,0,0,0,0,0,0,0,0,0,0
0,0,0,0,0,0,0,0,0,0,0,0,0,0,0,0,0,0,0,0,0,0,0,0,0,0,0,0,0,0,0,0,0,0,0,0,0,0,0,0,0,0,0,0,0,0,0,0,0,0,0,0,0,0,0,0,0,0,0,0,0,0,0,0,0,0,0
0,0,0,0,0,0,0,0,0,0,0,0,0,0,0,0,0,0,0,0,0,0,0,0,0,0,0,0,0,0,0,0,0,0,0,0,0,0,0,0,0,0,0,0,0,0,0,0,0,0,0,0,0,0,0,0,0,0,0,0,0,0,0,0,0,0,0
0,0,0,0,0,0,0,0,0,0,0,0,0,0,0,0,0,0,0,0,0,0,0,0,0,0,0,0,0,0,0,0,0,0,0,0,0,0,0,0,0,0,0,0,0,0,0,0,0,0,0,0,0,0,0,0,0,0,0,0,0,0,0,0,0,0,0
0,0,0,0,0,0,0,0,0,0,0,0,0,0,0,0,0,0,0,0,0,0,0,0,0,0,0,0,0,0,0,0,0,0,0,0,0,0,0,0,0,0,0,0,0,0,0,0,0,0,0,0,0,0,0,0,0,0,0,0,0,0,0,0,0,0,0
0,0,0,0,0,0,0,0,0,0,0,0,0,0,0,0,0,0,0,0,0,0,0,0,0,0,0,0,0,0,0,0,0,0,0,0,0,0,0,0,0,0,0,0,0,0,0,0,0,0,0,0,0,0,0,0,0,0,0,0,0,0,0,0,0,0,0
0,0,0,0,0,0,0,0,0,0,0,0,0,0,0,0,0,0,0,0,0,0,0,0,0,0,0,0,0,0,0,0,0,0,0,0,0,0,0,0,0,0,0,0,0,0,0,0,0,0,0,0,0,0,0,0,0,0,0,0,0,0,0,0,0,0,0
0,0,0,0,0,0,0,0,0,0,0,0,0,0,0,0,0,0,0,0,0,0,0,0,0,0,0,0,0,0,0,0,0,0,0,0,0,0,0,0,0,0,0,0,0,0,0,0,0,0,0,0,0,0,0,0,0,0,0,0,0,0,0,0,0,0,0
-42.0547703032191,-50.9292823569538,-50.8834230969166,-48.7049416898758,-50.2694660094468,-45.4155815457619,-47.5904811755475,-56.5956628762497,-51.6922162836314,-45.2625672273136,-50.3886624124848,-47.8839625610774,-48.4796497088551,-59.5595709376532,-51.8181809969535,-46.8966912136991,-48.4822394952122,-47.0234020028889,-49.8737807952809,-48.2196979531285,-45.3360115377196,-49.7706142013681,-54.4157899139642,-53.2488456971948,-50.8004869206789,-51.6809230254134,-46.6326901911609,-45.5118915113325,-48.843402501731,-41.6338930342569,-43.4217538200811,-43.5727956356352,-43.0340584636868,-43.8163125793535,-46.5777287404161,-53.4517205018209,-48.1421263355744,-49.1168696363698,-51.2174346177042,-50.4505506095558,-51.3038517700539,-48.8183762749264,-46.4402491055113,-51.1090607829019,-49.8198665924831,-50.8762290880942,-50.3121944232164,-57.1760706554952,-47.2800300653468,-48.0079335476724,-51.9820022898772,-45.0844482061508,-44.7307671470925,-42.417432955288,-44.1443561184864,-52.878226428858,-50.2998165898075,-47.4060561372718,-53.157950005308,-50.6115171735996,-52.6766987388297,-47.266707396997,-46.0837589069764,-48.9781024987512,-46.7819586669816,-42.2902364240328,-50.7340090986743
0,0,0,0,0,0,0,0,0,0,0,0,0,0,0,0,0,0,0,0,0,0,0,0,0,0,0,0,0,0,0,0,0,0,0,0,0,0,0,0,0,0,0,0,0,0,0,0,0,0,0,0,0,0,0,0,0,0,0,0,0,0,0,0,0,0,0
0,0,0,0,0,0,0,0,0,0,0,0,0,0,0,0,0,0,0,0,0,0,0,0,0,0,0,0,0,0,0,0,0,0,0,0,0,0,0,0,0,0,0,0,0,0,0,0,0,0,0,0,0,0,0,0,0,0,0,0,0,0,0,0,0,0,0
0,0,0,0,0,0,0,0,0,0,0,0,0,0,0,0,0,0,0,0,0,0,0,0,0,0,0,0,0,0,0,0,0,0,0,0,0,0,0,0,0,0,0,0,0,0,0,0,0,0,0,0,0,0,0,0,0,0,0,0,0,0,0,0,0,0,0
0,0,0,0,0,0,0,0,0,0,0,0,0,0,0,0,0,0,0,0,0,0,0,0,0,0,0,0,0,0,0,0,0,0,0,0,0,0,0,0,0,0,0,0,0,0,0,0,0,0,0,0,0,0,0,0,0,0,0,0,0,0,0,0,0,0,0
0,0,0,0,0,0,0,0,0,0,0,0,0,0,0,0,0,0,0,0,0,0,0,0,0,0,0,0,0,0,0,0,0,0,0,0,0,0,0,0,0,0,0,0,0,0,0,0,0,0,0,0,0,0,0,0,0,0,0,0,0,0,0,0,0,0,0
0,0,0,0,0,0,0,0,0,0,0,0,0,0,0,0,0,0,0,0,0,0,0,0,0,0,0,0,0,0,0,0,0,0,0,0,0,0,0,0,0,0,0,0,0,0,0,0,0,0,0,0,0,0,0,0,0,0,0,0,0,0,0,0,0,0,0
0,0,0,0,0,0,0,0,0,0,0,0,0,0,0,0,0,0,0,0,0,0,0,0,0,0,0,0,0,0,0,0,0,0,0,0,0,0,0,0,0,0,0,0,0,0,0,0,0,0,0,0,0,0,0,0,0,0,0,0,0,0,0,0,0,0,0
-17.3799359053102,-14.4371465427702,-11.4134015931788,-6.73975351015632,-13.1157200429019,-9.23756043900912,-8.30715702040106,-6.73111936988264,-17.5659205990403,-11.4159029299105,-7.35194842344088,-9.19145383963809,-11.9896055952356,-14.6265325880046,-10.3653513125828,-11.6499418411623,-15.2040093626216,-10.5753246600433,-8.80899389055591,-10.1014755965494,-8.64631676298692,-9.85338311985423,-4.40236502276289,-8.64642321378534,-8.04677419221221,-9.7675834781671,-8.90675526110428,-7.74577742964141,-9.45953208411962,-8.31362189568959,-12.6809073746925,-12.9799575933645,-7.48469797836579,-7.64393155283357,-9.10379128211053,-10.9674461521818,-9.1308706702012,-5.87668171451261,-10.0020604349942,-6.67793054659765,-5.33043515158431,-11.9943122697498,-5.85498547859058,-8.10945444299606,-12.4898693992513,-9.63211670040519,-13.0942750882336,-7.08762503446222,-6.66530677614386,-14.1139866826924,-8.05686250429029,-7.87697968335236,-7.86790187087751,-7.64528012886604,-12.9817296799973,-9.49888677656919,-12.3494102444852,-9.96440429166803,-6.00220053103582,-8.39091753803205,-5.96860955553347,-10.5688786310033,-7.3189117171984,-9.4702786714889,-8.22653946840675,-9.40527855454902,-8.36392545109471
0,0,0,0,0,0,0,0,0,0,0,0,0,0,0,0,0,0,0,0,0,0,0,0,0,0,0,0,0,0,0,0,0,0,0,0,0,0,0,0,0,0,0,0,0,0,0,0,0,0,0,0,0,0,0,0,0,0,0,0,0,0,0,0,0,0,0
0,0,0,0,0,0,0,0,0,0,0,0,0,0,0,0,0,0,0,0,0,0,0,0,0,0,0,0,0,0,0,0,0,0,0,0,0,0,0,0,0,0,0,0,0,0,0,0,0,0,0,0,0,0,0,0,0,0,0,0,0,0,0,0,0,0,0
0,0,0,0,0,0,0,0,0,0,0,0,0,0,0,0,0,0,0,0,0,0,0,0,0,0,0,0,0,0,0,0,0,0,0,0,0,0,0,0,0,0,0,0,0,0,0,0,0,0,0,0,0,0,0,0,0,0,0,0,0,0,0,0,0,0,0
0,0,0,0,0,0,0,0,0,0,0,0,0,0,0,0,0,0,0,0,0,0,0,0,0,0,0,0,0,0,0,0,0,0,0,0,0,0,0,0,0,0,0,0,0,0,0,0,0,0,0,0,0,0,0,0,0,0,0,0,0,0,0,0,0,0,0
0,0,0,0,0,0,0,0,0,0,0,0,0,0,0,0,0,0,0,0,0,0,0,0,0,0,0,0,0,0,0,0,0,0,0,0,0,0,0,0,0,0,0,0,0,0,0,0,0,0,0,0,0,0,0,0,0,0,0,0,0,0,0,0,0,0,0
0,0,0,0,0,0,0,0,0,0,0,0,0,0,0,0,0,0,0,0,0,0,0,0,0,0,0,0,0,0,0,0,0,0,0,0,0,0,0,0,0,0,0,0,0,0,0,0,0,0,0,0,0,0,0,0,0,0,0,0,0,0,0,0,0,0,0
0,0,0,0,0,0,0,0,0,0,0,0,0,0,0,0,0,0,0,0,0,0,0,0,0,0,0,0,0,0,0,0,0,0,0,0,0,0,0,0,0,0,0,0,0,0,0,0,0,0,0,0,0,0,0,0,0,0,0,0,0,0,0,0,0,0,0
0,0,0,0,0,0,0,0,0,0,0,0,0,0,0,0,0,0,0,0,0,0,0,0,0,0,0,0,0,0,0,0,0,0,0,0,0,0,0,0,0,0,0,0,0,0,0,0,0,0,0,0,0,0,0,0,0,0,0,0,0,0,0,0,0,0,0
0,0,0,0,0,0,0,0,0,0,0,0,0,0,0,0,0,0,0,0,0,0,0,0,0,0,0,0,0,0,0,0,0,0,0,0,0,0,0,0,0,0,0,0,0,0,0,0,0,0,0,0,0,0,0,0,0,0,0,0,0,0,0,0,0,0,0
-133.690634447751,-160.821994178464,-162.063260993382,-154.328976013972,-159.383858999078,-144.214532036817,-151.269697560948,-179.188408529945,-163.750433379414,-143.60598432588,-159.897253649733,-152.014692811391,-152.451263826011,-189.007429364242,-164.0047282696,-148.321731129498,-153.755773887405,-148.798410335896,-157.927425754771,-152.366366641135,-144.271518794369,-157.703630225418,-171.20712045722,-165.55846724134,-161.831376837014,-163.78491579451,-148.699694279237,-144.619784809707,-156.157305004121,-132.916598888953,-138.133082465561,-137.63654681291,-136.998188297013,-139.18509923927,-147.069581611282,-169.400304091057,-152.32110466992,-154.345261967837,-161.892919198079,-160.096793956674,-161.927660304986,-154.426701455762,-145.593855752725,-162.372926749047,-158.342235470309,-161.274644439893,-159.876921061911,-180.830848823092,-148.544035539638,-151.606045386489,-164.964909699822,-142.297840399792,-142.442729346627,-135.104501526218,-140.232738747725,-167.56527658394,-160.205912040269,-150.527171590057,-168.231783489903,-160.588190296568,-166.69217810518,-150.623508685878,-145.125732551089,-156.0554805958,-149.056770217836,-132.857999693745,-160.356605785352
0,0,0,0,0,0,0,0,0,0,0,0,0,0,0,0,0,0,0,0,0,0,0,0,0,0,0,0,0,0,0,0,0,0,0,0,0,0,0,0,0,0,0,0,0,0,0,0,0,0,0,0,0,0,0,0,0,0,0,0,0,0,0,0,0,0,0
0,0,0,0,0,0,0,0,0,0,0,0,0,0,0,0,0,0,0,0,0,0,0,0,0,0,0,0,0,0,0,0,0,0,0,0,0,0,0,0,0,0,0,0,0,0,0,0,0,0,0,0,0,0,0,0,0,0,0,0,0,0,0,0,0,0,0
0,0,0,0,0,0,0,0,0,0,0,0,0,0,0,0,0,0,0,0,0,0,0,0,0,0,0,0,0,0,0,0,0,0,0,0,0,0,0,0,0,0,0,0,0,0,0,0,0,0,0,0,0,0,0,0,0,0,0,0,0,0,0,0,0,0,0
0,0,0,0,0,0,0,0,0,0,0,0,0,0,0,0,0,0,0,0,0,0,0,0,0,0,0,0,0,0,0,0,0,0,0,0,0,0,0,0,0,0,0,0,0,0,0,0,0,0,0,0,0,0,0,0,0,0,0,0,0,0,0,0,0,0,0
0,0,0,0,0,0,0,0,0,0,0,0,0,0,0,0,0,0,0,0,0,0,0,0,0,0,0,0,0,0,0,0,0,0,0,0,0,0,0,0,0,0,0,0,0,0,0,0,0,0,0,0,0,0,0,0,0,0,0,0,0,0,0,0,0,0,0
0,0,0,0,0,0,0,0,0,0,0,0,0,0,0,0,0,0,0,0,0,0,0,0,0,0,0,0,0,0,0,0,0,0,0,0,0,0,0,0,0,0,0,0,0,0,0,0,0,0,0,0,0,0,0,0,0,0,0,0,0,0,0,0,0,0,0
0,0,0,0,0,0,0,0,0,0,0,0,0,0,0,0,0,0,0,0,0,0,0,0,0,0,0,0,0,0,0,0,0,0,0,0,0,0,0,0,0,0,0,0,0,0,0,0,0,0,0,0,0,0,0,0,0,0,0,0,0,0,0,0,0,0,0
0,0,0,0,0,0,0,0,0,0,0,0,0,0,0,0,0,0,0,0,0,0,0,0,0,0,0,0,0,0,0,0,0,0,0,0,0,0,0,0,0,0,0,0,0,0,0,0,0,0,0,0,0,0,0,0,0,0,0,0,0,0,0,0,0,0,0
0,0,0,0,0,0,0,0,0,0,0,0,0,0,0,0,0,0,0,0,0,0,0,0,0,0,0,0,0,0,0,0,0,0,0,0,0,0,0,0,0,0,0,0,0,0,0,0,0,0,0,0,0,0,0,0,0,0,0,0,0,0,0,0,0,0,0
0,0,0,0,0,0,0,0,0,0,0,0,0,0,0,0,0,0,0,0,0,0,0,0,0,0,0,0,0,0,0,0,0,0,0,0,0,0,0,0,0,0,0,0,0,0,0,0,0,0,0,0,0,0,0,0,0,0,0,0,0,0,0,0,0,0,0
0,0,0,0,0,0,0,0,0,0,0,0,0,0,0,0,0,0,0,0,0,0,0,0,0,0,0,0,0,0,0,0,0,0,0,0,0,0,0,0,0,0,0,0,0,0,0,0,0,0,0,0,0,0,0,0,0,0,0,0,0,0,0,0,0,0,0
0,0,0,0,0,0,0,0,0,0,0,0,0,0,0,0,0,0,0,0,0,0,0,0,0,0,0,0,0,0,0,0,0,0,0,0,0,0,0,0,0,0,0,0,0,0,0,0,0,0,0,0,0,0,0,0,0,0,0,0,0,0,0,0,0,0,0
0,0,0,0,0,0,0,0,0,0,0,0,0,0,0,0,0,0,0,0,0,0,0,0,0,0,0,0,0,0,0,0,0,0,0,0,0,0,0,0,0,0,0,0,0,0,0,0,0,0,0,0,0,0,0,0,0,0,0,0,0,0,0,0,0,0,0
0,0,0,0,0,0,0,0,0,0,0,0,0,0,0,0,0,0,0,0,0,0,0,0,0,0,0,0,0,0,0,0,0,0,0,0,0,0,0,0,0,0,0,0,0,0,0,0,0,0,0,0,0,0,0,0,0,0,0,0,0,0,0,0,0,0,0
0,0,0,0,0,0,0,0,0,0,0,0,0,0,0,0,0,0,0,0,0,0,0,0,0,0,0,0,0,0,0,0,0,0,0,0,0,0,0,0,0,0,0,0,0,0,0,0,0,0,0,0,0,0,0,0,0,0,0,0,0,0,0,0,0,0,0
0,0,0,0,0,0,0,0,0,0,0,0,0,0,0,0,0,0,0,0,0,0,0,0,0,0,0,0,0,0,0,0,0,0,0,0,0,0,0,0,0,0,0,0,0,0,0,0,0,0,0,0,0,0,0,0,0,0,0,0,0,0,0,0,0,0,0
0,0,0,0,0,0,0,0,0,0,0,0,0,0,0,0,0,0,0,0,0,0,0,0,0,0,0,0,0,0,0,0,0,0,0,0,0,0,0,0,0,0,0,0,0,0,0,0,0,0,0,0,0,0,0,0,0,0,0,0,0,0,0,0,0,0,0
0,0,0,0,0,0,0,0,0,0,0,0,0,0,0,0,0,0,0,0,0,0,0,0,0,0,0,0,0,0,0,0,0,0,0,0,0,0,0,0,0,0,0,0,0,0,0,0,0,0,0,0,0,0,0,0,0,0,0,0,0,0,0,0,0,0,0
0,0,0,0,0,0,0,0,0,0,0,0,0,0,0,0,0,0,0,0,0,0,0,0,0,0,0,0,0,0,0,0,0,0,0,0,0,0,0,0,0,0,0,0,0,0,0,0,0,0,0,0,0,0,0,0,0,0,0,0,0,0,0,0,0,0,0
0,0,0,0,0,0,0,0,0,0,0,0,0,0,0,0,0,0,0,0,0,0,0,0,0,0,0,0,0,0,0,0,0,0,0,0,0,0,0,0,0,0,0,0,0,0,0,0,0,0,0,0,0,0,0,0,0,0,0,0,0,0,0,0,0,0,0
0,0,0,0,0,0,0,0,0,0,0,0,0,0,0,0,0,0,0,0,0,0,0,0,0,0,0,0,0,0,0,0,0,0,0,0,0,0,0,0,0,0,0,0,0,0,0,0,0,0,0,0,0,0,0,0,0,0,0,0,0,0,0,0,0,0,0
0,0,0,0,0,0,0,0,0,0,0,0,0,0,0,0,0,0,0,0,0,0,0,0,0,0,0,0,0,0,0,0,0,0,0,0,0,0,0,0,0,0,0,0,0,0,0,0,0,0,0,0,0,0,0,0,0,0,0,0,0,0,0,0,0,0,0
0,0,0,0,0,0,0,0,0,0,0,0,0,0,0,0,0,0,0,0,0,0,0,0,0,0,0,0,0,0,0,0,0,0,0,0,0,0,0,0,0,0,0,0,0,0,0,0,0,0,0,0,0,0,0,0,0,0,0,0,0,0,0,0,0,0,0
0,0,0,0,0,0,0,0,0,0,0,0,0,0,0,0,0,0,0,0,0,0,0,0,0,0,0,0,0,0,0,0,0,0,0,0,0,0,0,0,0,0,0,0,0,0,0,0,0,0,0,0,0,0,0,0,0,0,0,0,0,0,0,0,0,0,0
0,0,0,0,0,0,0,0,0,0,0,0,0,0,0,0,0,0,0,0,0,0,0,0,0,0,0,0,0,0,0,0,0,0,0,0,0,0,0,0,0,0,0,0,0,0,0,0,0,0,0,0,0,0,0,0,0,0,0,0,0,0,0,0,0,0,0
0,0,0,0,0,0,0,0,0,0,0,0,0,0,0,0,0,0,0,0,0,0,0,0,0,0,0,0,0,0,0,0,0,0,0,0,0,0,0,0,0,0,0,0,0,0,0,0,0,0,0,0,0,0,0,0,0,0,0,0,0,0,0,0,0,0,0
0,0,0,0,0,0,0,0,0,0,0,0,0,0,0,0,0,0,0,0,0,0,0,0,0,0,0,0,0,0,0,0,0,0,0,0,0,0,0,0,0,0,0,0,0,0,0,0,0,0,0,0,0,0,0,0,0,0,0,0,0,0,0,0,0,0,0
0,0,0,0,0,0,0,0,0,0,0,0,0,0,0,0,0,0,0,0,0,0,0,0,0,0,0,0,0,0,0,0,0,0,0,0,0,0,0,0,0,0,0,0,0,0,0,0,0,0,0,0,0,0,0,0,0,0,0,0,0,0,0,0,0,0,0
0,0,0,0,0,0,0,0,0,0,0,0,0,0,0,0,0,0,0,0,0,0,0,0,0,0,0,0,0,0,0,0,0,0,0,0,0,0,0,0,0,0,0,0,0,0,0,0,0,0,0,0,0,0,0,0,0,0,0,0,0,0,0,0,0,0,0
0,0,0,0,0,0,0,0,0,0,0,0,0,0,0,0,0,0,0,0,0,0,0,0,0,0,0,0,0,0,0,0,0,0,0,0,0,0,0,0,0,0,0,0,0,0,0,0,0,0,0,0,0,0,0,0,0,0,0,0,0,0,0,0,0,0,0
0,0,0,0,0,0,0,0,0,0,0,0,0,0,0,0,0,0,0,0,0,0,0,0,0,0,0,0,0,0,0,0,0,0,0,0,0,0,0,0,0,0,0,0,0,0,0,0,0,0,0,0,0,0,0,0,0,0,0,0,0,0,0,0,0,0,0
0,0,0,0,0,0,0,0,0,0,0,0,0,0,0,0,0,0,0,0,0,0,0,0,0,0,0,0,0,0,0,0,0,0,0,0,0,0,0,0,0,0,0,0,0,0,0,0,0,0,0,0,0,0,0,0,0,0,0,0,0,0,0,0,0,0,0
0,0,0,0,0,0,0,0,0,0,0,0,0,0,0,0,0,0,0,0,0,0,0,0,0,0,0,0,0,0,0,0,0,0,0,0,0,0,0,0,0,0,0,0,0,0,0,0,0,0,0,0,0,0,0,0,0,0,0,0,0,0,0,0,0,0,0
-0.52628,-0.52628,-0.52628,-0.52628,-0.52628,-0.52628,-0.52628,-0.52628,-0.52628,-0.52628,-0.52628,-0.52628,-0.52628,-0.52628,-0.52628,-0.52628,-0.52628,-0.52628,-0.52628,-0.52628,-0.52628,-0.52628,-0.52628,-0.52628,-0.52628,-0.52628,-0.52628,-0.52628,-0.52628,-0.52628,-0.52628,-0.52628,-0.52628,-0.52628,-0.52628,-0.52628,-0.52628,-0.52628,-0.52628,-0.52628,-0.52628,-0.52628,-0.52628,-0.52628,-0.52628,-0.52628,-0.52628,-0.52628,-0.52628,-0.52628,-0.52628,-0.52628,-0.52628,-0.52628,-0.52628,-0.52628,-0.52628,-0.52628,-0.52628,-0.52628,-0.52628,-0.52628,-0.52628,-0.52628,-0.52628,-0.52628,-0.52628
0,0,0,0,0,0,0,0,0,0,0,0,0,0,0,0,0,0,0,0,0,0,0,0,0,0,0,0,0,0,0,0,0,0,0,0,0,0,0,0,0,0,0,0,0,0,0,0,0,0,0,0,0,0,0,0,0,0,0,0,0,0,0,0,0,0,0
0,0,0,0,0,0,0,0,0,0,0,0,0,0,0,0,0,0,0,0,0,0,0,0,0,0,0,0,0,0,0,0,0,0,0,0,0,0,0,0,0,0,0,0,0,0,0,0,0,0,0,0,0,0,0,0,0,0,0,0,0,0,0,0,0,0,0
0,0,0,0,0,0,0,0,0,0,0,0,0,0,0,0,0,0,0,0,0,0,0,0,0,0,0,0,0,0,0,0,0,0,0,0,0,0,0,0,0,0,0,0,0,0,0,0,0,0,0,0,0,0,0,0,0,0,0,0,0,0,0,0,0,0,0
0,0,0,0,0,0,0,0,0,0,0,0,0,0,0,0,0,0,0,0,0,0,0,0,0,0,0,0,0,0,0,0,0,0,0,0,0,0,0,0,0,0,0,0,0,0,0,0,0,0,0,0,0,0,0,0,0,0,0,0,0,0,0,0,0,0,0
0,0,0,0,0,0,0,0,0,0,0,0,0,0,0,0,0,0,0,0,0,0,0,0,0,0,0,0,0,0,0,0,0,0,0,0,0,0,0,0,0,0,0,0,0,0,0,0,0,0,0,0,0,0,0,0,0,0,0,0,0,0,0,0,0,0,0
0,0,0,0,0,0,0,0,0,0,0,0,0,0,0,0,0,0,0,0,0,0,0,0,0,0,0,0,0,0,0,0,0,0,0,0,0,0,0,0,0,0,0,0,0,0,0,0,0,0,0,0,0,0,0,0,0,0,0,0,0,0,0,0,0,0,0
0,0,0,0,0,0,0,0,0,0,0,0,0,0,0,0,0,0,0,0,0,0,0,0,0,0,0,0,0,0,0,0,0,0,0,0,0,0,0,0,0,0,0,0,0,0,0,0,0,0,0,0,0,0,0,0,0,0,0,0,0,0,0,0,0,0,0
0,0,0,0,0,0,0,0,0,0,0,0,0,0,0,0,0,0,0,0,0,0,0,0,0,0,0,0,0,0,0,0,0,0,0,0,0,0,0,0,0,0,0,0,0,0,0,0,0,0,0,0,0,0,0,0,0,0,0,0,0,0,0,0,0,0,0
0,0,0,0,0,0,0,0,0,0,0,0,0,0,0,0,0,0,0,0,0,0,0,0,0,0,0,0,0,0,0,0,0,0,0,0,0,0,0,0,0,0,0,0,0,0,0,0,0,0,0,0,0,0,0,0,0,0,0,0,0,0,0,0,0,0,0
0,0,0,0,0,0,0,0,0,0,0,0,0,0,0,0,0,0,0,0,0,0,0,0,0,0,0,0,0,0,0,0,0,0,0,0,0,0,0,0,0,0,0,0,0,0,0,0,0,0,0,0,0,0,0,0,0,0,0,0,0,0,0,0,0,0,0
-0.42916,-0.42916,-0.42916,-0.42916,-0.42916,-0.42916,-0.42916,-0.42916,-0.42916,-0.42916,-0.42916,-0.42916,-0.42916,-0.42916,-0.42916,-0.42916,-0.42916,-0.42916,-0.42916,-0.42916,-0.42916,-0.42916,-0.42916,-0.42916,-0.42916,-0.42916,-0.42916,-0.42916,-0.42916,-0.42916,-0.42916,-0.42916,-0.42916,-0.42916,-0.42916,-0.42916,-0.42916,-0.42916,-0.42916,-0.42916,-0.42916,-0.42916,-0.42916,-0.42916,-0.42916,-0.42916,-0.42916,-0.42916,-0.42916,-0.42916,-0.42916,-0.42916,-0.42916,-0.42916,-0.42916,-0.42916,-0.42916,-0.42916,-0.42916,-0.42916,-0.42916,-0.42916,-0.42916,-0.42916,-0.42916,-0.42916,-0.42916
-0.72193,-0.72193,-0.72193,-0.72193,-0.72193,-0.72193,-0.72193,-0.72193,-0.72193,-0.72193,-0.72193,-0.72193,-0.72193,-0.72193,-0.72193,-0.72193,-0.72193,-0.72193,-0.72193,-0.72193,-0.72193,-0.72193,-0.72193,-0.72193,-0.72193,-0.72193,-0.72193,-0.72193,-0.72193,-0.72193,-0.72193,-0.72193,-0.72193,-0.72193,-0.72193,-0.72193,-0.72193,-0.72193,-0.72193,-0.72193,-0.72193,-0.72193,-0.72193,-0.72193,-0.72193,-0.72193,-0.72193,-0.72193,-0.72193,-0.72193,-0.72193,-0.72193,-0.72193,-0.72193,-0.72193,-0.72193,-0.72193,-0.72193,-0.72193,-0.72193,-0.72193,-0.72193,-0.72193,-0.72193,-0.72193,-0.72193,-0.72193
-0.42798,-0.42798,-0.42798,-0.42798,-0.42798,-0.42798,-0.42798,-0.42798,-0.42798,-0.42798,-0.42798,-0.42798,-0.42798,-0.42798,-0.42798,-0.42798,-0.42798,-0.42798,-0.42798,-0.42798,-0.42798,-0.42798,-0.42798,-0.42798,-0.42798,-0.42798,-0.42798,-0.42798,-0.42798,-0.42798,-0.42798,-0.42798,-0.42798,-0.42798,-0.42798,-0.42798,-0.42798,-0.42798,-0.42798,-0.42798,-0.42798,-0.42798,-0.42798,-0.42798,-0.42798,-0.42798,-0.42798,-0.42798,-0.42798,-0.42798,-0.42798,-0.42798,-0.42798,-0.42798,-0.42798,-0.42798,-0.42798,-0.42798,-0.42798,-0.42798,-0.42798,-0.42798,-0.42798,-0.42798,-0.42798,-0.42798,-0.42798
-0.39378,-0.39378,-0.39378,-0.39378,-0.39378,-0.39378,-0.39378,-0.39378,-0.39378,-0.39378,-0.39378,-0.39378,-0.39378,-0.39378,-0.39378,-0.39378,-0.39378,-0.39378,-0.39378,-0.39378,-0.39378,-0.39378,-0.39378,-0.39378,-0.39378,-0.39378,-0.39378,-0.39378,-0.39378,-0.39378,-0.39378,-0.39378,-0.39378,-0.39378,-0.39378,-0.39378,-0.39378,-0.39378,-0.39378,-0.39378,-0.39378,-0.39378,-0.39378,-0.39378,-0.39378,-0.39378,-0.39378,-0.39378,-0.39378,-0.39378,-0.39378,-0.39378,-0.39378,-0.39378,-0.39378,-0.39378,-0.39378,-0.39378,-0.39378,-0.39378,-0.39378,-0.39378,-0.39378,-0.39378,-0.39378,-0.39378,-0.39378
-0.73455,-0.73455,-0.73455,-0.73455,-0.73455,-0.73455,-0.73455,-0.73455,-0.73455,-0.73455,-0.73455,-0.73455,-0.73455,-0.73455,-0.73455,-0.73455,-0.73455,-0.73455,-0.73455,-0.73455,-0.73455,-0.73455,-0.73455,-0.73455,-0.73455,-0.73455,-0.73455,-0.73455,-0.73455,-0.73455,-0.73455,-0.73455,-0.73455,-0.73455,-0.73455,-0.73455,-0.73455,-0.73455,-0.73455,-0.73455,-0.73455,-0.73455,-0.73455,-0.73455,-0.73455,-0.73455,-0.73455,-0.73455,-0.73455,-0.73455,-0.73455,-0.73455,-0.73455,-0.73455,-0.73455,-0.73455,-0.73455,-0.73455,-0.73455,-0.73455,-0.73455,-0.73455,-0.73455,-0.73455,-0.73455,-0.73455,-0.73455
0,0,0,0,0,0,0,0,0,0,0,0,0,0,0,0,0,0,0,0,0,0,0,0,0,0,0,0,0,0,0,0,0,0,0,0,0,0,0,0,0,0,0,0,0,0,0,0,0,0,0,0,0,0,0,0,0,0,0,0,0,0,0,0,0,0,0
0,0,0,0,0,0,0,0,0,0,0,0,0,0,0,0,0,0,0,0,0,0,0,0,0,0,0,0,0,0,0,0,0,0,0,0,0,0,0,0,0,0,0,0,0,0,0,0,0,0,0,0,0,0,0,0,0,0,0,0,0,0,0,0,0,0,0
0,0,0,0,0,0,0,0,0,0,0,0,0,0,0,0,0,0,0,0,0,0,0,0,0,0,0,0,0,0,0,0,0,0,0,0,0,0,0,0,0,0,0,0,0,0,0,0,0,0,0,0,0,0,0,0,0,0,0,0,0,0,0,0,0,0,0
-286.070910876636,-344.173938641818,-346.951397409499,-330.33700097673,-341.39188651673,-308.583514613024,-323.864242811788,-383.508421714746,-350.406039832175,-307.491475235582,-342.51318715018,-325.554970101027,-326.453797256668,-404.454872610931,-351.028096148828,-317.645709932419,-329.404826827802,-318.266152008696,-337.917007075311,-325.98260901685,-309.024892613413,-337.783281988473,-366.258558222022,-354.498030356834,-346.538245346015,-350.712668980202,-318.124521130791,-309.80706286128,-334.140169037063,-284.480624019781,-295.679341683336,-294.478855789844,-293.315631423944,-297.828056200846,-314.948599158907,-362.412349863168,-326.000064352576,-330.135276907538,-346.868041215562,-342.800567004513,-346.45039116994,-330.629435198929,-311.509212702977,-347.804512345808,-339.043291084492,-345.26517496333,-342.257878046424,-387.221762946986,-318.161318715526,-324.67660606731,-353.043815986001,-304.731628484143,-304.892371855799,-289.659170362105,-300.10959135774,-358.653812511621,-342.987180738837,-322.213580309568,-360.456218471337,-343.821013995509,-356.786556774245,-322.192154428352,-310.649910252386,-334.131678573488,-319.163110501079,-284.388066684964,-343.41607182486
-117.912109658488,-131.75519006198,-162.406514088601,-116.609347871038,-110.73008443643,-106.985042488388,-128.980936357905,-210.244398780747,-156.291394849922,-110.623995078396,-151.006851311365,-120.885133470155,-144.870226775155,-175.427938809842,-142.534743513266,-133.52032584182,-145.990258534942,-154.34241981714,-165.685234060705,-204.569380537637,-124.310157250961,-125.663184262616,-247.126106268972,-246.939821106549,-139.84737195362,-125.651907171957,-113.998155089337,-113.272497739211,-111.473573728703,-109.091437403769,-105.915986076691,-136.240460948555,-113.335289783781,-129.096543957901,-124.422051002365,-141.981641237508,-138.374437674461,-183.760620026596,-130.915272109513,-131.376013242286,-185.225669470315,-137.214974627864,-165.09326099038,-140.958827816222,-117.179552859379,-139.38501077686,-142.647741104464,-178.016146974141,-188.139436659327,-147.148272360758,-134.443688194236,-130.41217430507,-124.193143243097,-101.83978040574,-119.712963717132,-178.356953477764,-119.675167392273,-99.6427935382118,-147.454765073091,-138.804240968007,-124.752911237235,-117.192943788576,-152.222896323845,-129.909958881798,-108.853594740005,-144.63009257092,-137.930475804152
-129.562907133978,-155.471255557879,-157.247056522219,-148.728291124012,-154.286101383918,-139.030443097066,-146.240811862824,-173.727602067785,-158.902649147965,-138.527101684489,-154.614968599354,-146.614333529725,-148.150421541051,-183.163530825717,-159.107227145796,-143.284730966929,-148.561060138436,-144.014800464973,-153.852669495872,-148.653034428776,-139.590721346832,-152.702476494738,-167.686826201194,-161.022618733312,-156.341319764923,-158.648738895072,-143.457746553522,-139.644681363442,-150.411751899996,-128.247575972027,-133.311248618126,-133.583778642405,-132.661103159322,-134.606329141635,-141.927756019443,-164.485980486011,-147.379201274052,-150.082838603915,-156.673503490196,-154.79782134084,-157.688011818435,-149.252738320184,-141.756169987992,-158.132500284498,-152.868335853429,-156.227589341785,-154.936656012454,-175.74683073082,-145.147142711728,-147.457476237276,-159.175197359864,-137.639616951414,-137.658576054473,-130.931966592065,-135.640306348557,-162.862909514471,-154.468628860851,-145.095016559691,-162.387964021296,-155.494108061792,-160.660631219276,-145.096343405099,-141.594254783093,-151.046702701205,-143.911517150855,-130.397134211812,-154.778964189714
0,0,0,0,0,0,0,0,0,0,0,0,0,0,0,0,0,0,0,0,0,0,0,0,0,0,0,0,0,0,0,0,0,0,0,0,0,0,0,0,0,0,0,0,0,0,0,0,0,0,0,0,0,0,0,0,0,0,0,0,0,0,0,0,0,0,0
0,0,0,0,0,0,0,0,0,0,0,0,0,0,0,0,0,0,0,0,0,0,0,0,0,0,0,0,0,0,0,0,0,0,0,0,0,0,0,0,0,0,0,0,0,0,0,0,0,0,0,0,0,0,0,0,0,0,0,0,0,0,0,0,0,0,0
-41.2350065371739,-49.580542866532,-50.0147026886201,-47.6163216885252,-49.1960463419518,-44.4616943894561,-46.6818901864794,-55.2699217079257,-50.5140667518167,-44.2943527332684,-49.336174634143,-46.9083587184139,-47.0495706521924,-58.2943681759542,-50.5978881936617,-45.7754370273948,-47.4683872179746,-45.8782292498263,-48.7098082293363,-46.9800348246282,-44.5351842180525,-48.6824411223556,-52.7997686586749,-51.1007874760725,-49.9318168659588,-50.5329503022575,-45.8533010770367,-44.6453980570061,-48.1650268606136,-40.988990472174,-42.6211906112153,-42.447026280331,-42.2763526243633,-42.9265435217471,-45.3962021229199,-52.2378773238559,-46.9960623658695,-47.5929042290539,-49.9985133868744,-49.4121659582639,-49.9344552681846,-47.630991008035,-44.9044070179953,-50.126777468896,-48.875490469641,-49.7688417395766,-49.3311610715203,-55.8142628226099,-45.8518342337695,-46.7812260417057,-50.8722939604865,-43.9226663257219,-43.952066294392,-41.7408646436512,-43.2531777065518,-51.6910452042258,-49.4340118462788,-46.4398781596838,-51.9461071148031,-49.52426032241,-51.4154577678666,-46.4405771231163,-44.7633572214383,-48.1505548587457,-46.0031591409311,-40.9942019290967,-49.4873636142651
0,0,0,0,0,0,0,0,0,0,0,0,0,0,0,0,0,0,0,0,0,0,0,0,0,0,0,0,0,0,0,0,0,0,0,0,0,0,0,0,0,0,0,0,0,0,0,0,0,0,0,0,0,0,0,0,0,0,0,0,0,0,0,0,0,0,0
0,0,0,0,0,0,0,0,0,0,0,0,0,0,0,0,0,0,0,0,0,0,0,0,0,0,0,0,0,0,0,0,0,0,0,0,0,0,0,0,0,0,0,0,0,0,0,0,0,0,0,0,0,0,0,0,0,0,0,0,0,0,0,0,0,0,0
0,0,0,0,0,0,0,0,0,0,0,0,0,0,0,0,0,0,0,0,0,0,0,0,0,0,0,0,0,0,0,0,0,0,0,0,0,0,0,0,0,0,0,0,0,0,0,0,0,0,0,0,0,0,0,0,0,0,0,0,0,0,0,0,0,0,0
0,0,0,0,0,0,0,0,0,0,0,0,0,0,0,0,0,0,0,0,0,0,0,0,0,0,0,0,0,0,0,0,0,0,0,0,0,0,0,0,0,0,0,0,0,0,0,0,0,0,0,0,0,0,0,0,0,0,0,0,0,0,0,0,0,0,0
0,0,0,0,0,0,0,0,0,0,0,0,0,0,0,0,0,0,0,0,0,0,0,0,0,0,0,0,0,0,0,0,0,0,0,0,0,0,0,0,0,0,0,0,0,0,0,0,0,0,0,0,0,0,0,0,0,0,0,0,0,0,0,0,0,0,0
0,0,0,0,0,0,0,0,0,0,0,0,0,0,0,0,0,0,0,0,0,0,0,0,0,0,0,0,0,0,0,0,0,0,0,0,0,0,0,0,0,0,0,0,0,0,0,0,0,0,0,0,0,0,0,0,0,0,0,0,0,0,0,0,0,0,0
0,0,0,0,0,0,0,0,0,0,0,0,0,0,0,0,0,0,0,0,0,0,0,0,0,0,0,0,0,0,0,0,0,0,0,0,0,0,0,0,0,0,0,0,0,0,0,0,0,0,0,0,0,0,0,0,0,0,0,0,0,0,0,0,0,0,0
-111.505682546779,-134.086796713884,-135.152778106573,-128.665337750258,-133.187885263033,-120.203661313665,-126.264875806594,-149.446285692218,-136.555709634024,-119.69237374618,-133.437351473323,-126.808415303069,-127.277960787992,-157.692527667239,-136.841875001729,-123.759323882689,-128.334483559005,-124.013740347763,-131.639434905969,-126.998710246449,-120.40249425571,-131.568819655051,-142.711889527694,-138.139725880061,-134.949374192434,-136.6458413968,-123.92883086301,-120.667586047446,-130.209965148304,-110.852562676127,-115.264639364394,-114.785544043817,-114.332551957675,-116.007054947093,-122.752117118825,-141.225873102097,-127.03975651036,-128.644569677801,-135.148989575828,-133.600777635635,-135.01040179206,-128.730481421298,-121.415728050127,-135.584363378603,-132.088573420648,-134.556933533381,-133.373984182422,-150.875054491019,-123.989546334458,-126.51132813859,-137.50573405421,-118.730679230452,-118.821522743442,-112.939118400533,-116.920198067086,-139.695326728723,-133.617993912543,-125.525744342434,-140.369768755936,-133.940866517987,-138.951810170033,-125.524997850338,-121.001856918523,-130.248742679962,-124.326534843965,-110.831986559621,-133.748180878634
0,0,0,0,0,0,0,0,0,0,0,0,0,0,0,0,0,0,0,0,0,0,0,0,0,0,0,0,0,0,0,0,0,0,0,0,0,0,0,0,0,0,0,0,0,0,0,0,0,0,0,0,0,0,0,0,0,0,0,0,0,0,0,0,0,0,0
-197.001969324816,-236.895457935353,-238.880522385865,-227.421152599265,-235.108335439341,-212.421233618256,-223.052632657339,-264.048544734748,-241.306662880011,-211.576611982966,-235.708480586181,-224.068722249606,-224.798664260242,-278.534858324944,-241.743477150754,-218.68977401359,-226.773760717926,-219.170919121807,-232.649725948674,-224.422008363538,-212.737942802404,-232.527418324319,-252.19574247253,-244.119454041195,-238.494895847625,-241.399874596265,-219.028991724003,-213.269524665824,-230.077735116688,-195.835452309837,-203.632747608117,-202.794773828763,-202.008216829091,-205.035781140843,-216.859882467909,-249.518954854589,-224.49141926094,-227.338189794439,-238.815025251866,-236.082958613449,-238.563380222296,-227.508026240117,-214.507895603655,-239.522144045511,-233.43480675715,-237.752065658986,-235.663428020185,-266.610593844443,-219.067795059661,-223.518638880361,-243.01294018104,-209.821486178681,-209.949444753128,-199.455220950072,-206.594379003725,-246.908328792848,-236.133387849788,-221.83121483457,-248.074370648034,-236.551683238444,-245.581168377279,-221.817421788827,-213.807873272734,-230.093711132296,-219.727761335497,-195.837745593296,-236.363266475858
0,0,0,0,0,0,0,0,0,0,0,0,0,0,0,0,0,0,0,0,0,0,0,0,0,0,0,0,0,0,0,0,0,0,0,0,0,0,0,0,0,0,0,0,0,0,0,0,0,0,0,0,0,0,0,0,0,0,0,0,0,0,0,0,0,0,0
0,0,0,0,0,0,0,0,0,0,0,0,0,0,0,0,0,0,0,0,0,0,0,0,0,0,0,0,0,0,0,0,0,0,0,0,0,0,0,0,0,0,0,0,0,0,0,0,0,0,0,0,0,0,0,0,0,0,0,0,0,0,0,0,0,0,0
0,0,0,0,0,0,0,0,0,0,0,0,0,0,0,0,0,0,0,0,0,0,0,0,0,0,0,0,0,0,0,0,0,0,0,0,0,0,0,0,0,0,0,0,0,0,0,0,0,0,0,0,0,0,0,0,0,0,0,0,0,0,0,0,0,0,0
-82.6397990539803,-99.7043885160925,-100.494159307641,-95.5686035958952,-99.0787916463391,-88.9328418783427,-93.853291461673,-110.900520212386,-101.510447122346,-88.9843138206029,-99.2215803163627,-94.2471664438609,-94.6915376161844,-117.227222072436,-101.656454710044,-91.9547477200031,-95.3315088063928,-92.1717810673194,-98.0663624494039,-94.6109488028662,-89.3937418803635,-97.5369925902452,-106.43852780118,-103.005617553813,-100.344623752361,-101.409282461764,-91.8681211478536,-89.5404581988505,-96.4240457186367,-82.2481891152419,-85.3462045393923,-85.2914252974458,-84.726238172619,-86.3799896253977,-90.931111059631,-104.826012286362,-94.3024187955483,-95.8090355640657,-100.089613493414,-99.2086451302389,-101.076681239794,-95.7617067883757,-90.6245610913197,-100.937679870238,-97.90605747141,-99.7365365932048,-98.9719547322399,-112.052730748528,-92.1453421542234,-94.2101254273034,-102.565997507198,-88.4205989526415,-88.0698622773816,-84.1332190982,-87.1570613370398,-103.893047498456,-99.5481484675371,-93.013644749991,-104.008627775606,-99.2471622206404,-103.069073992512,-93.0322990182929,-90.2542223339859,-96.7147696917685,-92.0932158344149,-82.5856047604272,-99.3919917909088
0,0,0,0,0,0,0,0,0,0,0,0,0,0,0,0,0,0,0,0,0,0,0,0,0,0,0,0,0,0,0,0,0,0,0,0,0,0,0,0,0,0,0,0,0,0,0,0,0,0,0,0,0,0,0,0,0,0,0,0,0,0,0,0,0,0,0
0,0,0,0,0,0,0,0,0,0,0,0,0,0,0,0,0,0,0,0,0,0,0,0,0,0,0,0,0,0,0,0,0,0,0,0,0,0,0,0,0,0,0,0,0,0,0,0,0,0,0,0,0,0,0,0,0,0,0,0,0,0,0,0,0,0,0
0,0,0,0,0,0,0,0,0,0,0,0,0,0,0,0,0,0,0,0,0,0,0,0,0,0,0,0,0,0,0,0,0,0,0,0,0,0,0,0,0,0,0,0,0,0,0,0,0,0,0,0,0,0,0,0,0,0,0,0,0,0,0,0,0,0,0
-21.9175884183822,-25.942408084376,-25.9349494876488,-24.7740069625814,-26.5143209442549,-22.8278482960454,-24.7906543748542,-28.7368661214307,-26.8169956707014,-22.73075911272,-25.6875933577597,-24.1257638475765,-24.382486682724,-30.7668798915524,-26.6480652471343,-24.0680990238564,-24.3127235217596,-23.9607009888574,-25.2008086425541,-24.7574832085959,-22.8624286736568,-25.1840464165452,-27.6395542026916,-27.1240355462715,-25.9007479273385,-25.7813581913168,-23.4993815873679,-23.0994268758344,-24.8257997937755,-21.1103785361323,-22.1154611440374,-22.3240476101478,-22.2797193799176,-22.2543387558211,-23.7366328218467,-27.3188541903358,-24.5868240736857,-24.6867490880627,-26.0462180131054,-25.6319028720129,-26.4409320466955,-24.5047569944857,-24.052325746958,-26.2863675547481,-25.2508684096089,-25.9373084330742,-25.6056315762354,-28.9081242449167,-24.143616398511,-24.7061285554987,-26.7828037632504,-23.3644440730777,-22.7242088554423,-23.1003467238082,-22.5987155170681,-26.9406860914434,-25.8770386999511,-23.9248953563406,-26.9445081864092,-25.7350183640208,-26.7387650451193,-23.9307366211066,-22.9695652144166,-25.4829390404828,-23.5253565650157,-21.7905724392349,-25.5360040019061
0,0,0,0,0,0,0,0,0,0,0,0,0,0,0,0,0,0,0,0,0,0,0,0,0,0,0,0,0,0,0,0,0,0,0,0,0,0,0,0,0,0,0,0,0,0,0,0,0,0,0,0,0,0,0,0,0,0,0,0,0,0,0,0,0,0,0
-58.4461970168125,-70.2847613534028,-70.8423095134847,-67.2886370840538,-70.1653739830532,-62.8724540215642,-66.1717301332898,-78.3831418482102,-71.6026261881075,-62.7694992667077,-69.9684989713614,-66.3904994503916,-66.5846440440772,-82.7571216288758,-71.736507230903,-65.0325163946421,-67.3483466184228,-64.894657934514,-69.0503103649209,-66.6866621797883,-63.0136076924471,-68.8887923255083,-74.9480680116358,-72.5794740224533,-70.8082309777956,-71.5014878008463,-64.8624231818976,-63.2812484330887,-68.1929534571429,-58.1731088703307,-60.3118935294185,-60.2056499080527,-59.9893159999724,-60.6893813588096,-64.3060876465742,-73.9406026392162,-66.540246143391,-67.4171244981558,-70.8100097646191,-70.0493058132114,-71.0223323267176,-67.4219460420186,-63.7121704173785,-71.2013833944839,-69.1498615372655,-70.5761695462523,-69.8456139975756,-78.9991500704593,-65.0532809887971,-66.4329125139666,-72.0816169548105,-62.2229721767522,-62.3320241384394,-59.2737092689278,-61.1962801776522,-73.3033370219286,-70.1163281982347,-65.7303159583876,-73.4208160813032,-70.1262991370499,-72.785610079076,-65.5911243122961,-63.527971085186,-68.300742619289,-65.0690043203499,-58.2091089868361,-69.9819586646062
0,0,0,0,0,0,0,0,0,0,0,0,0,0,0,0,0,0,0,0,0,0,0,0,0,0,0,0,0,0,0,0,0,0,0,0,0,0,0,0,0,0,0,0,0,0,0,0,0,0,0,0,0,0,0,0,0,0,0,0,0,0,0,0,0,0,0
-181.440492315223,-218.128211263366,-220.012401400286,-209.449150939563,-216.494569896054,-195.620225130575,-205.392212962482,-243.155046331393,-222.215017415908,-194.871089153317,-217.106598312118,-206.348377594728,-207.046883588202,-256.503514112417,-222.61200994413,-201.398108843913,-208.83836591015,-201.821252140975,-214.279359905501,-206.676958192486,-195.919302026272,-214.156306965627,-232.281017229684,-224.849482290001,-219.653678846052,-222.347223200303,-201.69278291853,-196.404816179843,-211.884112305708,-180.360322610364,-187.53622166472,-186.765974563614,-185.995932656035,-188.811763359726,-199.736567936847,-229.783884738962,-206.731784776782,-209.385902221177,-219.915269689832,-217.317692039247,-219.702700798547,-209.518385948342,-197.558526365968,-220.555372365748,-214.98002853137,-218.949413958367,-217.021828854363,-245.512963391659,-201.780647874673,-205.879510234881,-223.798018442408,-193.237499929229,-193.357629976105,-183.675752668738,-190.263241452704,-227.366184274943,-217.47275556597,-204.277940768146,-228.509334151804,-217.879045492487,-226.178920378904,-204.295126925068,-196.947329314168,-211.851941304409,-202.365037615082,-180.383204047,-217.671985296196
0,0,0,0,0,0,0,0,0,0,0,0,0,0,0,0,0,0,0,0,0,0,0,0,0,0,0,0,0,0,0,0,0,0,0,0,0,0,0,0,0,0,0,0,0,0,0,0,0,0,0,0,0,0,0,0,0,0,0,0,0,0,0,0,0,0,0
0,0,0,0,0,0,0,0,0,0,0,0,0,0,0,0,0,0,0,0,0,0,0,0,0,0,0,0,0,0,0,0,0,0,0,0,0,0,0,0,0,0,0,0,0,0,0,0,0,0,0,0,0,0,0,0,0,0,0,0,0,0,0,0,0,0,0
0,0,0,0,0,0,0,0,0,0,0,0,0,0,0,0,0,0,0,0,0,0,0,0,0,0,0,0,0,0,0,0,0,0,0,0,0,0,0,0,0,0,0,0,0,0,0,0,0,0,0,0,0,0,0,0,0,0,0,0,0,0,0,0,0,0,0
0,0,0,0,0,0,0,0,0,0,0,0,0,0,0,0,0,0,0,0,0,0,0,0,0,0,0,0,0,0,0,0,0,0,0,0,0,0,0,0,0,0,0,0,0,0,0,0,0,0,0,0,0,0,0,0,0,0,0,0,0,0,0,0,0,0,0
0,0,0,0,0,0,0,0,0,0,0,0,0,0,0,0,0,0,0,0,0,0,0,0,0,0,0,0,0,0,0,0,0,0,0,0,0,0,0,0,0,0,0,0,0,0,0,0,0,0,0,0,0,0,0,0,0,0,0,0,0,0,0,0,0,0,0
0,0,0,0,0,0,0,0,0,0,0,0,0,0,0,0,0,0,0,0,0,0,0,0,0,0,0,0,0,0,0,0,0,0,0,0,0,0,0,0,0,0,0,0,0,0,0,0,0,0,0,0,0,0,0,0,0,0,0,0,0,0,0,0,0,0,0
0,0,0,0,0,0,0,0,0,0,0,0,0,0,0,0,0,0,0,0,0,0,0,0,0,0,0,0,0,0,0,0,0,0,0,0,0,0,0,0,0,0,0,0,0,0,0,0,0,0,0,0,0,0,0,0,0,0,0,0,0,0,0,0,0,0,0
0,0,0,0,0,0,0,0,0,0,0,0,0,0,0,0,0,0,0,0,0,0,0,0,0,0,0,0,0,0,0,0,0,0,0,0,0,0,0,0,0,0,0,0,0,0,0,0,0,0,0,0,0,0,0,0,0,0,0,0,0,0,0,0,0,0,0
0,0,0,0,0,0,0,0,0,0,0,0,0,0,0,0,0,0,0,0,0,0,0,0,0,0,0,0,0,0,0,0,0,0,0,0,0,0,0,0,0,0,0,0,0,0,0,0,0,0,0,0,0,0,0,0,0,0,0,0,0,0,0,0,0,0,0
0,0,0,0,0,0,0,0,0,0,0,0,0,0,0,0,0,0,0,0,0,0,0,0,0,0,0,0,0,0,0,0,0,0,0,0,0,0,0,0,0,0,0,0,0,0,0,0,0,0,0,0,0,0,0,0,0,0,0,0,0,0,0,0,0,0,0
0,0,0,0,0,0,0,0,0,0,0,0,0,0,0,0,0,0,0,0,0,0,0,0,0,0,0,0,0,0,0,0,0,0,0,0,0,0,0,0,0,0,0,0,0,0,0,0,0,0,0,0,0,0,0,0,0,0,0,0,0,0,0,0,0,0,0
0,0,0,0,0,0,0,0,0,0,0,0,0,0,0,0,0,0,0,0,0,0,0,0,0,0,0,0,0,0,0,0,0,0,0,0,0,0,0,0,0,0,0,0,0,0,0,0,0,0,0,0,0,0,0,0,0,0,0,0,0,0,0,0,0,0,0
0,0,0,0,0,0,0,0,0,0,0,0,0,0,0,0,0,0,0,0,0,0,0,0,0,0,0,0,0,0,0,0,0,0,0,0,0,0,0,0,0,0,0,0,0,0,0,0,0,0,0,0,0,0,0,0,0,0,0,0,0,0,0,0,0,0,0
